contact_id,account_id,collector_id,contact_date,outcome,promise_due_date,promise_amount_cents
1,1,4,2026-06-13,RPC,,
2,1,4,2026-06-03,Wrong number,,
3,1,4,2026-04-14,No answer,,
4,1,4,2026-05-14,No answer,,
5,2,1,2026-04-11,No answer,,
6,2,1,2026-02-26,No answer,,
7,2,1,2026-03-02,No answer,,
8,3,4,2026-05-20,PTP,2026-06-03,10000
9,3,4,2026-03-12,RPC,,
10,4,5,2026-06-14,No answer,,
11,4,5,2026-06-08,RPC,,
12,4,5,2026-06-24,Wrong number,,
13,4,5,2026-05-31,PTP,2026-06-14,10000
14,5,3,2026-06-15,No answer,,
15,5,3,2026-05-06,No answer,,
16,6,1,2026-05-11,No answer,,
17,6,1,2026-03-26,No answer,,
18,6,1,2026-05-13,RPC,,
19,6,1,2026-02-16,RPC,,
20,6,1,2026-03-26,RPC,,
21,6,1,2026-06-29,No answer,,
22,6,1,2026-03-31,RPC,,
23,7,1,2026-04-27,RPC,,
24,7,1,2026-06-25,No answer,,
25,7,1,2026-04-26,Wrong number,,
26,7,1,2026-05-02,No answer,,
27,7,1,2026-06-03,RPC,,
28,7,1,2026-05-05,No answer,,
29,7,1,2026-05-31,RPC,,
30,9,6,2026-06-15,No answer,,
31,9,6,2026-06-30,RPC,,
32,9,6,2026-06-25,Wrong number,,
33,10,4,2026-06-28,Wrong number,,
34,10,4,2026-04-20,PTP,2026-05-04,10000
35,12,2,2026-04-28,No answer,,
36,12,2,2026-06-09,RPC,,
37,12,2,2026-06-08,PTP,2026-06-22,10000
38,12,2,2026-06-19,No answer,,
39,12,2,2026-01-03,Wrong number,,
40,12,2,2026-04-17,No answer,,
41,12,2,2026-05-17,RPC,,
42,12,2,2026-05-19,RPC,,
43,13,6,2026-02-12,No answer,,
44,13,6,2026-06-12,Wrong number,,
45,13,6,2026-04-05,No answer,,
46,13,6,2026-04-16,No answer,,
47,13,6,2026-04-18,No answer,,
48,13,6,2026-03-08,PTP,2026-03-22,10000
49,13,6,2026-03-03,No answer,,
50,13,6,2026-01-25,RPC,,
51,14,4,2026-06-23,RPC,,
52,14,4,2026-06-02,PTP,2026-06-16,10000
53,14,4,2026-02-02,RPC,,
54,14,4,2026-01-19,No answer,,
55,14,4,2026-06-03,No answer,,
56,14,4,2026-01-20,RPC,,
57,15,5,2026-03-22,No answer,,
58,15,5,2026-05-24,No answer,,
59,15,5,2026-06-27,RPC,,
60,15,5,2026-06-07,RPC,,
61,15,5,2026-04-24,No answer,,
62,15,5,2026-06-15,No answer,,
63,16,6,2026-03-21,RPC,,
64,16,6,2026-04-18,RPC,,
65,16,6,2026-06-27,PTP,2026-07-11,10000
66,16,6,2026-05-02,RPC,,
67,16,6,2026-04-14,No answer,,
68,16,6,2026-03-31,RPC,,
69,17,2,2026-05-06,No answer,,
70,18,6,2026-05-24,RPC,,
71,18,6,2026-04-21,No answer,,
72,18,6,2026-05-01,No answer,,
73,18,6,2026-06-18,Wrong number,,
74,18,6,2026-05-30,No answer,,
75,18,6,2026-04-19,No answer,,
76,18,6,2026-04-19,Wrong number,,
77,19,1,2026-04-15,RPC,,
78,19,1,2026-04-15,No answer,,
79,19,1,2026-05-02,No answer,,
80,19,1,2026-04-12,No answer,,
81,19,1,2026-05-19,No answer,,
82,19,1,2026-05-02,No answer,,
83,19,1,2026-04-03,No answer,,
84,19,1,2026-04-25,RPC,,
85,20,4,2026-06-27,RPC,,
86,20,4,2026-06-04,No answer,,
87,20,4,2026-06-28,RPC,,
88,20,4,2026-06-17,PTP,2026-07-01,10000
89,20,4,2026-05-15,No answer,,
90,20,4,2026-06-14,RPC,,
91,21,3,2026-05-28,No answer,,
92,21,3,2026-06-01,No answer,,
93,21,3,2026-04-13,Wrong number,,
94,21,3,2026-04-08,RPC,,
95,21,3,2026-02-27,PTP,2026-03-13,10000
96,22,4,2026-06-11,No answer,,
97,22,4,2026-06-08,No answer,,
98,22,4,2026-05-15,RPC,,
99,22,4,2026-06-13,No answer,,
100,22,4,2026-05-23,No answer,,
101,22,4,2026-06-06,No answer,,
102,23,5,2026-06-20,Wrong number,,
103,23,5,2026-04-23,No answer,,
104,23,5,2026-05-14,RPC,,
105,23,5,2026-05-28,No answer,,
106,23,5,2026-06-30,No answer,,
107,24,4,2026-05-11,Wrong number,,
108,24,4,2026-06-18,Wrong number,,
109,24,4,2026-06-25,No answer,,
110,24,4,2026-05-30,No answer,,
111,25,3,2026-06-04,PTP,2026-06-18,10000
112,25,3,2026-05-14,No answer,,
113,25,3,2026-06-24,No answer,,
114,25,3,2026-05-28,No answer,,
115,26,4,2026-06-17,No answer,,
116,26,4,2026-05-09,No answer,,
117,26,4,2026-03-23,No answer,,
118,26,4,2026-05-20,RPC,,
119,26,4,2026-04-05,PTP,2026-04-19,10000
120,26,4,2026-04-25,Wrong number,,
121,26,4,2026-04-03,No answer,,
122,27,2,2026-04-23,RPC,,
123,27,2,2026-05-15,No answer,,
124,27,2,2026-06-13,No answer,,
125,27,2,2026-05-17,No answer,,
126,27,2,2026-04-28,Wrong number,,
127,27,2,2026-06-27,No answer,,
128,28,4,2026-06-08,No answer,,
129,28,4,2026-05-09,RPC,,
130,28,4,2026-06-12,No answer,,
131,28,4,2026-06-19,RPC,,
132,28,4,2026-05-02,PTP,2026-05-16,10000
133,28,4,2026-06-08,No answer,,
134,29,1,2026-05-10,RPC,,
135,29,1,2026-06-14,No answer,,
136,30,4,2026-03-24,No answer,,
137,30,4,2026-05-31,RPC,,
138,31,4,2026-06-03,No answer,,
139,31,4,2026-06-13,No answer,,
140,31,4,2026-04-30,No answer,,
141,31,4,2026-05-07,No answer,,
142,31,4,2026-05-08,No answer,,
143,31,4,2026-05-30,Wrong number,,
144,31,4,2026-06-04,Wrong number,,
145,32,1,2026-04-15,RPC,,
146,32,1,2026-02-06,No answer,,
147,32,1,2026-04-28,RPC,,
148,33,1,2026-03-16,RPC,,
149,33,1,2026-02-07,Wrong number,,
150,34,5,2026-05-25,PTP,2026-06-08,10000
151,35,3,2026-05-17,RPC,,
152,35,3,2026-06-05,No answer,,
153,35,3,2026-06-28,RPC,,
154,35,3,2026-06-08,No answer,,
155,35,3,2026-04-25,RPC,,
156,37,6,2026-05-05,No answer,,
157,37,6,2026-05-13,RPC,,
158,37,6,2026-05-30,No answer,,
159,37,6,2026-04-06,No answer,,
160,37,6,2026-06-20,No answer,,
161,37,6,2026-05-28,RPC,,
162,37,6,2026-02-05,No answer,,
163,37,6,2026-05-21,No answer,,
164,38,4,2026-03-22,RPC,,
165,38,4,2026-04-21,No answer,,
166,38,4,2026-05-13,No answer,,
167,38,4,2026-05-16,RPC,,
168,39,4,2026-02-12,No answer,,
169,40,5,2026-02-07,No answer,,
170,40,5,2026-02-11,RPC,,
171,40,5,2026-02-15,No answer,,
172,40,5,2026-04-24,RPC,,
173,40,5,2026-02-24,No answer,,
174,40,5,2026-02-23,RPC,,
175,40,5,2026-02-25,No answer,,
176,41,5,2026-05-30,RPC,,
177,41,5,2026-06-02,RPC,,
178,41,5,2026-06-18,No answer,,
179,42,2,2026-06-29,RPC,,
180,42,2,2026-05-26,RPC,,
181,42,2,2026-04-23,RPC,,
182,43,5,2026-05-07,No answer,,
183,43,5,2026-05-21,RPC,,
184,43,5,2026-03-28,Wrong number,,
185,43,5,2026-03-20,PTP,2026-04-03,10000
186,43,5,2026-04-28,No answer,,
187,43,5,2026-05-30,No answer,,
188,43,5,2026-05-27,RPC,,
189,44,1,2026-06-02,No answer,,
190,44,1,2026-06-15,Wrong number,,
191,44,1,2026-05-27,No answer,,
192,44,1,2026-05-26,No answer,,
193,44,1,2026-06-04,Wrong number,,
194,44,1,2026-05-10,No answer,,
195,45,5,2026-06-04,RPC,,
196,45,5,2026-06-12,RPC,,
197,45,5,2026-03-29,No answer,,
198,45,5,2026-05-15,RPC,,
199,45,5,2026-04-20,No answer,,
200,45,5,2026-04-01,PTP,2026-04-15,10000
201,46,5,2026-02-01,No answer,,
202,46,5,2026-04-28,Wrong number,,
203,47,3,2026-04-11,Wrong number,,
204,47,3,2026-04-10,RPC,,
205,47,3,2026-05-20,RPC,,
206,47,3,2026-05-10,No answer,,
207,47,3,2026-04-23,No answer,,
208,47,3,2026-06-25,Wrong number,,
209,48,3,2026-05-21,No answer,,
210,48,3,2026-04-24,No answer,,
211,48,3,2026-04-09,Wrong number,,
212,48,3,2026-06-27,No answer,,
213,48,3,2026-05-16,No answer,,
214,48,3,2026-05-15,No answer,,
215,48,3,2026-04-14,Wrong number,,
216,49,6,2026-05-30,RPC,,
217,50,1,2026-06-23,RPC,,
218,50,1,2026-05-19,No answer,,
219,50,1,2026-05-23,PTP,2026-06-06,10000
220,50,1,2026-06-28,No answer,,
221,53,1,2026-06-03,PTP,2026-06-17,10000
222,53,1,2026-02-27,Wrong number,,
223,53,1,2026-06-15,No answer,,
224,53,1,2026-05-17,No answer,,
225,53,1,2026-02-21,No answer,,
226,54,3,2026-05-29,No answer,,
227,54,3,2026-02-22,PTP,2026-03-08,10000
228,54,3,2026-03-09,RPC,,
229,54,3,2026-03-02,No answer,,
230,54,3,2026-03-17,No answer,,
231,55,1,2026-04-24,RPC,,
232,55,1,2026-04-02,No answer,,
233,55,1,2026-06-17,No answer,,
234,55,1,2026-06-20,RPC,,
235,55,1,2026-03-27,No answer,,
236,55,1,2026-05-02,No answer,,
237,55,1,2026-06-21,No answer,,
238,56,5,2026-06-12,RPC,,
239,56,5,2026-05-03,No answer,,
240,56,5,2026-04-15,RPC,,
241,56,5,2026-04-19,No answer,,
242,56,5,2026-04-09,RPC,,
243,56,5,2026-04-30,No answer,,
244,56,5,2026-05-23,No answer,,
245,58,6,2026-01-27,PTP,2026-02-10,10000
246,59,5,2026-03-01,No answer,,
247,59,5,2026-05-07,RPC,,
248,59,5,2026-01-21,RPC,,
249,60,4,2026-04-04,RPC,,
250,60,4,2026-06-14,Wrong number,,
251,60,4,2026-03-06,PTP,2026-03-20,10000
252,60,4,2026-06-12,RPC,,
253,60,4,2026-05-04,Wrong number,,
254,60,4,2026-05-05,No answer,,
255,60,4,2026-05-15,Wrong number,,
256,60,4,2026-04-22,No answer,,
257,61,5,2026-02-16,No answer,,
258,61,5,2026-06-24,No answer,,
259,61,5,2026-05-23,RPC,,
260,62,5,2026-04-16,PTP,2026-04-30,10000
261,62,5,2026-01-22,RPC,,
262,62,5,2026-04-15,RPC,,
263,62,5,2026-06-08,No answer,,
264,62,5,2026-03-04,RPC,,
265,63,3,2026-05-10,No answer,,
266,64,5,2026-04-10,RPC,,
267,64,5,2026-06-23,RPC,,
268,65,1,2026-04-02,No answer,,
269,65,1,2026-06-16,No answer,,
270,65,1,2026-04-05,No answer,,
271,65,1,2026-05-04,No answer,,
272,65,1,2026-04-13,RPC,,
273,66,6,2026-05-14,RPC,,
274,66,6,2026-06-11,RPC,,
275,67,2,2026-06-05,RPC,,
276,67,2,2026-05-31,RPC,,
277,67,2,2026-06-16,No answer,,
278,67,2,2026-06-11,No answer,,
279,67,2,2026-05-30,No answer,,
280,68,1,2026-02-22,RPC,,
281,68,1,2026-06-24,RPC,,
282,68,1,2026-03-26,No answer,,
283,68,1,2026-02-15,RPC,,
284,68,1,2026-02-05,No answer,,
285,68,1,2026-04-19,No answer,,
286,69,3,2026-02-03,No answer,,
287,69,3,2026-03-10,RPC,,
288,69,3,2026-05-18,No answer,,
289,69,3,2026-02-21,No answer,,
290,69,3,2026-03-16,No answer,,
291,69,3,2026-06-17,RPC,,
292,69,3,2026-06-14,No answer,,
293,72,6,2026-06-01,No answer,,
294,73,2,2026-06-19,No answer,,
295,73,2,2026-04-20,No answer,,
296,73,2,2026-05-22,RPC,,
297,73,2,2026-05-30,PTP,2026-06-13,10000
298,74,1,2026-06-23,RPC,,
299,74,1,2026-03-04,Wrong number,,
300,74,1,2026-06-23,Wrong number,,
301,74,1,2026-05-12,RPC,,
302,74,1,2026-05-18,No answer,,
303,74,1,2026-06-29,RPC,,
304,75,2,2026-03-06,PTP,2026-03-20,10000
305,75,2,2026-06-05,No answer,,
306,75,2,2026-03-23,RPC,,
307,75,2,2026-04-21,No answer,,
308,75,2,2026-03-03,No answer,,
309,75,2,2026-05-26,Wrong number,,
310,76,4,2026-03-25,Wrong number,,
311,77,5,2026-04-06,No answer,,
312,77,5,2026-06-30,RPC,,
313,78,4,2026-05-30,No answer,,
314,78,4,2026-05-21,No answer,,
315,78,4,2026-06-14,RPC,,
316,78,4,2026-04-25,PTP,2026-05-09,10000
317,79,3,2026-03-24,No answer,,
318,80,5,2026-05-05,No answer,,
319,80,5,2026-06-18,No answer,,
320,80,5,2026-06-21,RPC,,
321,80,5,2026-04-18,No answer,,
322,80,5,2026-05-10,RPC,,
323,80,5,2026-05-16,No answer,,
324,80,5,2026-04-21,PTP,2026-05-05,10000
325,80,5,2026-05-10,No answer,,
326,81,4,2026-05-22,No answer,,
327,81,4,2026-05-27,No answer,,
328,81,4,2026-06-23,No answer,,
329,82,3,2026-05-25,No answer,,
330,82,3,2026-06-27,RPC,,
331,82,3,2026-06-04,RPC,,
332,82,3,2026-06-05,RPC,,
333,82,3,2026-06-08,RPC,,
334,82,3,2026-06-23,No answer,,
335,83,2,2026-03-08,RPC,,
336,83,2,2026-03-22,RPC,,
337,83,2,2026-06-16,No answer,,
338,85,5,2026-05-15,No answer,,
339,85,5,2026-05-28,RPC,,
340,85,5,2026-05-28,No answer,,
341,85,5,2026-06-25,PTP,2026-07-09,10000
342,85,5,2026-06-21,No answer,,
343,85,5,2026-05-20,Wrong number,,
344,85,5,2026-05-26,RPC,,
345,86,6,2026-05-21,No answer,,
346,86,6,2026-06-06,No answer,,
347,86,6,2026-04-18,Wrong number,,
348,86,6,2026-06-26,RPC,,
349,86,6,2026-05-27,RPC,,
350,86,6,2026-05-12,RPC,,
351,86,6,2026-06-13,PTP,2026-06-27,10000
352,87,3,2026-06-24,No answer,,
353,87,3,2026-05-17,No answer,,
354,87,3,2026-05-11,No answer,,
355,87,3,2026-05-14,No answer,,
356,87,3,2026-06-15,No answer,,
357,88,1,2026-06-15,No answer,,
358,88,1,2026-02-13,RPC,,
359,88,1,2026-03-10,No answer,,
360,88,1,2026-03-23,No answer,,
361,88,1,2026-06-25,RPC,,
362,88,1,2026-05-28,No answer,,
363,90,2,2026-06-20,RPC,,
364,90,2,2026-06-16,No answer,,
365,92,2,2026-04-21,RPC,,
366,92,2,2026-05-07,No answer,,
367,92,2,2026-04-06,No answer,,
368,93,1,2026-05-02,No answer,,
369,93,1,2026-06-15,PTP,2026-06-29,10000
370,93,1,2026-05-02,RPC,,
371,93,1,2026-05-21,No answer,,
372,93,1,2026-04-13,No answer,,
373,93,1,2026-05-10,No answer,,
374,93,1,2026-04-17,RPC,,
375,93,1,2026-04-05,No answer,,
376,94,2,2026-06-18,No answer,,
377,94,2,2026-05-22,RPC,,
378,94,2,2026-06-07,PTP,2026-06-21,10000
379,94,2,2026-06-24,No answer,,
380,94,2,2026-01-11,No answer,,
381,94,2,2026-02-04,No answer,,
382,96,6,2026-06-19,RPC,,
383,96,6,2026-04-24,No answer,,
384,96,6,2026-04-01,No answer,,
385,96,6,2026-06-04,No answer,,
386,96,6,2026-04-21,RPC,,
387,96,6,2026-04-13,No answer,,
388,96,6,2026-05-10,No answer,,
389,96,6,2026-03-24,Wrong number,,
390,97,3,2026-03-23,RPC,,
391,98,1,2026-06-17,No answer,,
392,98,1,2026-05-25,No answer,,
393,98,1,2026-05-10,No answer,,
394,98,1,2026-05-18,RPC,,
395,99,6,2026-06-21,RPC,,
396,100,6,2026-03-31,No answer,,
397,100,6,2026-04-15,No answer,,
398,100,6,2026-04-29,No answer,,
399,100,6,2026-04-11,RPC,,
400,100,6,2026-05-05,RPC,,
401,101,2,2026-06-04,No answer,,
402,101,2,2026-05-20,RPC,,
403,101,2,2026-02-19,RPC,,
404,101,2,2026-03-17,No answer,,
405,101,2,2026-06-16,No answer,,
406,101,2,2026-05-28,No answer,,
407,101,2,2026-02-28,No answer,,
408,102,6,2026-05-16,RPC,,
409,103,3,2026-06-22,No answer,,
410,103,3,2026-03-26,No answer,,
411,103,3,2026-05-06,No answer,,
412,103,3,2026-04-16,PTP,2026-04-30,10000
413,103,3,2026-03-11,Wrong number,,
414,103,3,2026-05-14,RPC,,
415,103,3,2026-04-25,RPC,,
416,104,4,2026-05-04,No answer,,
417,105,1,2026-06-13,Wrong number,,
418,105,1,2026-06-30,No answer,,
419,105,1,2026-06-15,RPC,,
420,105,1,2026-05-30,No answer,,
421,105,1,2026-06-06,No answer,,
422,105,1,2026-06-14,RPC,,
423,105,1,2026-06-10,Wrong number,,
424,106,1,2026-05-08,RPC,,
425,107,4,2026-03-01,PTP,2026-03-15,10000
426,107,4,2026-03-21,RPC,,
427,107,4,2026-06-13,No answer,,
428,107,4,2026-06-27,No answer,,
429,107,4,2026-06-25,No answer,,
430,107,4,2026-03-02,Wrong number,,
431,108,5,2026-05-22,No answer,,
432,108,5,2026-06-03,PTP,2026-06-17,10000
433,108,5,2026-06-17,RPC,,
434,108,5,2026-05-08,No answer,,
435,108,5,2026-06-25,No answer,,
436,108,5,2026-06-30,RPC,,
437,109,2,2026-06-23,Wrong number,,
438,109,2,2026-06-11,RPC,,
439,111,3,2026-06-02,No answer,,
440,111,3,2026-05-10,No answer,,
441,111,3,2026-06-07,RPC,,
442,112,2,2026-06-17,No answer,,
443,112,2,2026-06-13,PTP,2026-06-27,10000
444,112,2,2026-05-27,No answer,,
445,112,2,2026-06-09,No answer,,
446,112,2,2026-06-21,RPC,,
447,112,2,2026-06-16,RPC,,
448,113,6,2026-06-13,No answer,,
449,115,5,2026-04-08,No answer,,
450,115,5,2026-05-26,No answer,,
451,115,5,2026-05-02,No answer,,
452,115,5,2026-04-15,RPC,,
453,115,5,2026-04-30,No answer,,
454,115,5,2026-04-15,PTP,2026-04-29,10000
455,115,5,2026-06-06,Wrong number,,
456,115,5,2026-05-29,RPC,,
457,116,6,2026-01-13,RPC,,
458,116,6,2026-03-26,No answer,,
459,116,6,2026-02-01,No answer,,
460,117,1,2026-05-29,PTP,2026-06-12,10000
461,118,1,2026-06-21,RPC,,
462,118,1,2026-06-14,RPC,,
463,118,1,2026-05-22,RPC,,
464,119,4,2026-02-22,No answer,,
465,120,1,2026-04-30,No answer,,
466,120,1,2026-04-24,RPC,,
467,120,1,2026-05-13,No answer,,
468,120,1,2026-06-06,RPC,,
469,120,1,2026-06-10,RPC,,
470,120,1,2026-03-11,RPC,,
471,121,5,2026-04-30,RPC,,
472,121,5,2026-01-26,No answer,,
473,121,5,2026-06-04,No answer,,
474,121,5,2026-04-29,RPC,,
475,121,5,2026-06-07,No answer,,
476,121,5,2026-06-30,No answer,,
477,123,5,2026-06-22,PTP,2026-07-06,10000
478,123,5,2026-06-28,No answer,,
479,123,5,2026-06-07,No answer,,
480,124,1,2026-05-30,No answer,,
481,124,1,2026-03-18,No answer,,
482,124,1,2026-05-19,No answer,,
483,124,1,2026-04-17,No answer,,
484,125,3,2026-04-13,RPC,,
485,125,3,2026-04-10,RPC,,
486,125,3,2026-03-21,Wrong number,,
487,125,3,2026-04-17,RPC,,
488,125,3,2026-04-25,No answer,,
489,125,3,2026-04-11,No answer,,
490,125,3,2026-03-30,RPC,,
491,126,3,2026-06-23,Wrong number,,
492,126,3,2026-05-14,RPC,,
493,126,3,2026-05-02,RPC,,
494,126,3,2026-05-09,RPC,,
495,128,5,2026-06-02,No answer,,
496,128,5,2026-06-28,Wrong number,,
497,129,4,2026-06-20,Wrong number,,
498,129,4,2026-05-12,No answer,,
499,130,6,2026-06-17,No answer,,
500,130,6,2026-06-07,Wrong number,,
501,130,6,2026-06-17,No answer,,
502,130,6,2026-06-23,RPC,,
503,131,1,2026-06-27,No answer,,
504,131,1,2026-06-10,RPC,,
505,131,1,2026-01-30,Wrong number,,
506,131,1,2026-04-17,PTP,2026-05-01,10000
507,131,1,2026-03-09,Wrong number,,
508,131,1,2026-04-11,RPC,,
509,132,4,2026-04-08,Wrong number,,
510,132,4,2026-05-04,No answer,,
511,132,4,2026-04-22,No answer,,
512,133,4,2026-06-02,No answer,,
513,133,4,2026-03-13,RPC,,
514,133,4,2026-05-16,No answer,,
515,133,4,2026-02-11,No answer,,
516,133,4,2026-03-13,No answer,,
517,133,4,2026-06-11,No answer,,
518,133,4,2026-06-26,No answer,,
519,134,2,2026-05-28,RPC,,
520,134,2,2026-03-30,RPC,,
521,134,2,2026-06-22,No answer,,
522,135,5,2026-06-24,No answer,,
523,135,5,2026-04-17,RPC,,
524,135,5,2026-04-20,No answer,,
525,135,5,2026-06-15,Wrong number,,
526,135,5,2026-06-05,Wrong number,,
527,135,5,2026-04-13,No answer,,
528,135,5,2026-06-21,No answer,,
529,135,5,2026-06-14,Wrong number,,
530,136,5,2026-04-20,No answer,,
531,136,5,2026-05-04,RPC,,
532,136,5,2026-04-08,No answer,,
533,136,5,2026-06-28,Wrong number,,
534,136,5,2026-04-19,No answer,,
535,136,5,2026-05-03,RPC,,
536,136,5,2026-01-22,No answer,,
537,136,5,2026-05-20,No answer,,
538,137,6,2026-03-29,No answer,,
539,138,3,2026-06-29,No answer,,
540,138,3,2026-06-29,No answer,,
541,138,3,2026-06-18,Wrong number,,
542,138,3,2026-06-24,RPC,,
543,138,3,2026-06-06,RPC,,
544,138,3,2026-06-27,RPC,,
545,138,3,2026-06-09,No answer,,
546,138,3,2026-06-24,RPC,,
547,139,2,2026-05-30,No answer,,
548,140,1,2026-06-27,No answer,,
549,140,1,2026-04-29,PTP,2026-05-13,10000
550,140,1,2026-05-14,RPC,,
551,140,1,2026-06-17,No answer,,
552,140,1,2026-06-27,No answer,,
553,140,1,2026-04-26,RPC,,
554,141,6,2026-06-21,No answer,,
555,141,6,2026-05-21,No answer,,
556,141,6,2026-05-28,RPC,,
557,142,4,2026-04-12,Wrong number,,
558,144,4,2026-04-14,No answer,,
559,144,4,2026-03-22,RPC,,
560,144,4,2026-04-09,RPC,,
561,144,4,2026-06-20,RPC,,
562,144,4,2026-04-09,RPC,,
563,144,4,2026-04-25,Wrong number,,
564,144,4,2026-06-14,No answer,,
565,144,4,2026-04-20,PTP,2026-05-04,10000
566,145,5,2026-05-06,No answer,,
567,145,5,2026-05-26,RPC,,
568,145,5,2026-05-27,RPC,,
569,145,5,2026-06-19,PTP,2026-07-03,10000
570,146,1,2026-05-24,No answer,,
571,146,1,2026-06-04,No answer,,
572,146,1,2026-06-18,No answer,,
573,146,1,2026-06-29,RPC,,
574,146,1,2026-05-25,No answer,,
575,146,1,2026-05-25,No answer,,
576,146,1,2026-05-28,RPC,,
577,146,1,2026-05-26,No answer,,
578,147,2,2026-05-22,No answer,,
579,147,2,2026-06-22,Wrong number,,
580,147,2,2026-03-10,RPC,,
581,147,2,2026-04-21,RPC,,
582,147,2,2026-05-07,RPC,,
583,147,2,2026-06-25,RPC,,
584,147,2,2026-06-24,No answer,,
585,148,3,2026-06-13,PTP,2026-06-27,10000
586,148,3,2026-06-28,No answer,,
587,149,6,2026-03-12,No answer,,
588,149,6,2026-06-08,No answer,,
589,149,6,2026-02-19,No answer,,
590,150,6,2026-05-03,RPC,,
591,151,4,2026-06-18,No answer,,
592,151,4,2026-06-25,Wrong number,,
593,152,3,2026-06-10,No answer,,
594,152,3,2026-06-25,No answer,,
595,152,3,2026-05-07,No answer,,
596,152,3,2026-06-01,PTP,2026-06-15,10000
597,152,3,2026-04-23,No answer,,
598,152,3,2026-05-13,No answer,,
599,152,3,2026-06-16,RPC,,
600,153,5,2026-03-12,No answer,,
601,153,5,2026-05-04,No answer,,
602,153,5,2026-03-29,RPC,,
603,153,5,2026-05-17,No answer,,
604,153,5,2026-06-03,RPC,,
605,153,5,2026-03-10,No answer,,
606,153,5,2026-05-18,No answer,,
607,154,6,2026-05-14,No answer,,
608,154,6,2026-03-25,No answer,,
609,154,6,2026-04-22,RPC,,
610,154,6,2026-06-26,RPC,,
611,154,6,2026-04-02,No answer,,
612,154,6,2026-05-12,No answer,,
613,154,6,2026-03-31,PTP,2026-04-14,10000
614,155,1,2026-05-07,RPC,,
615,155,1,2026-06-27,No answer,,
616,156,6,2026-03-03,No answer,,
617,156,6,2026-04-14,RPC,,
618,157,4,2026-06-13,RPC,,
619,157,4,2026-06-05,No answer,,
620,157,4,2026-06-14,RPC,,
621,157,4,2026-05-03,PTP,2026-05-17,10000
622,157,4,2026-05-25,Wrong number,,
623,157,4,2026-04-05,No answer,,
624,157,4,2026-05-10,No answer,,
625,158,1,2026-06-25,No answer,,
626,158,1,2026-06-14,PTP,2026-06-28,10000
627,158,1,2026-06-11,No answer,,
628,158,1,2026-05-30,RPC,,
629,158,1,2026-04-09,RPC,,
630,158,1,2026-06-29,No answer,,
631,158,1,2026-05-25,RPC,,
632,159,2,2026-05-26,No answer,,
633,159,2,2026-06-29,RPC,,
634,159,2,2026-06-13,No answer,,
635,159,2,2026-04-30,No answer,,
636,159,2,2026-05-29,No answer,,
637,159,2,2026-06-19,RPC,,
638,159,2,2026-05-26,RPC,,
639,159,2,2026-06-23,No answer,,
640,160,1,2026-03-14,No answer,,
641,160,1,2026-04-27,RPC,,
642,160,1,2026-03-05,No answer,,
643,160,1,2026-01-08,No answer,,
644,162,1,2026-06-24,No answer,,
645,162,1,2026-06-16,RPC,,
646,162,1,2026-04-28,RPC,,
647,162,1,2026-05-05,No answer,,
648,162,1,2026-03-14,No answer,,
649,162,1,2026-06-12,RPC,,
650,164,1,2026-06-05,RPC,,
651,165,2,2026-04-25,No answer,,
652,165,2,2026-03-30,Wrong number,,
653,165,2,2026-06-21,No answer,,
654,165,2,2026-06-09,No answer,,
655,165,2,2026-04-05,No answer,,
656,165,2,2026-05-27,No answer,,
657,166,1,2026-05-29,No answer,,
658,166,1,2026-06-07,RPC,,
659,167,6,2026-06-09,No answer,,
660,167,6,2026-06-27,No answer,,
661,167,6,2026-06-10,No answer,,
662,167,6,2026-05-13,No answer,,
663,167,6,2026-05-28,No answer,,
664,167,6,2026-06-14,PTP,2026-06-28,10000
665,167,6,2026-06-08,No answer,,
666,168,4,2026-06-09,RPC,,
667,168,4,2026-05-17,RPC,,
668,168,4,2026-06-08,RPC,,
669,168,4,2026-05-31,No answer,,
670,168,4,2026-05-20,RPC,,
671,168,4,2026-06-19,RPC,,
672,168,4,2026-05-28,Wrong number,,
673,168,4,2026-06-16,RPC,,
674,170,1,2026-06-17,RPC,,
675,170,1,2026-04-09,No answer,,
676,170,1,2026-03-31,RPC,,
677,170,1,2026-02-21,No answer,,
678,170,1,2026-03-28,RPC,,
679,170,1,2026-02-23,No answer,,
680,170,1,2026-02-18,No answer,,
681,171,6,2026-04-29,RPC,,
682,172,2,2026-06-21,RPC,,
683,172,2,2026-06-12,RPC,,
684,173,6,2026-06-25,PTP,2026-07-09,10000
685,173,6,2026-06-17,Wrong number,,
686,174,4,2026-05-12,RPC,,
687,174,4,2026-06-28,No answer,,
688,174,4,2026-05-21,No answer,,
689,175,6,2026-04-14,RPC,,
690,175,6,2026-05-17,PTP,2026-05-31,10000
691,175,6,2026-06-16,Wrong number,,
692,175,6,2026-06-24,No answer,,
693,175,6,2026-04-16,No answer,,
694,176,3,2026-05-03,RPC,,
695,177,6,2026-05-14,RPC,,
696,177,6,2026-06-05,No answer,,
697,177,6,2026-03-16,RPC,,
698,177,6,2026-04-13,RPC,,
699,177,6,2026-02-16,RPC,,
700,178,3,2026-04-19,No answer,,
701,178,3,2026-05-15,RPC,,
702,178,3,2026-04-26,No answer,,
703,178,3,2026-04-18,No answer,,
704,178,3,2026-04-14,Wrong number,,
705,178,3,2026-05-11,No answer,,
706,178,3,2026-06-11,No answer,,
707,178,3,2026-04-24,RPC,,
708,179,2,2026-05-24,RPC,,
709,179,2,2026-06-09,No answer,,
710,179,2,2026-06-15,No answer,,
711,179,2,2026-05-27,No answer,,
712,179,2,2026-05-24,No answer,,
713,179,2,2026-06-14,No answer,,
714,180,3,2026-04-14,RPC,,
715,180,3,2026-04-08,RPC,,
716,180,3,2026-03-30,No answer,,
717,181,5,2026-05-14,No answer,,
718,181,5,2026-03-08,RPC,,
719,181,5,2026-03-09,No answer,,
720,181,5,2026-05-27,RPC,,
721,181,5,2026-06-03,No answer,,
722,181,5,2026-02-19,RPC,,
723,181,5,2026-01-18,No answer,,
724,183,1,2026-06-24,RPC,,
725,183,1,2026-05-24,No answer,,
726,183,1,2026-05-24,Wrong number,,
727,183,1,2026-06-14,No answer,,
728,184,5,2026-06-21,No answer,,
729,184,5,2026-04-22,PTP,2026-05-06,10000
730,184,5,2026-04-30,No answer,,
731,184,5,2026-05-11,RPC,,
732,184,5,2026-03-24,No answer,,
733,184,5,2026-05-06,No answer,,
734,184,5,2026-04-29,No answer,,
735,184,5,2026-05-25,No answer,,
736,185,4,2026-02-07,RPC,,
737,185,4,2026-05-29,PTP,2026-06-12,10000
738,186,2,2026-03-26,RPC,,
739,186,2,2026-05-13,Wrong number,,
740,187,3,2026-03-10,Wrong number,,
741,187,3,2026-03-23,No answer,,
742,187,3,2026-03-30,RPC,,
743,187,3,2026-05-13,RPC,,
744,187,3,2026-06-06,PTP,2026-06-20,10000
745,188,6,2026-03-22,RPC,,
746,188,6,2026-06-05,RPC,,
747,189,5,2026-05-31,RPC,,
748,189,5,2026-06-25,No answer,,
749,189,5,2026-06-25,RPC,,
750,189,5,2026-06-18,No answer,,
751,189,5,2026-06-19,No answer,,
752,190,2,2026-02-21,No answer,,
753,190,2,2026-05-28,RPC,,
754,190,2,2026-06-10,RPC,,
755,191,4,2026-06-07,No answer,,
756,191,4,2026-05-02,Wrong number,,
757,191,4,2026-06-24,No answer,,
758,191,4,2026-05-03,RPC,,
759,191,4,2026-05-29,Wrong number,,
760,191,4,2026-06-17,PTP,2026-07-01,10000
761,192,4,2026-02-22,No answer,,
762,192,4,2026-06-16,PTP,2026-06-30,10000
763,192,4,2026-05-23,RPC,,
764,192,4,2026-05-09,RPC,,
765,192,4,2026-05-06,No answer,,
766,192,4,2026-05-19,No answer,,
767,192,4,2026-06-09,RPC,,
768,193,4,2026-06-05,No answer,,
769,194,1,2026-05-19,No answer,,
770,194,1,2026-03-26,PTP,2026-04-09,10000
771,194,1,2026-03-21,No answer,,
772,194,1,2026-03-20,No answer,,
773,194,1,2026-02-24,No answer,,
774,194,1,2026-05-01,RPC,,
775,195,6,2026-04-26,No answer,,
776,195,6,2026-06-27,Wrong number,,
777,195,6,2026-04-25,RPC,,
778,195,6,2026-06-27,No answer,,
779,196,4,2026-06-23,RPC,,
780,196,4,2026-05-05,No answer,,
781,196,4,2026-05-05,RPC,,
782,196,4,2026-05-04,No answer,,
783,196,4,2026-05-04,RPC,,
784,196,4,2026-06-24,RPC,,
785,196,4,2026-05-23,PTP,2026-06-06,10000
786,196,4,2026-05-05,No answer,,
787,197,6,2026-05-23,RPC,,
788,197,6,2026-06-04,RPC,,
789,197,6,2026-03-03,No answer,,
790,197,6,2026-03-21,No answer,,
791,197,6,2026-04-26,No answer,,
792,198,2,2026-06-28,RPC,,
793,199,4,2026-06-18,RPC,,
794,199,4,2026-06-16,No answer,,
795,199,4,2026-05-27,RPC,,
796,199,4,2026-05-30,RPC,,
797,199,4,2026-05-28,No answer,,
798,199,4,2026-05-17,No answer,,
799,199,4,2026-05-23,RPC,,
800,200,4,2026-04-29,RPC,,
801,200,4,2026-05-12,No answer,,
802,200,4,2026-05-16,RPC,,
803,200,4,2026-03-24,RPC,,
804,201,6,2026-06-23,No answer,,
805,201,6,2026-05-28,RPC,,
806,201,6,2026-06-19,No answer,,
807,201,6,2026-04-17,RPC,,
808,201,6,2026-06-05,RPC,,
809,202,6,2026-06-04,RPC,,
810,202,6,2026-06-19,PTP,2026-07-03,10000
811,202,6,2026-06-18,No answer,,
812,203,1,2026-03-02,No answer,,
813,203,1,2026-04-09,No answer,,
814,203,1,2026-04-26,No answer,,
815,203,1,2026-04-26,No answer,,
816,203,1,2026-05-14,RPC,,
817,203,1,2026-03-31,PTP,2026-04-14,10000
818,204,1,2026-05-10,No answer,,
819,204,1,2026-04-28,No answer,,
820,204,1,2026-06-29,No answer,,
821,204,1,2026-06-02,PTP,2026-06-16,10000
822,204,1,2026-05-05,No answer,,
823,204,1,2026-04-29,No answer,,
824,204,1,2026-06-02,No answer,,
825,204,1,2026-06-02,RPC,,
826,205,2,2026-04-02,No answer,,
827,205,2,2026-03-24,No answer,,
828,205,2,2026-03-21,No answer,,
829,205,2,2026-05-23,Wrong number,,
830,206,6,2026-05-28,RPC,,
831,206,6,2026-05-19,No answer,,
832,206,6,2026-03-27,No answer,,
833,206,6,2026-06-05,No answer,,
834,207,1,2026-05-18,No answer,,
835,207,1,2026-05-04,RPC,,
836,207,1,2026-06-16,No answer,,
837,207,1,2026-06-07,Wrong number,,
838,207,1,2026-04-20,RPC,,
839,208,4,2026-05-25,No answer,,
840,208,4,2026-06-27,RPC,,
841,208,4,2026-06-19,RPC,,
842,208,4,2026-05-20,No answer,,
843,208,4,2026-05-01,No answer,,
844,209,4,2026-06-08,No answer,,
845,209,4,2026-02-25,No answer,,
846,210,5,2026-04-16,No answer,,
847,211,5,2026-05-05,Wrong number,,
848,211,5,2026-06-19,No answer,,
849,211,5,2026-05-03,RPC,,
850,211,5,2026-05-13,No answer,,
851,211,5,2026-06-11,No answer,,
852,211,5,2026-05-04,RPC,,
853,211,5,2026-06-08,No answer,,
854,212,2,2026-04-25,RPC,,
855,212,2,2026-05-10,No answer,,
856,212,2,2026-04-07,No answer,,
857,212,2,2026-04-03,PTP,2026-04-17,10000
858,213,1,2026-05-28,RPC,,
859,214,6,2026-05-10,No answer,,
860,214,6,2026-03-24,No answer,,
861,214,6,2026-03-26,Wrong number,,
862,214,6,2026-06-17,PTP,2026-07-01,10000
863,214,6,2026-06-17,No answer,,
864,214,6,2026-04-07,RPC,,
865,215,1,2026-06-06,RPC,,
866,215,1,2026-03-08,No answer,,
867,216,6,2026-06-26,RPC,,
868,216,6,2026-06-05,No answer,,
869,216,6,2026-05-10,No answer,,
870,216,6,2026-04-17,Wrong number,,
871,216,6,2026-05-17,RPC,,
872,216,6,2026-05-21,No answer,,
873,217,3,2026-06-18,Wrong number,,
874,217,3,2026-06-22,RPC,,
875,217,3,2026-05-25,No answer,,
876,217,3,2026-06-29,RPC,,
877,218,5,2026-06-05,RPC,,
878,218,5,2026-05-20,No answer,,
879,218,5,2026-05-20,Wrong number,,
880,218,5,2026-04-14,No answer,,
881,218,5,2026-04-05,No answer,,
882,220,1,2026-04-16,No answer,,
883,220,1,2026-04-19,No answer,,
884,220,1,2026-04-16,No answer,,
885,220,1,2026-03-29,RPC,,
886,221,3,2026-02-16,No answer,,
887,221,3,2026-03-01,PTP,2026-03-15,10000
888,221,3,2026-03-19,RPC,,
889,221,3,2026-05-24,RPC,,
890,221,3,2026-04-09,RPC,,
891,221,3,2026-03-22,No answer,,
892,221,3,2026-05-07,No answer,,
893,221,3,2026-04-16,RPC,,
894,222,2,2026-03-08,Wrong number,,
895,222,2,2026-05-21,No answer,,
896,222,2,2026-05-24,No answer,,
897,222,2,2026-04-20,PTP,2026-05-04,10000
898,223,5,2026-02-05,No answer,,
899,223,5,2026-06-09,No answer,,
900,223,5,2026-03-13,RPC,,
901,223,5,2026-06-10,RPC,,
902,224,6,2026-06-26,No answer,,
903,225,3,2026-03-05,PTP,2026-03-19,10000
904,226,6,2026-04-25,RPC,,
905,226,6,2026-03-06,RPC,,
906,226,6,2026-06-23,PTP,2026-07-07,10000
907,226,6,2026-06-03,No answer,,
908,227,2,2026-05-12,No answer,,
909,227,2,2026-03-31,No answer,,
910,227,2,2026-04-26,No answer,,
911,227,2,2026-04-01,No answer,,
912,227,2,2026-04-18,RPC,,
913,227,2,2026-04-15,RPC,,
914,228,5,2026-05-22,No answer,,
915,228,5,2026-06-04,No answer,,
916,228,5,2026-01-28,PTP,2026-02-11,10000
917,228,5,2026-05-07,No answer,,
918,229,5,2026-04-23,No answer,,
919,229,5,2026-06-22,RPC,,
920,229,5,2026-05-26,No answer,,
921,229,5,2026-06-02,PTP,2026-06-16,10000
922,229,5,2026-05-10,No answer,,
923,229,5,2026-05-03,No answer,,
924,229,5,2026-06-14,RPC,,
925,229,5,2026-06-16,No answer,,
926,231,3,2026-06-10,No answer,,
927,231,3,2026-06-28,No answer,,
928,231,3,2026-05-03,No answer,,
929,231,3,2026-05-03,No answer,,
930,231,3,2026-06-23,No answer,,
931,232,5,2026-05-07,RPC,,
932,233,6,2026-06-22,No answer,,
933,233,6,2026-06-27,RPC,,
934,233,6,2026-05-14,No answer,,
935,233,6,2026-05-17,PTP,2026-05-31,10000
936,233,6,2026-05-20,No answer,,
937,233,6,2026-05-24,RPC,,
938,233,6,2026-05-18,RPC,,
939,234,4,2026-04-21,No answer,,
940,234,4,2026-06-24,Wrong number,,
941,234,4,2026-04-20,RPC,,
942,234,4,2026-03-23,RPC,,
943,234,4,2026-06-28,No answer,,
944,234,4,2026-02-13,No answer,,
945,236,6,2026-02-05,No answer,,
946,237,4,2026-06-05,No answer,,
947,237,4,2026-03-25,PTP,2026-04-08,10000
948,237,4,2026-06-28,RPC,,
949,237,4,2026-06-24,No answer,,
950,238,6,2026-06-16,No answer,,
951,239,2,2026-05-26,RPC,,
952,239,2,2026-06-18,No answer,,
953,239,2,2026-05-29,RPC,,
954,240,6,2026-06-18,RPC,,
955,240,6,2026-05-08,No answer,,
956,240,6,2026-01-25,PTP,2026-02-08,10000
957,240,6,2026-02-26,No answer,,
958,240,6,2026-01-19,No answer,,
959,241,2,2026-03-31,RPC,,
960,242,2,2026-03-27,No answer,,
961,242,2,2026-04-11,RPC,,
962,242,2,2026-05-01,No answer,,
963,242,2,2026-03-25,No answer,,
964,242,2,2026-03-08,No answer,,
965,243,4,2026-06-25,PTP,2026-07-09,10000
966,243,4,2026-03-28,No answer,,
967,244,2,2026-06-03,No answer,,
968,244,2,2026-05-28,RPC,,
969,244,2,2026-06-20,PTP,2026-07-04,10000
970,245,4,2026-06-02,No answer,,
971,245,4,2026-06-11,No answer,,
972,245,4,2026-05-27,RPC,,
973,245,4,2026-06-22,PTP,2026-07-06,10000
974,245,4,2026-06-04,No answer,,
975,245,4,2026-06-11,RPC,,
976,245,4,2026-06-01,No answer,,
977,246,6,2026-06-08,No answer,,
978,246,6,2026-06-09,No answer,,
979,246,6,2026-06-08,No answer,,
980,246,6,2026-06-16,No answer,,
981,246,6,2026-03-24,No answer,,
982,247,5,2026-06-13,PTP,2026-06-27,10000
983,247,5,2026-05-15,RPC,,
984,247,5,2026-06-05,No answer,,
985,247,5,2026-03-17,No answer,,
986,247,5,2026-04-26,No answer,,
987,248,3,2026-06-26,No answer,,
988,249,6,2026-06-01,No answer,,
989,249,6,2026-06-20,No answer,,
990,249,6,2026-06-30,Wrong number,,
991,249,6,2026-06-05,No answer,,
992,250,3,2026-06-11,RPC,,
993,251,1,2026-05-17,No answer,,
994,251,1,2026-04-10,Wrong number,,
995,252,4,2026-01-22,No answer,,
996,252,4,2026-03-06,RPC,,
997,252,4,2026-05-19,RPC,,
998,253,3,2026-05-19,No answer,,
999,253,3,2026-06-02,PTP,2026-06-16,10000
1000,254,3,2026-03-27,No answer,,
1001,254,3,2026-02-26,RPC,,
1002,254,3,2026-02-21,No answer,,
1003,254,3,2026-02-11,No answer,,
1004,254,3,2026-04-04,Wrong number,,
1005,254,3,2026-05-05,No answer,,
1006,254,3,2026-03-01,No answer,,
1007,254,3,2026-01-21,RPC,,
1008,255,3,2026-04-02,No answer,,
1009,256,4,2026-06-09,No answer,,
1010,256,4,2026-06-22,No answer,,
1011,256,4,2026-05-26,PTP,2026-06-09,10000
1012,256,4,2026-06-25,RPC,,
1013,256,4,2026-06-13,RPC,,
1014,256,4,2026-06-28,Wrong number,,
1015,256,4,2026-06-05,No answer,,
1016,256,4,2026-05-15,RPC,,
1017,257,6,2026-06-18,RPC,,
1018,257,6,2026-05-05,No answer,,
1019,257,6,2026-04-04,No answer,,
1020,257,6,2026-06-24,No answer,,
1021,257,6,2026-05-25,No answer,,
1022,257,6,2026-03-23,No answer,,
1023,258,4,2026-05-03,No answer,,
1024,258,4,2026-05-11,No answer,,
1025,258,4,2026-04-27,No answer,,
1026,258,4,2026-04-20,No answer,,
1027,258,4,2026-05-16,RPC,,
1028,259,6,2026-02-27,RPC,,
1029,259,6,2026-06-25,No answer,,
1030,259,6,2026-03-17,No answer,,
1031,259,6,2026-06-06,PTP,2026-06-20,10000
1032,259,6,2026-02-08,RPC,,
1033,259,6,2026-06-23,RPC,,
1034,260,4,2026-03-15,No answer,,
1035,260,4,2026-04-30,No answer,,
1036,261,3,2026-06-15,RPC,,
1037,261,3,2026-06-05,No answer,,
1038,261,3,2026-06-17,RPC,,
1039,261,3,2026-06-01,No answer,,
1040,262,1,2026-05-17,No answer,,
1041,262,1,2026-04-28,RPC,,
1042,262,1,2026-05-23,RPC,,
1043,262,1,2026-05-31,RPC,,
1044,262,1,2026-04-20,Wrong number,,
1045,263,3,2026-06-17,No answer,,
1046,263,3,2026-06-05,No answer,,
1047,264,3,2026-05-25,No answer,,
1048,265,5,2026-05-17,RPC,,
1049,266,5,2026-03-01,RPC,,
1050,266,5,2026-05-27,RPC,,
1051,266,5,2026-05-18,RPC,,
1052,266,5,2026-05-25,RPC,,
1053,266,5,2026-02-02,No answer,,
1054,266,5,2026-01-23,No answer,,
1055,266,5,2026-02-06,PTP,2026-02-20,10000
1056,266,5,2026-05-06,No answer,,
1057,267,4,2026-06-30,No answer,,
1058,267,4,2026-04-19,No answer,,
1059,268,6,2026-05-11,No answer,,
1060,268,6,2026-02-17,No answer,,
1061,268,6,2026-06-01,Wrong number,,
1062,268,6,2026-05-21,No answer,,
1063,268,6,2026-03-26,No answer,,
1064,268,6,2026-04-08,RPC,,
1065,268,6,2026-02-14,RPC,,
1066,269,2,2026-05-04,PTP,2026-05-18,10000
1067,269,2,2026-05-22,No answer,,
1068,270,5,2026-05-09,PTP,2026-05-23,10000
1069,270,5,2026-05-15,RPC,,
1070,270,5,2026-06-10,RPC,,
1071,270,5,2026-06-08,No answer,,
1072,270,5,2026-06-15,No answer,,
1073,270,5,2026-06-21,RPC,,
1074,270,5,2026-05-20,RPC,,
1075,270,5,2026-06-02,No answer,,
1076,271,4,2026-06-12,RPC,,
1077,271,4,2026-06-26,No answer,,
1078,272,3,2026-06-01,No answer,,
1079,272,3,2026-04-30,No answer,,
1080,272,3,2026-01-28,RPC,,
1081,273,2,2026-05-09,No answer,,
1082,274,6,2026-04-28,No answer,,
1083,274,6,2026-06-06,RPC,,
1084,274,6,2026-05-18,RPC,,
1085,274,6,2026-06-26,Wrong number,,
1086,274,6,2026-06-03,No answer,,
1087,274,6,2026-06-29,PTP,2026-07-13,10000
1088,275,3,2026-05-06,No answer,,
1089,275,3,2026-05-08,RPC,,
1090,276,2,2026-06-19,RPC,,
1091,277,2,2026-06-10,No answer,,
1092,277,2,2026-06-24,No answer,,
1093,277,2,2026-06-03,RPC,,
1094,277,2,2026-05-14,No answer,,
1095,277,2,2026-05-27,RPC,,
1096,277,2,2026-06-04,No answer,,
1097,277,2,2026-05-09,No answer,,
1098,277,2,2026-06-18,RPC,,
1099,278,4,2026-06-11,Wrong number,,
1100,278,4,2026-05-27,Wrong number,,
1101,278,4,2026-05-18,Wrong number,,
1102,278,4,2026-04-08,Wrong number,,
1103,278,4,2026-05-08,No answer,,
1104,278,4,2026-06-02,PTP,2026-06-16,10000
1105,278,4,2026-06-05,RPC,,
1106,279,1,2026-06-29,No answer,,
1107,279,1,2026-06-25,RPC,,
1108,280,4,2026-03-11,No answer,,
1109,280,4,2026-03-27,Wrong number,,
1110,280,4,2026-01-23,RPC,,
1111,281,2,2026-05-17,No answer,,
1112,281,2,2026-05-30,Wrong number,,
1113,281,2,2026-04-21,No answer,,
1114,281,2,2026-05-09,No answer,,
1115,281,2,2026-02-24,RPC,,
1116,281,2,2026-02-24,RPC,,
1117,281,2,2026-03-23,No answer,,
1118,281,2,2026-06-07,RPC,,
1119,282,5,2026-04-30,No answer,,
1120,282,5,2026-06-09,No answer,,
1121,282,5,2026-04-25,RPC,,
1122,282,5,2026-04-08,RPC,,
1123,283,5,2026-06-28,No answer,,
1124,283,5,2026-06-20,RPC,,
1125,283,5,2026-06-17,Wrong number,,
1126,283,5,2026-06-17,No answer,,
1127,283,5,2026-06-18,No answer,,
1128,283,5,2026-06-23,No answer,,
1129,283,5,2026-06-30,No answer,,
1130,283,5,2026-06-09,RPC,,
1131,285,3,2026-06-10,No answer,,
1132,285,3,2026-05-18,RPC,,
1133,285,3,2026-06-09,No answer,,
1134,285,3,2026-06-01,RPC,,
1135,286,4,2026-06-17,RPC,,
1136,286,4,2026-05-05,No answer,,
1137,286,4,2026-05-01,No answer,,
1138,287,2,2026-03-22,RPC,,
1139,287,2,2026-02-24,RPC,,
1140,287,2,2026-01-20,PTP,2026-02-03,10000
1141,287,2,2026-05-14,RPC,,
1142,288,3,2026-04-18,RPC,,
1143,288,3,2026-02-07,No answer,,
1144,288,3,2026-02-19,No answer,,
1145,288,3,2026-06-10,RPC,,
1146,288,3,2026-02-14,Wrong number,,
1147,288,3,2026-06-12,PTP,2026-06-26,10000
1148,289,4,2026-05-21,No answer,,
1149,289,4,2026-06-01,No answer,,
1150,290,4,2026-05-15,No answer,,
1151,290,4,2026-06-02,No answer,,
1152,290,4,2026-04-11,RPC,,
1153,290,4,2026-03-25,No answer,,
1154,290,4,2026-06-06,No answer,,
1155,291,6,2026-04-21,Wrong number,,
1156,291,6,2026-04-28,RPC,,
1157,291,6,2026-06-17,No answer,,
1158,292,2,2026-04-07,No answer,,
1159,292,2,2026-04-02,No answer,,
1160,292,2,2026-03-14,PTP,2026-03-28,10000
1161,292,2,2026-04-23,RPC,,
1162,292,2,2026-05-16,RPC,,
1163,292,2,2026-04-12,RPC,,
1164,293,6,2026-06-27,No answer,,
1165,294,1,2026-06-17,RPC,,
1166,294,1,2026-03-08,No answer,,
1167,294,1,2026-05-27,No answer,,
1168,294,1,2026-05-20,No answer,,
1169,294,1,2026-03-28,No answer,,
1170,294,1,2026-06-07,PTP,2026-06-21,10000
1171,294,1,2026-06-22,RPC,,
1172,295,3,2026-04-16,No answer,,
1173,295,3,2026-05-20,No answer,,
1174,295,3,2026-05-14,RPC,,
1175,295,3,2026-06-29,No answer,,
1176,295,3,2026-02-08,PTP,2026-02-22,10000
1177,296,4,2026-05-15,No answer,,
1178,296,4,2026-03-11,PTP,2026-03-25,10000
1179,296,4,2026-03-21,RPC,,
1180,296,4,2026-03-15,No answer,,
1181,296,4,2026-05-06,No answer,,
1182,296,4,2026-06-25,RPC,,
1183,297,2,2026-06-03,RPC,,
1184,297,2,2026-06-14,No answer,,
1185,298,4,2026-04-13,RPC,,
1186,298,4,2026-04-14,No answer,,
1187,298,4,2026-06-09,RPC,,
1188,298,4,2026-03-24,No answer,,
1189,299,6,2026-02-22,No answer,,
1190,299,6,2026-02-19,No answer,,
1191,299,6,2026-04-05,No answer,,
1192,299,6,2026-05-05,PTP,2026-05-19,10000
1193,300,3,2026-03-19,No answer,,
1194,300,3,2026-05-18,PTP,2026-06-01,10000
1195,301,1,2026-06-16,No answer,,
1196,301,1,2026-05-27,No answer,,
1197,301,1,2026-06-25,No answer,,
1198,301,1,2026-06-22,RPC,,
1199,302,3,2026-06-14,PTP,2026-06-28,10000
1200,302,3,2026-05-19,RPC,,
1201,302,3,2026-06-01,RPC,,
1202,302,3,2026-05-04,No answer,,
1203,302,3,2026-03-28,No answer,,
1204,302,3,2026-04-01,No answer,,
1205,302,3,2026-04-11,No answer,,
1206,303,1,2026-06-23,RPC,,
1207,304,3,2026-02-08,Wrong number,,
1208,304,3,2026-03-25,No answer,,
1209,304,3,2026-02-26,No answer,,
1210,305,3,2026-05-31,Wrong number,,
1211,305,3,2026-05-14,RPC,,
1212,305,3,2026-05-17,No answer,,
1213,305,3,2026-06-06,RPC,,
1214,305,3,2026-06-19,No answer,,
1215,305,3,2026-06-17,PTP,2026-07-01,10000
1216,306,1,2026-06-05,No answer,,
1217,306,1,2026-04-14,No answer,,
1218,306,1,2026-03-04,PTP,2026-03-18,10000
1219,306,1,2026-04-14,No answer,,
1220,306,1,2026-02-24,No answer,,
1221,306,1,2026-04-15,No answer,,
1222,306,1,2026-06-18,No answer,,
1223,306,1,2026-03-19,No answer,,
1224,307,6,2026-06-25,No answer,,
1225,307,6,2026-06-17,RPC,,
1226,307,6,2026-06-20,No answer,,
1227,307,6,2026-06-14,No answer,,
1228,307,6,2026-06-14,RPC,,
1229,308,6,2026-05-15,PTP,2026-05-29,10000
1230,308,6,2026-04-15,RPC,,
1231,308,6,2026-03-28,RPC,,
1232,308,6,2026-03-10,No answer,,
1233,308,6,2026-06-08,No answer,,
1234,308,6,2026-06-19,No answer,,
1235,308,6,2026-03-21,RPC,,
1236,308,6,2026-05-04,RPC,,
1237,310,5,2026-06-23,RPC,,
1238,310,5,2026-05-28,No answer,,
1239,310,5,2026-06-18,No answer,,
1240,310,5,2026-06-13,No answer,,
1241,310,5,2026-06-28,RPC,,
1242,310,5,2026-05-23,RPC,,
1243,310,5,2026-06-06,No answer,,
1244,311,3,2026-04-30,No answer,,
1245,311,3,2026-04-19,No answer,,
1246,311,3,2026-05-01,No answer,,
1247,311,3,2026-06-17,No answer,,
1248,312,3,2026-04-28,RPC,,
1249,312,3,2026-05-08,RPC,,
1250,312,3,2026-05-10,No answer,,
1251,314,2,2026-02-12,No answer,,
1252,314,2,2026-02-25,RPC,,
1253,314,2,2026-05-20,PTP,2026-06-03,10000
1254,314,2,2026-06-05,RPC,,
1255,314,2,2026-06-20,RPC,,
1256,314,2,2026-02-08,No answer,,
1257,315,5,2026-05-06,No answer,,
1258,315,5,2026-05-25,Wrong number,,
1259,315,5,2026-05-22,RPC,,
1260,315,5,2026-05-31,RPC,,
1261,315,5,2026-05-12,No answer,,
1262,315,5,2026-06-15,No answer,,
1263,315,5,2026-06-18,No answer,,
1264,315,5,2026-05-15,No answer,,
1265,316,3,2026-05-22,RPC,,
1266,316,3,2026-04-01,RPC,,
1267,316,3,2026-05-02,RPC,,
1268,316,3,2026-03-13,RPC,,
1269,316,3,2026-03-24,No answer,,
1270,316,3,2026-03-31,RPC,,
1271,318,3,2026-04-30,No answer,,
1272,318,3,2026-05-15,RPC,,
1273,318,3,2026-04-07,RPC,,
1274,318,3,2026-06-12,No answer,,
1275,318,3,2026-04-21,RPC,,
1276,318,3,2026-06-06,RPC,,
1277,318,3,2026-04-15,RPC,,
1278,318,3,2026-05-28,RPC,,
1279,319,5,2026-03-10,RPC,,
1280,319,5,2026-05-22,RPC,,
1281,319,5,2026-06-05,RPC,,
1282,319,5,2026-02-23,No answer,,
1283,319,5,2026-05-02,No answer,,
1284,320,2,2026-06-06,No answer,,
1285,320,2,2026-06-14,No answer,,
1286,320,2,2026-04-14,No answer,,
1287,321,6,2026-04-20,No answer,,
1288,321,6,2026-04-18,RPC,,
1289,321,6,2026-06-22,PTP,2026-07-06,10000
1290,321,6,2026-04-27,No answer,,
1291,321,6,2026-06-07,RPC,,
1292,322,1,2026-02-26,PTP,2026-03-12,10000
1293,322,1,2026-06-25,RPC,,
1294,323,6,2026-06-08,No answer,,
1295,323,6,2026-05-14,RPC,,
1296,325,4,2026-05-19,No answer,,
1297,325,4,2026-06-21,Wrong number,,
1298,327,6,2026-06-02,No answer,,
1299,328,3,2026-03-15,RPC,,
1300,328,3,2026-05-28,RPC,,
1301,328,3,2026-04-08,Wrong number,,
1302,328,3,2026-03-06,No answer,,
1303,329,2,2026-06-27,No answer,,
1304,329,2,2026-06-08,No answer,,
1305,330,2,2026-05-28,RPC,,
1306,330,2,2026-03-24,Wrong number,,
1307,330,2,2026-06-27,No answer,,
1308,330,2,2026-05-08,RPC,,
1309,330,2,2026-05-21,RPC,,
1310,330,2,2026-05-02,RPC,,
1311,330,2,2026-02-21,Wrong number,,
1312,330,2,2026-05-20,RPC,,
1313,332,3,2026-03-12,No answer,,
1314,332,3,2026-05-16,No answer,,
1315,333,2,2026-05-05,No answer,,
1316,333,2,2026-05-27,No answer,,
1317,333,2,2026-05-07,No answer,,
1318,333,2,2026-06-10,No answer,,
1319,333,2,2026-06-02,PTP,2026-06-16,10000
1320,333,2,2026-06-24,No answer,,
1321,333,2,2026-06-27,RPC,,
1322,334,5,2026-05-15,No answer,,
1323,334,5,2026-02-14,PTP,2026-02-28,10000
1324,334,5,2026-05-27,RPC,,
1325,335,6,2026-03-13,PTP,2026-03-27,10000
1326,337,2,2026-05-06,No answer,,
1327,337,2,2026-03-15,RPC,,
1328,337,2,2026-04-21,No answer,,
1329,337,2,2026-03-23,No answer,,
1330,337,2,2026-03-24,Wrong number,,
1331,338,2,2026-04-23,PTP,2026-05-07,10000
1332,338,2,2026-06-09,No answer,,
1333,339,1,2026-04-09,No answer,,
1334,339,1,2026-04-24,RPC,,
1335,339,1,2026-06-08,No answer,,
1336,339,1,2026-05-29,RPC,,
1337,339,1,2026-05-13,PTP,2026-05-27,10000
1338,339,1,2026-04-28,No answer,,
1339,340,4,2026-06-08,No answer,,
1340,340,4,2026-06-24,No answer,,
1341,340,4,2026-06-03,PTP,2026-06-17,10000
1342,340,4,2026-06-11,No answer,,
1343,340,4,2026-06-16,Wrong number,,
1344,340,4,2026-06-18,No answer,,
1345,341,4,2026-06-23,No answer,,
1346,341,4,2026-06-24,PTP,2026-07-08,10000
1347,341,4,2026-06-13,RPC,,
1348,341,4,2026-06-05,No answer,,
1349,341,4,2026-06-25,No answer,,
1350,341,4,2026-06-11,RPC,,
1351,341,4,2026-06-19,RPC,,
1352,341,4,2026-06-08,Wrong number,,
1353,342,1,2026-05-28,RPC,,
1354,342,1,2026-05-24,RPC,,
1355,342,1,2026-05-31,RPC,,
1356,342,1,2026-06-01,RPC,,
1357,342,1,2026-06-28,RPC,,
1358,342,1,2026-05-28,No answer,,
1359,342,1,2026-05-31,No answer,,
1360,342,1,2026-06-09,PTP,2026-06-23,10000
1361,343,6,2026-03-26,PTP,2026-04-09,10000
1362,343,6,2026-06-20,No answer,,
1363,343,6,2026-06-05,RPC,,
1364,343,6,2026-06-24,No answer,,
1365,343,6,2026-05-15,Wrong number,,
1366,343,6,2026-06-17,RPC,,
1367,343,6,2026-06-02,No answer,,
1368,344,3,2026-04-25,No answer,,
1369,344,3,2026-04-26,RPC,,
1370,344,3,2026-06-08,No answer,,
1371,344,3,2026-06-01,RPC,,
1372,344,3,2026-05-22,No answer,,
1373,344,3,2026-06-26,PTP,2026-07-10,10000
1374,344,3,2026-04-28,No answer,,
1375,345,2,2026-03-11,Wrong number,,
1376,345,2,2026-03-11,No answer,,
1377,346,5,2026-06-11,RPC,,
1378,346,5,2026-06-24,No answer,,
1379,346,5,2026-06-22,RPC,,
1380,346,5,2026-05-29,RPC,,
1381,346,5,2026-06-15,No answer,,
1382,346,5,2026-06-21,No answer,,
1383,346,5,2026-06-28,No answer,,
1384,346,5,2026-06-18,Wrong number,,
1385,347,1,2026-02-01,RPC,,
1386,347,1,2026-01-18,PTP,2026-02-01,10000
1387,347,1,2026-03-10,RPC,,
1388,347,1,2026-04-30,RPC,,
1389,347,1,2026-03-16,No answer,,
1390,348,1,2026-04-08,No answer,,
1391,348,1,2026-05-08,RPC,,
1392,348,1,2026-05-07,Wrong number,,
1393,349,5,2026-05-15,No answer,,
1394,349,5,2026-03-09,PTP,2026-03-23,10000
1395,349,5,2026-04-19,No answer,,
1396,349,5,2026-06-18,RPC,,
1397,349,5,2026-06-10,No answer,,
1398,349,5,2026-06-27,RPC,,
1399,349,5,2026-03-09,No answer,,
1400,350,1,2026-06-08,No answer,,
1401,350,1,2026-06-12,No answer,,
1402,350,1,2026-04-22,No answer,,
1403,350,1,2026-06-19,RPC,,
1404,351,6,2026-06-21,No answer,,
1405,351,6,2026-06-05,No answer,,
1406,351,6,2026-05-13,No answer,,
1407,353,5,2026-04-22,RPC,,
1408,353,5,2026-04-17,No answer,,
1409,353,5,2026-02-04,Wrong number,,
1410,353,5,2026-03-11,No answer,,
1411,353,5,2026-06-11,RPC,,
1412,353,5,2026-06-25,RPC,,
1413,353,5,2026-05-21,No answer,,
1414,354,1,2026-06-08,No answer,,
1415,354,1,2026-03-19,No answer,,
1416,354,1,2026-03-03,No answer,,
1417,354,1,2026-02-21,RPC,,
1418,355,5,2026-03-26,No answer,,
1419,355,5,2026-06-13,PTP,2026-06-27,10000
1420,355,5,2026-04-15,No answer,,
1421,355,5,2026-04-14,No answer,,
1422,355,5,2026-03-14,No answer,,
1423,355,5,2026-04-25,No answer,,
1424,356,1,2026-06-15,RPC,,
1425,356,1,2026-06-20,RPC,,
1426,356,1,2026-06-14,No answer,,
1427,357,3,2026-04-02,PTP,2026-04-16,10000
1428,358,2,2026-06-19,No answer,,
1429,358,2,2026-04-07,RPC,,
1430,358,2,2026-04-05,RPC,,
1431,358,2,2026-04-13,Wrong number,,
1432,358,2,2026-06-16,No answer,,
1433,358,2,2026-06-04,No answer,,
1434,359,5,2026-06-23,No answer,,
1435,359,5,2026-05-08,PTP,2026-05-22,10000
1436,359,5,2026-06-25,No answer,,
1437,359,5,2026-06-05,No answer,,
1438,360,2,2026-06-15,PTP,2026-06-29,10000
1439,360,2,2026-05-31,No answer,,
1440,360,2,2026-05-26,RPC,,
1441,360,2,2026-06-20,Wrong number,,
1442,360,2,2026-05-03,No answer,,
1443,360,2,2026-06-27,No answer,,
1444,360,2,2026-06-25,No answer,,
1445,361,4,2026-03-07,No answer,,
1446,361,4,2026-03-07,No answer,,
1447,361,4,2026-05-02,No answer,,
1448,361,4,2026-05-10,No answer,,
1449,361,4,2026-05-01,RPC,,
1450,361,4,2026-04-20,No answer,,
1451,361,4,2026-04-21,No answer,,
1452,361,4,2026-06-07,No answer,,
1453,362,1,2026-04-25,PTP,2026-05-09,10000
1454,363,5,2026-03-21,Wrong number,,
1455,363,5,2026-04-28,No answer,,
1456,363,5,2026-04-28,No answer,,
1457,363,5,2026-06-20,RPC,,
1458,363,5,2026-06-12,RPC,,
1459,365,2,2026-06-03,Wrong number,,
1460,365,2,2026-06-05,RPC,,
1461,365,2,2026-06-16,RPC,,
1462,366,3,2026-06-10,RPC,,
1463,366,3,2026-05-07,PTP,2026-05-21,10000
1464,367,6,2026-06-28,Wrong number,,
1465,367,6,2026-03-27,Wrong number,,
1466,367,6,2026-05-28,RPC,,
1467,367,6,2026-02-07,No answer,,
1468,367,6,2026-03-28,Wrong number,,
1469,367,6,2026-06-06,PTP,2026-06-20,10000
1470,368,4,2026-06-20,No answer,,
1471,368,4,2026-06-02,No answer,,
1472,368,4,2026-06-24,RPC,,
1473,368,4,2026-06-15,No answer,,
1474,368,4,2026-06-02,RPC,,
1475,368,4,2026-06-07,No answer,,
1476,368,4,2026-06-27,No answer,,
1477,368,4,2026-06-08,No answer,,
1478,369,2,2026-05-29,No answer,,
1479,369,2,2026-04-23,No answer,,
1480,369,2,2026-06-01,No answer,,
1481,369,2,2026-04-17,No answer,,
1482,369,2,2026-05-05,No answer,,
1483,369,2,2026-05-05,No answer,,
1484,370,5,2026-05-19,No answer,,
1485,370,5,2026-05-11,No answer,,
1486,370,5,2026-06-23,No answer,,
1487,370,5,2026-06-22,No answer,,
1488,370,5,2026-05-23,PTP,2026-06-06,10000
1489,370,5,2026-06-27,No answer,,
1490,370,5,2026-05-31,Wrong number,,
1491,371,6,2026-03-10,RPC,,
1492,371,6,2026-05-14,No answer,,
1493,371,6,2026-03-11,RPC,,
1494,372,6,2026-02-11,RPC,,
1495,372,6,2026-03-21,PTP,2026-04-04,10000
1496,372,6,2026-05-10,RPC,,
1497,372,6,2026-06-15,No answer,,
1498,374,4,2026-02-22,No answer,,
1499,375,4,2026-06-21,No answer,,
1500,375,4,2026-06-21,No answer,,
1501,375,4,2026-05-05,No answer,,
1502,375,4,2026-05-06,Wrong number,,
1503,376,1,2026-04-15,RPC,,
1504,376,1,2026-06-18,No answer,,
1505,376,1,2026-04-17,RPC,,
1506,379,1,2026-05-09,RPC,,
1507,380,5,2026-05-30,No answer,,
1508,380,5,2026-05-01,No answer,,
1509,380,5,2026-03-07,No answer,,
1510,381,1,2026-04-01,RPC,,
1511,381,1,2026-04-28,RPC,,
1512,381,1,2026-05-10,No answer,,
1513,382,3,2026-06-30,RPC,,
1514,382,3,2026-04-15,RPC,,
1515,382,3,2026-06-29,RPC,,
1516,382,3,2026-03-14,No answer,,
1517,382,3,2026-05-17,RPC,,
1518,383,1,2026-06-06,RPC,,
1519,383,1,2026-03-24,No answer,,
1520,383,1,2026-06-09,RPC,,
1521,383,1,2026-04-07,No answer,,
1522,383,1,2026-06-25,No answer,,
1523,383,1,2026-04-23,RPC,,
1524,383,1,2026-03-30,No answer,,
1525,383,1,2026-05-25,No answer,,
1526,384,2,2026-02-14,No answer,,
1527,384,2,2026-05-03,No answer,,
1528,384,2,2026-04-01,Wrong number,,
1529,384,2,2026-04-12,RPC,,
1530,385,5,2026-03-04,RPC,,
1531,385,5,2026-03-16,PTP,2026-03-30,10000
1532,385,5,2026-03-14,No answer,,
1533,386,2,2026-06-28,No answer,,
1534,386,2,2026-06-08,Wrong number,,
1535,387,4,2026-04-01,RPC,,
1536,387,4,2026-06-24,No answer,,
1537,387,4,2026-05-29,No answer,,
1538,387,4,2026-03-14,RPC,,
1539,387,4,2026-05-08,Wrong number,,
1540,387,4,2026-04-01,Wrong number,,
1541,388,4,2026-04-05,No answer,,
1542,388,4,2026-04-03,No answer,,
1543,388,4,2026-06-22,RPC,,
1544,388,4,2026-05-20,No answer,,
1545,388,4,2026-05-31,PTP,2026-06-14,10000
1546,388,4,2026-05-20,No answer,,
1547,388,4,2026-05-03,RPC,,
1548,389,1,2026-02-02,RPC,,
1549,389,1,2026-05-07,RPC,,
1550,389,1,2026-03-22,No answer,,
1551,389,1,2026-04-21,RPC,,
1552,389,1,2026-01-26,RPC,,
1553,390,5,2026-02-10,No answer,,
1554,390,5,2026-03-02,RPC,,
1555,391,6,2026-05-11,RPC,,
1556,391,6,2026-06-12,PTP,2026-06-26,10000
1557,391,6,2026-05-27,Wrong number,,
1558,391,6,2026-05-31,RPC,,
1559,391,6,2026-04-20,No answer,,
1560,391,6,2026-06-21,RPC,,
1561,392,3,2026-06-27,No answer,,
1562,393,6,2026-05-12,No answer,,
1563,393,6,2026-06-20,PTP,2026-07-04,10000
1564,394,2,2026-05-20,No answer,,
1565,394,2,2026-06-17,No answer,,
1566,395,1,2026-05-30,No answer,,
1567,395,1,2026-02-22,No answer,,
1568,395,1,2026-04-06,RPC,,
1569,396,1,2026-03-29,No answer,,
1570,396,1,2026-03-30,PTP,2026-04-13,10000
1571,396,1,2026-03-04,RPC,,
1572,396,1,2026-06-21,No answer,,
1573,396,1,2026-06-07,No answer,,
1574,396,1,2026-04-03,RPC,,
1575,397,4,2026-06-10,No answer,,
1576,398,4,2026-06-24,No answer,,
1577,398,4,2026-06-16,RPC,,
1578,398,4,2026-05-30,No answer,,
1579,398,4,2026-05-21,No answer,,
1580,398,4,2026-06-07,RPC,,
1581,399,4,2026-04-06,RPC,,
1582,399,4,2026-02-26,RPC,,
1583,399,4,2026-06-16,RPC,,
1584,399,4,2026-05-30,No answer,,
1585,399,4,2026-05-28,RPC,,
1586,399,4,2026-04-08,RPC,,
1587,400,2,2026-05-27,No answer,,
1588,401,3,2026-06-27,No answer,,
1589,402,1,2026-06-10,PTP,2026-06-24,10000
1590,402,1,2026-06-10,RPC,,
1591,402,1,2026-06-21,RPC,,
1592,402,1,2026-06-13,RPC,,
1593,402,1,2026-05-31,No answer,,
1594,404,5,2026-04-03,No answer,,
1595,404,5,2026-05-28,RPC,,
1596,404,5,2026-04-30,No answer,,
1597,406,5,2026-04-11,RPC,,
1598,406,5,2026-04-18,RPC,,
1599,406,5,2026-04-20,RPC,,
1600,406,5,2026-03-29,PTP,2026-04-12,10000
1601,406,5,2026-06-30,No answer,,
1602,407,3,2026-05-09,Wrong number,,
1603,407,3,2026-05-23,No answer,,
1604,407,3,2026-05-17,RPC,,
1605,407,3,2026-06-09,No answer,,
1606,407,3,2026-05-13,No answer,,
1607,407,3,2026-06-24,Wrong number,,
1608,408,4,2026-02-20,No answer,,
1609,408,4,2026-03-05,RPC,,
1610,408,4,2026-01-16,No answer,,
1611,408,4,2026-06-10,No answer,,
1612,409,4,2026-05-09,PTP,2026-05-23,10000
1613,410,1,2026-04-17,No answer,,
1614,411,6,2026-06-10,No answer,,
1615,411,6,2026-06-07,RPC,,
1616,411,6,2026-05-05,No answer,,
1617,411,6,2026-04-02,No answer,,
1618,411,6,2026-05-20,RPC,,
1619,411,6,2026-05-23,No answer,,
1620,411,6,2026-06-02,Wrong number,,
1621,412,3,2026-06-30,No answer,,
1622,413,5,2026-06-08,RPC,,
1623,413,5,2026-01-07,Wrong number,,
1624,414,1,2026-04-23,RPC,,
1625,414,1,2026-03-26,No answer,,
1626,414,1,2026-04-06,Wrong number,,
1627,414,1,2026-05-07,PTP,2026-05-21,10000
1628,414,1,2026-04-12,No answer,,
1629,414,1,2026-06-14,No answer,,
1630,414,1,2026-04-29,No answer,,
1631,414,1,2026-05-27,RPC,,
1632,415,4,2026-06-13,No answer,,
1633,415,4,2026-06-29,No answer,,
1634,415,4,2026-03-21,No answer,,
1635,416,2,2026-03-27,Wrong number,,
1636,416,2,2026-04-20,No answer,,
1637,416,2,2026-04-07,No answer,,
1638,416,2,2026-03-28,PTP,2026-04-11,10000
1639,416,2,2026-06-12,No answer,,
1640,416,2,2026-06-14,No answer,,
1641,417,6,2026-04-02,No answer,,
1642,417,6,2026-06-13,No answer,,
1643,417,6,2026-04-26,No answer,,
1644,417,6,2026-03-25,Wrong number,,
1645,417,6,2026-06-06,No answer,,
1646,417,6,2026-03-16,No answer,,
1647,418,2,2026-05-14,PTP,2026-05-28,10000
1648,419,1,2026-05-07,No answer,,
1649,419,1,2026-03-10,RPC,,
1650,419,1,2026-03-19,No answer,,
1651,419,1,2026-06-02,No answer,,
1652,420,5,2026-04-17,No answer,,
1653,420,5,2026-05-03,No answer,,
1654,421,6,2026-05-29,Wrong number,,
1655,421,6,2026-05-04,No answer,,
1656,421,6,2026-04-16,PTP,2026-04-30,10000
1657,421,6,2026-05-27,RPC,,
1658,422,1,2026-04-07,Wrong number,,
1659,424,6,2026-03-09,No answer,,
1660,424,6,2026-03-24,Wrong number,,
1661,425,4,2026-02-13,No answer,,
1662,425,4,2026-05-17,No answer,,
1663,425,4,2026-03-09,No answer,,
1664,425,4,2026-06-24,Wrong number,,
1665,425,4,2026-03-10,PTP,2026-03-24,10000
1666,425,4,2026-06-27,Wrong number,,
1667,425,4,2026-01-23,RPC,,
1668,425,4,2026-06-21,RPC,,
1669,426,1,2026-04-27,No answer,,
1670,426,1,2026-02-09,No answer,,
1671,427,5,2026-02-21,No answer,,
1672,427,5,2026-04-25,No answer,,
1673,427,5,2026-06-01,No answer,,
1674,427,5,2026-05-24,No answer,,
1675,427,5,2026-04-07,Wrong number,,
1676,427,5,2026-04-29,No answer,,
1677,427,5,2026-06-12,RPC,,
1678,429,4,2026-03-26,PTP,2026-04-09,10000
1679,429,4,2026-04-13,No answer,,
1680,431,3,2026-02-04,No answer,,
1681,431,3,2026-04-17,No answer,,
1682,431,3,2026-02-23,RPC,,
1683,431,3,2026-04-06,RPC,,
1684,431,3,2026-06-12,No answer,,
1685,431,3,2026-04-14,RPC,,
1686,432,6,2026-04-07,No answer,,
1687,432,6,2026-04-29,No answer,,
1688,433,4,2026-06-03,Wrong number,,
1689,433,4,2026-04-19,No answer,,
1690,433,4,2026-06-08,No answer,,
1691,433,4,2026-06-29,No answer,,
1692,433,4,2026-03-04,No answer,,
1693,433,4,2026-04-28,No answer,,
1694,434,2,2026-04-05,No answer,,
1695,434,2,2026-06-23,RPC,,
1696,435,4,2026-03-08,RPC,,
1697,436,3,2026-06-04,Wrong number,,
1698,436,3,2026-05-27,RPC,,
1699,436,3,2026-05-30,RPC,,
1700,436,3,2026-06-29,No answer,,
1701,437,6,2026-05-16,No answer,,
1702,438,5,2026-06-16,No answer,,
1703,438,5,2026-06-27,RPC,,
1704,438,5,2026-06-25,PTP,2026-07-09,10000
1705,438,5,2026-05-24,RPC,,
1706,438,5,2026-05-30,RPC,,
1707,438,5,2026-05-09,RPC,,
1708,438,5,2026-05-06,No answer,,
1709,438,5,2026-06-04,RPC,,
1710,440,4,2026-04-06,No answer,,
1711,440,4,2026-04-14,Wrong number,,
1712,440,4,2026-02-20,RPC,,
1713,441,5,2026-06-16,No answer,,
1714,441,5,2026-05-26,No answer,,
1715,441,5,2026-05-27,No answer,,
1716,441,5,2026-06-21,No answer,,
1717,442,3,2026-03-13,RPC,,
1718,443,1,2026-05-16,PTP,2026-05-30,10000
1719,443,1,2026-06-24,RPC,,
1720,443,1,2026-05-20,No answer,,
1721,443,1,2026-05-10,No answer,,
1722,444,6,2026-02-26,Wrong number,,
1723,444,6,2026-04-16,No answer,,
1724,444,6,2026-03-05,RPC,,
1725,444,6,2026-04-26,No answer,,
1726,445,4,2026-05-15,Wrong number,,
1727,445,4,2026-06-18,No answer,,
1728,446,3,2026-03-22,No answer,,
1729,446,3,2026-05-07,No answer,,
1730,446,3,2026-06-04,PTP,2026-06-18,10000
1731,447,2,2026-05-04,No answer,,
1732,447,2,2026-01-29,RPC,,
1733,447,2,2026-02-06,No answer,,
1734,447,2,2026-02-16,No answer,,
1735,447,2,2026-06-28,No answer,,
1736,447,2,2026-01-28,PTP,2026-02-11,10000
1737,448,6,2026-03-04,No answer,,
1738,448,6,2026-06-21,RPC,,
1739,448,6,2026-03-10,No answer,,
1740,450,3,2026-03-05,No answer,,
1741,450,3,2026-04-10,No answer,,
1742,450,3,2026-05-05,RPC,,
1743,450,3,2026-02-24,No answer,,
1744,450,3,2026-02-24,No answer,,
1745,450,3,2026-04-09,No answer,,
1746,451,3,2026-04-18,No answer,,
1747,451,3,2026-05-08,Wrong number,,
1748,452,6,2026-05-22,RPC,,
1749,452,6,2026-04-28,RPC,,
1750,452,6,2026-05-08,RPC,,
1751,452,6,2026-05-07,No answer,,
1752,452,6,2026-06-07,No answer,,
1753,453,1,2026-06-21,No answer,,
1754,453,1,2026-05-23,No answer,,
1755,454,5,2026-06-04,Wrong number,,
1756,454,5,2026-06-04,Wrong number,,
1757,454,5,2026-06-25,No answer,,
1758,454,5,2026-05-09,Wrong number,,
1759,454,5,2026-05-30,Wrong number,,
1760,454,5,2026-06-22,RPC,,
1761,454,5,2026-06-20,No answer,,
1762,454,5,2026-05-09,No answer,,
1763,455,1,2026-04-28,No answer,,
1764,455,1,2026-05-22,PTP,2026-06-05,10000
1765,455,1,2026-04-18,No answer,,
1766,455,1,2026-02-27,No answer,,
1767,456,6,2026-05-11,No answer,,
1768,456,6,2026-03-04,RPC,,
1769,456,6,2026-02-23,No answer,,
1770,456,6,2026-03-17,No answer,,
1771,456,6,2026-05-09,No answer,,
1772,456,6,2026-04-08,No answer,,
1773,457,2,2026-06-25,No answer,,
1774,457,2,2026-06-16,No answer,,
1775,457,2,2026-05-26,No answer,,
1776,457,2,2026-06-04,No answer,,
1777,458,5,2026-03-08,No answer,,
1778,458,5,2026-02-18,No answer,,
1779,458,5,2026-02-01,Wrong number,,
1780,458,5,2026-02-10,RPC,,
1781,459,2,2026-06-06,No answer,,
1782,459,2,2026-04-26,No answer,,
1783,459,2,2026-05-29,RPC,,
1784,459,2,2026-05-25,No answer,,
1785,459,2,2026-05-19,No answer,,
1786,460,2,2026-04-06,No answer,,
1787,460,2,2026-06-22,Wrong number,,
1788,460,2,2026-06-21,PTP,2026-07-05,10000
1789,461,1,2026-06-05,No answer,,
1790,461,1,2026-06-21,No answer,,
1791,461,1,2026-05-26,PTP,2026-06-09,10000
1792,461,1,2026-06-17,RPC,,
1793,461,1,2026-05-25,No answer,,
1794,461,1,2026-06-20,Wrong number,,
1795,462,1,2026-05-22,RPC,,
1796,462,1,2026-06-19,No answer,,
1797,462,1,2026-06-23,No answer,,
1798,463,6,2026-06-17,RPC,,
1799,463,6,2026-06-05,No answer,,
1800,463,6,2026-06-23,RPC,,
1801,463,6,2026-06-02,No answer,,
1802,463,6,2026-06-17,RPC,,
1803,464,6,2026-04-29,Wrong number,,
1804,464,6,2026-03-03,No answer,,
1805,465,2,2026-06-12,No answer,,
1806,465,2,2026-05-06,No answer,,
1807,465,2,2026-06-24,No answer,,
1808,465,2,2026-06-26,PTP,2026-07-10,10000
1809,466,1,2026-06-09,Wrong number,,
1810,466,1,2026-06-03,No answer,,
1811,466,1,2026-06-15,Wrong number,,
1812,466,1,2026-05-27,RPC,,
1813,466,1,2026-04-29,RPC,,
1814,466,1,2026-05-01,RPC,,
1815,466,1,2026-05-25,RPC,,
1816,467,2,2026-05-29,No answer,,
1817,467,2,2026-06-22,RPC,,
1818,467,2,2026-06-22,No answer,,
1819,467,2,2026-06-04,RPC,,
1820,467,2,2026-06-18,RPC,,
1821,467,2,2026-06-05,No answer,,
1822,467,2,2026-05-28,No answer,,
1823,468,6,2026-05-14,RPC,,
1824,468,6,2026-05-25,Wrong number,,
1825,468,6,2026-06-12,RPC,,
1826,468,6,2026-05-08,PTP,2026-05-22,10000
1827,468,6,2026-05-28,RPC,,
1828,468,6,2026-06-04,No answer,,
1829,468,6,2026-05-18,RPC,,
1830,469,3,2026-04-29,No answer,,
1831,469,3,2026-06-15,RPC,,
1832,469,3,2026-06-25,No answer,,
1833,469,3,2026-05-22,No answer,,
1834,469,3,2026-04-25,No answer,,
1835,469,3,2026-06-12,No answer,,
1836,470,2,2026-05-02,PTP,2026-05-16,10000
1837,470,2,2026-05-30,No answer,,
1838,470,2,2026-03-19,Wrong number,,
1839,470,2,2026-06-02,No answer,,
1840,470,2,2026-06-18,RPC,,
1841,470,2,2026-06-04,No answer,,
1842,471,2,2026-06-17,No answer,,
1843,472,4,2026-06-09,RPC,,
1844,472,4,2026-05-24,RPC,,
1845,472,4,2026-05-27,No answer,,
1846,473,1,2026-06-25,RPC,,
1847,474,4,2026-05-17,Wrong number,,
1848,474,4,2026-06-14,No answer,,
1849,474,4,2026-06-21,RPC,,
1850,474,4,2026-05-09,PTP,2026-05-23,10000
1851,474,4,2026-05-10,No answer,,
1852,474,4,2026-04-29,RPC,,
1853,474,4,2026-06-18,No answer,,
1854,474,4,2026-05-09,RPC,,
1855,475,1,2026-06-08,PTP,2026-06-22,10000
1856,475,1,2026-05-31,RPC,,
1857,475,1,2026-06-07,No answer,,
1858,476,3,2026-04-12,PTP,2026-04-26,10000
1859,476,3,2026-06-04,No answer,,
1860,476,3,2026-04-15,No answer,,
1861,477,6,2026-05-26,No answer,,
1862,477,6,2026-06-27,No answer,,
1863,477,6,2026-04-12,RPC,,
1864,477,6,2026-06-18,No answer,,
1865,477,6,2026-06-26,No answer,,
1866,477,6,2026-04-28,No answer,,
1867,477,6,2026-05-16,Wrong number,,
1868,477,6,2026-05-31,No answer,,
1869,478,1,2026-02-08,No answer,,
1870,479,5,2026-04-26,No answer,,
1871,479,5,2026-04-12,RPC,,
1872,479,5,2026-05-16,RPC,,
1873,480,1,2026-02-11,No answer,,
1874,481,2,2026-05-04,PTP,2026-05-18,10000
1875,481,2,2026-03-26,No answer,,
1876,481,2,2026-06-06,RPC,,
1877,481,2,2026-05-17,No answer,,
1878,481,2,2026-02-20,No answer,,
1879,481,2,2026-05-19,No answer,,
1880,481,2,2026-04-22,RPC,,
1881,482,2,2026-06-08,PTP,2026-06-22,10000
1882,484,2,2026-05-27,No answer,,
1883,484,2,2026-06-26,PTP,2026-07-10,10000
1884,485,4,2026-05-04,Wrong number,,
1885,485,4,2026-04-30,PTP,2026-05-14,10000
1886,485,4,2026-04-11,No answer,,
1887,485,4,2026-06-05,RPC,,
1888,485,4,2026-06-09,No answer,,
1889,485,4,2026-04-29,No answer,,
1890,485,4,2026-06-19,RPC,,
1891,486,2,2026-05-14,No answer,,
1892,486,2,2026-05-05,No answer,,
1893,486,2,2026-06-09,RPC,,
1894,486,2,2026-05-17,No answer,,
1895,486,2,2026-03-25,PTP,2026-04-08,10000
1896,486,2,2026-04-22,Wrong number,,
1897,487,3,2026-06-28,No answer,,
1898,487,3,2026-06-26,No answer,,
1899,489,6,2026-06-08,No answer,,
1900,489,6,2026-04-19,No answer,,
1901,489,6,2026-04-27,RPC,,
1902,489,6,2026-06-16,No answer,,
1903,490,3,2026-04-23,PTP,2026-05-07,10000
1904,490,3,2026-06-10,No answer,,
1905,490,3,2026-06-14,No answer,,
1906,490,3,2026-05-29,Wrong number,,
1907,490,3,2026-05-18,Wrong number,,
1908,490,3,2026-05-24,No answer,,
1909,490,3,2026-06-30,RPC,,
1910,491,2,2026-06-14,No answer,,
1911,491,2,2026-05-19,RPC,,
1912,491,2,2026-05-24,No answer,,
1913,491,2,2026-06-17,No answer,,
1914,491,2,2026-06-07,No answer,,
1915,491,2,2026-05-18,RPC,,
1916,493,3,2026-06-22,PTP,2026-07-06,10000
1917,493,3,2026-02-18,No answer,,
1918,493,3,2026-02-16,No answer,,
1919,493,3,2026-04-23,No answer,,
1920,493,3,2026-04-30,RPC,,
1921,494,6,2026-05-18,RPC,,
1922,494,6,2026-06-21,RPC,,
1923,495,6,2026-04-27,No answer,,
1924,495,6,2026-05-23,RPC,,
1925,495,6,2026-05-31,Wrong number,,
1926,496,6,2026-03-28,No answer,,
1927,496,6,2026-04-16,No answer,,
1928,496,6,2026-05-18,RPC,,
1929,496,6,2026-05-08,RPC,,
1930,496,6,2026-06-09,PTP,2026-06-23,10000
1931,496,6,2026-06-02,No answer,,
1932,497,1,2026-03-29,No answer,,
1933,497,1,2026-05-28,No answer,,
1934,497,1,2026-04-28,PTP,2026-05-12,10000
1935,497,1,2026-03-07,No answer,,
1936,497,1,2026-03-08,RPC,,
1937,497,1,2026-04-11,No answer,,
1938,498,3,2026-05-17,No answer,,
1939,498,3,2026-06-22,Wrong number,,
1940,498,3,2026-05-04,No answer,,
1941,499,1,2026-06-11,RPC,,
1942,499,1,2026-06-10,No answer,,
1943,499,1,2026-04-11,RPC,,
1944,499,1,2026-04-19,No answer,,
1945,500,5,2026-02-08,No answer,,
1946,500,5,2026-06-21,RPC,,
1947,500,5,2026-04-27,No answer,,
1948,500,5,2026-02-08,No answer,,
1949,500,5,2026-03-23,No answer,,
1950,500,5,2026-02-26,RPC,,
1951,500,5,2026-04-12,RPC,,
1952,500,5,2026-06-15,No answer,,
1953,501,2,2026-02-12,No answer,,
1954,502,1,2026-04-28,Wrong number,,
1955,502,1,2026-06-26,Wrong number,,
1956,503,4,2026-06-28,No answer,,
1957,503,4,2026-06-07,No answer,,
1958,503,4,2026-05-15,RPC,,
1959,503,4,2026-05-12,No answer,,
1960,504,4,2026-03-28,RPC,,
1961,504,4,2026-05-04,RPC,,
1962,504,4,2026-06-01,RPC,,
1963,504,4,2026-06-11,No answer,,
1964,504,4,2026-04-30,RPC,,
1965,504,4,2026-06-28,RPC,,
1966,504,4,2026-04-14,PTP,2026-04-28,10000
1967,505,3,2026-04-13,No answer,,
1968,505,3,2026-03-09,No answer,,
1969,505,3,2026-06-28,No answer,,
1970,505,3,2026-03-11,PTP,2026-03-25,10000
1971,505,3,2026-06-18,RPC,,
1972,505,3,2026-05-06,RPC,,
1973,506,2,2026-05-20,No answer,,
1974,506,2,2026-06-08,RPC,,
1975,506,2,2026-05-11,No answer,,
1976,506,2,2026-06-23,Wrong number,,
1977,507,1,2026-06-04,PTP,2026-06-18,10000
1978,507,1,2026-06-17,Wrong number,,
1979,508,4,2026-03-14,No answer,,
1980,508,4,2026-04-30,No answer,,
1981,508,4,2026-05-12,RPC,,
1982,508,4,2026-02-11,No answer,,
1983,509,3,2026-04-02,No answer,,
1984,509,3,2026-05-06,No answer,,
1985,509,3,2026-05-14,No answer,,
1986,509,3,2026-03-02,RPC,,
1987,510,2,2026-05-11,Wrong number,,
1988,510,2,2026-04-26,No answer,,
1989,511,6,2026-03-30,No answer,,
1990,511,6,2026-05-13,RPC,,
1991,511,6,2026-05-21,PTP,2026-06-04,10000
1992,511,6,2026-06-17,No answer,,
1993,511,6,2026-05-02,No answer,,
1994,511,6,2026-05-10,RPC,,
1995,512,5,2026-06-05,Wrong number,,
1996,512,5,2026-05-07,RPC,,
1997,512,5,2026-06-25,Wrong number,,
1998,513,4,2026-06-28,RPC,,
1999,513,4,2026-05-22,No answer,,
2000,513,4,2026-03-23,No answer,,
2001,513,4,2026-04-20,RPC,,
2002,513,4,2026-06-08,No answer,,
2003,513,4,2026-06-01,No answer,,
2004,513,4,2026-04-23,Wrong number,,
2005,514,1,2026-06-28,PTP,2026-07-12,10000
2006,514,1,2026-04-12,No answer,,
2007,514,1,2026-06-20,RPC,,
2008,514,1,2026-04-14,No answer,,
2009,514,1,2026-05-04,RPC,,
2010,514,1,2026-03-26,RPC,,
2011,514,1,2026-06-13,RPC,,
2012,514,1,2026-04-09,No answer,,
2013,516,4,2026-06-04,No answer,,
2014,516,4,2026-05-21,RPC,,
2015,516,4,2026-06-13,No answer,,
2016,516,4,2026-06-18,RPC,,
2017,517,2,2026-06-11,RPC,,
2018,517,2,2026-06-20,No answer,,
2019,518,3,2026-06-01,No answer,,
2020,519,1,2026-04-20,Wrong number,,
2021,519,1,2026-04-23,RPC,,
2022,519,1,2026-06-14,No answer,,
2023,519,1,2026-06-03,PTP,2026-06-17,10000
2024,519,1,2026-06-17,RPC,,
2025,519,1,2026-06-16,No answer,,
2026,520,5,2026-03-17,No answer,,
2027,520,5,2026-04-28,PTP,2026-05-12,10000
2028,520,5,2026-02-27,RPC,,
2029,520,5,2026-06-13,No answer,,
2030,520,5,2026-06-10,RPC,,
2031,520,5,2026-03-28,Wrong number,,
2032,520,5,2026-06-19,RPC,,
2033,521,2,2026-06-26,No answer,,
2034,522,2,2026-06-30,No answer,,
2035,522,2,2026-06-10,No answer,,
2036,522,2,2026-05-04,RPC,,
2037,522,2,2026-05-06,No answer,,
2038,522,2,2026-05-25,RPC,,
2039,522,2,2026-06-24,No answer,,
2040,523,1,2026-04-19,No answer,,
2041,523,1,2026-04-28,No answer,,
2042,523,1,2026-03-27,No answer,,
2043,524,1,2026-05-18,RPC,,
2044,524,1,2026-05-16,No answer,,
2045,524,1,2026-06-11,Wrong number,,
2046,525,2,2026-04-19,No answer,,
2047,525,2,2026-06-11,RPC,,
2048,525,2,2026-02-05,No answer,,
2049,525,2,2026-06-28,No answer,,
2050,525,2,2026-02-06,Wrong number,,
2051,525,2,2026-02-20,RPC,,
2052,525,2,2026-04-05,No answer,,
2053,525,2,2026-05-26,No answer,,
2054,526,1,2026-06-06,No answer,,
2055,526,1,2026-06-24,No answer,,
2056,527,3,2026-06-26,RPC,,
2057,527,3,2026-06-19,No answer,,
2058,527,3,2026-05-29,RPC,,
2059,527,3,2026-05-15,No answer,,
2060,527,3,2026-05-29,No answer,,
2061,527,3,2026-06-30,No answer,,
2062,527,3,2026-05-26,Wrong number,,
2063,527,3,2026-06-28,No answer,,
2064,528,4,2026-06-06,No answer,,
2065,529,6,2026-06-12,No answer,,
2066,529,6,2026-05-03,No answer,,
2067,529,6,2026-04-21,RPC,,
2068,529,6,2026-04-02,No answer,,
2069,529,6,2026-02-17,No answer,,
2070,529,6,2026-03-25,Wrong number,,
2071,529,6,2026-05-11,RPC,,
2072,530,4,2026-02-04,RPC,,
2073,530,4,2026-04-09,No answer,,
2074,530,4,2026-04-02,No answer,,
2075,530,4,2026-01-19,No answer,,
2076,530,4,2026-01-28,Wrong number,,
2077,530,4,2026-03-04,No answer,,
2078,530,4,2026-05-22,Wrong number,,
2079,531,1,2026-01-15,No answer,,
2080,531,1,2026-06-07,RPC,,
2081,531,1,2026-03-07,PTP,2026-03-21,10000
2082,531,1,2026-02-06,RPC,,
2083,532,6,2026-05-31,RPC,,
2084,532,6,2026-05-26,RPC,,
2085,532,6,2026-05-21,RPC,,
2086,533,3,2026-03-30,PTP,2026-04-13,10000
2087,534,3,2026-06-24,RPC,,
2088,534,3,2026-05-21,No answer,,
2089,534,3,2026-05-16,No answer,,
2090,534,3,2026-06-20,No answer,,
2091,534,3,2026-05-19,No answer,,
2092,534,3,2026-06-22,No answer,,
2093,534,3,2026-05-15,RPC,,
2094,536,1,2026-06-15,RPC,,
2095,536,1,2026-05-22,RPC,,
2096,536,1,2026-06-23,No answer,,
2097,536,1,2026-06-06,RPC,,
2098,536,1,2026-06-22,No answer,,
2099,536,1,2026-06-24,RPC,,
2100,537,2,2026-06-25,PTP,2026-07-09,10000
2101,537,2,2026-05-18,RPC,,
2102,537,2,2026-06-16,No answer,,
2103,537,2,2026-06-18,No answer,,
2104,538,3,2026-05-07,No answer,,
2105,538,3,2026-05-07,No answer,,
2106,539,4,2026-03-21,RPC,,
2107,540,1,2026-06-02,No answer,,
2108,540,1,2026-06-30,RPC,,
2109,540,1,2026-06-05,No answer,,
2110,542,1,2026-04-21,No answer,,
2111,542,1,2026-05-11,No answer,,
2112,542,1,2026-05-12,No answer,,
2113,543,5,2026-05-18,PTP,2026-06-01,10000
2114,543,5,2026-05-28,No answer,,
2115,543,5,2026-05-08,RPC,,
2116,543,5,2026-04-04,No answer,,
2117,543,5,2026-05-07,RPC,,
2118,544,5,2026-03-03,No answer,,
2119,544,5,2026-06-05,No answer,,
2120,544,5,2026-02-14,No answer,,
2121,544,5,2026-06-22,No answer,,
2122,544,5,2026-01-26,PTP,2026-02-09,10000
2123,545,5,2026-06-09,No answer,,
2124,545,5,2026-04-28,RPC,,
2125,545,5,2026-05-04,No answer,,
2126,545,5,2026-04-02,No answer,,
2127,545,5,2026-05-11,No answer,,
2128,545,5,2026-03-30,No answer,,
2129,545,5,2026-06-09,RPC,,
2130,545,5,2026-04-14,No answer,,
2131,546,6,2026-06-07,No answer,,
2132,546,6,2026-06-30,No answer,,
2133,546,6,2026-06-02,RPC,,
2134,546,6,2026-04-07,PTP,2026-04-21,10000
2135,546,6,2026-04-22,RPC,,
2136,546,6,2026-05-13,RPC,,
2137,546,6,2026-06-15,No answer,,
2138,547,3,2026-04-30,Wrong number,,
2139,547,3,2026-03-26,Wrong number,,
2140,547,3,2026-05-27,RPC,,
2141,547,3,2026-04-02,RPC,,
2142,547,3,2026-06-28,No answer,,
2143,547,3,2026-03-29,No answer,,
2144,548,6,2026-06-28,No answer,,
2145,548,6,2026-05-03,No answer,,
2146,549,2,2026-05-09,Wrong number,,
2147,549,2,2026-03-11,PTP,2026-03-25,10000
2148,549,2,2026-02-23,No answer,,
2149,549,2,2026-05-13,RPC,,
2150,549,2,2026-05-27,RPC,,
2151,550,4,2026-05-11,RPC,,
2152,551,4,2026-04-17,No answer,,
2153,551,4,2026-06-07,No answer,,
2154,551,4,2026-06-16,Wrong number,,
2155,551,4,2026-06-11,Wrong number,,
2156,552,3,2026-06-14,Wrong number,,
2157,552,3,2026-05-30,No answer,,
2158,552,3,2026-05-26,No answer,,
2159,553,4,2026-04-13,RPC,,
2160,554,2,2026-03-30,No answer,,
2161,554,2,2026-05-26,RPC,,
2162,554,2,2026-06-19,No answer,,
2163,554,2,2026-06-02,No answer,,
2164,554,2,2026-03-06,RPC,,
2165,555,4,2026-04-12,RPC,,
2166,555,4,2026-03-01,PTP,2026-03-15,10000
2167,556,6,2026-05-17,RPC,,
2168,556,6,2026-06-01,RPC,,
2169,556,6,2026-02-08,RPC,,
2170,556,6,2026-04-11,RPC,,
2171,557,1,2026-03-07,RPC,,
2172,557,1,2026-03-18,No answer,,
2173,557,1,2026-05-14,RPC,,
2174,557,1,2026-05-17,No answer,,
2175,557,1,2026-03-01,RPC,,
2176,557,1,2026-02-01,PTP,2026-02-15,10000
2177,558,4,2026-05-15,Wrong number,,
2178,558,4,2026-05-16,No answer,,
2179,558,4,2026-05-02,RPC,,
2180,558,4,2026-03-19,RPC,,
2181,558,4,2026-06-11,No answer,,
2182,558,4,2026-04-02,RPC,,
2183,559,5,2026-06-01,PTP,2026-06-15,10000
2184,559,5,2026-05-26,No answer,,
2185,559,5,2026-06-02,No answer,,
2186,559,5,2026-06-04,RPC,,
2187,560,6,2026-03-31,No answer,,
2188,560,6,2026-04-08,Wrong number,,
2189,560,6,2026-05-14,No answer,,
2190,560,6,2026-04-22,No answer,,
2191,560,6,2026-04-21,No answer,,
2192,560,6,2026-05-23,No answer,,
2193,562,4,2026-06-06,RPC,,
2194,563,1,2026-03-28,No answer,,
2195,563,1,2026-03-25,PTP,2026-04-08,10000
2196,563,1,2026-06-20,No answer,,
2197,563,1,2026-04-02,No answer,,
2198,563,1,2026-03-16,RPC,,
2199,563,1,2026-04-28,No answer,,
2200,563,1,2026-06-24,RPC,,
2201,563,1,2026-02-06,No answer,,
2202,564,1,2026-01-14,No answer,,
2203,564,1,2026-02-06,RPC,,
2204,564,1,2026-04-12,RPC,,
2205,565,1,2026-04-26,No answer,,
2206,565,1,2026-02-08,No answer,,
2207,565,1,2026-05-31,No answer,,
2208,565,1,2026-04-11,PTP,2026-04-25,10000
2209,566,4,2026-06-23,Wrong number,,
2210,566,4,2026-06-27,No answer,,
2211,566,4,2026-06-29,No answer,,
2212,567,6,2026-05-07,Wrong number,,
2213,567,6,2026-06-18,No answer,,
2214,567,6,2026-02-10,RPC,,
2215,567,6,2026-01-26,No answer,,
2216,567,6,2026-02-17,No answer,,
2217,568,1,2026-06-28,No answer,,
2218,568,1,2026-05-26,RPC,,
2219,568,1,2026-06-13,No answer,,
2220,568,1,2026-05-06,No answer,,
2221,568,1,2026-05-19,RPC,,
2222,569,4,2026-06-07,Wrong number,,
2223,569,4,2026-06-22,PTP,2026-07-06,10000
2224,569,4,2026-05-11,RPC,,
2225,569,4,2026-06-02,RPC,,
2226,569,4,2026-05-30,No answer,,
2227,569,4,2026-05-06,No answer,,
2228,569,4,2026-06-22,No answer,,
2229,570,1,2026-02-22,No answer,,
2230,570,1,2026-06-11,PTP,2026-06-25,10000
2231,570,1,2026-04-30,Wrong number,,
2232,570,1,2026-05-26,Wrong number,,
2233,570,1,2026-04-03,No answer,,
2234,570,1,2026-04-13,RPC,,
2235,573,2,2026-03-29,No answer,,
2236,573,2,2026-05-31,RPC,,
2237,574,2,2026-06-09,Wrong number,,
2238,574,2,2026-06-22,No answer,,
2239,574,2,2026-06-13,No answer,,
2240,574,2,2026-04-26,No answer,,
2241,575,1,2026-04-05,No answer,,
2242,575,1,2026-06-19,RPC,,
2243,575,1,2026-03-27,No answer,,
2244,576,1,2026-05-24,No answer,,
2245,576,1,2026-04-09,RPC,,
2246,576,1,2026-04-01,No answer,,
2247,577,5,2026-06-27,RPC,,
2248,577,5,2026-06-26,No answer,,
2249,577,5,2026-06-10,RPC,,
2250,577,5,2026-05-25,No answer,,
2251,577,5,2026-06-06,RPC,,
2252,577,5,2026-06-25,No answer,,
2253,577,5,2026-06-10,No answer,,
2254,578,4,2026-06-21,No answer,,
2255,578,4,2026-06-05,No answer,,
2256,578,4,2026-06-12,No answer,,
2257,579,5,2026-05-25,No answer,,
2258,579,5,2026-05-07,No answer,,
2259,579,5,2026-04-12,PTP,2026-04-26,10000
2260,579,5,2026-04-08,RPC,,
2261,579,5,2026-06-04,RPC,,
2262,579,5,2026-06-24,No answer,,
2263,579,5,2026-04-27,No answer,,
2264,580,1,2026-05-23,No answer,,
2265,581,1,2026-04-07,RPC,,
2266,581,1,2026-02-28,PTP,2026-03-14,10000
2267,581,1,2026-06-15,RPC,,
2268,581,1,2026-04-19,Wrong number,,
2269,581,1,2026-04-29,No answer,,
2270,582,2,2026-06-20,No answer,,
2271,582,2,2026-05-25,No answer,,
2272,582,2,2026-06-27,RPC,,
2273,582,2,2026-01-16,No answer,,
2274,583,1,2026-06-04,No answer,,
2275,584,1,2026-02-08,No answer,,
2276,584,1,2026-04-13,RPC,,
2277,584,1,2026-02-20,No answer,,
2278,585,4,2026-06-12,No answer,,
2279,585,4,2026-06-22,No answer,,
2280,586,5,2026-06-09,Wrong number,,
2281,586,5,2026-06-19,No answer,,
2282,587,3,2026-06-07,RPC,,
2283,587,3,2026-05-14,No answer,,
2284,587,3,2026-05-29,No answer,,
2285,587,3,2026-05-26,No answer,,
2286,587,3,2026-05-29,PTP,2026-06-12,10000
2287,587,3,2026-04-25,RPC,,
2288,587,3,2026-06-03,No answer,,
2289,587,3,2026-03-16,No answer,,
2290,588,3,2026-06-19,No answer,,
2291,588,3,2026-06-22,RPC,,
2292,589,6,2026-06-27,RPC,,
2293,589,6,2026-06-16,No answer,,
2294,589,6,2026-06-11,RPC,,
2295,589,6,2026-06-29,No answer,,
2296,589,6,2026-06-24,RPC,,
2297,591,2,2026-04-12,No answer,,
2298,591,2,2026-03-25,RPC,,
2299,591,2,2026-05-15,No answer,,
2300,591,2,2026-03-27,No answer,,
2301,592,1,2026-06-22,RPC,,
2302,592,1,2026-06-21,RPC,,
2303,592,1,2026-05-29,No answer,,
2304,593,4,2026-05-06,No answer,,
2305,594,5,2026-05-15,RPC,,
2306,594,5,2026-06-12,Wrong number,,
2307,594,5,2026-04-18,PTP,2026-05-02,10000
2308,594,5,2026-06-21,No answer,,
2309,594,5,2026-05-14,No answer,,
2310,595,4,2026-02-28,No answer,,
2311,595,4,2026-06-26,No answer,,
2312,595,4,2026-03-16,No answer,,
2313,595,4,2026-05-01,RPC,,
2314,595,4,2026-04-24,RPC,,
2315,595,4,2026-04-09,RPC,,
2316,595,4,2026-03-08,RPC,,
2317,596,2,2026-04-20,No answer,,
2318,596,2,2026-05-17,RPC,,
2319,596,2,2026-04-28,RPC,,
2320,596,2,2026-06-10,Wrong number,,
2321,596,2,2026-06-13,RPC,,
2322,596,2,2026-06-21,PTP,2026-07-05,10000
2323,597,4,2026-01-30,No answer,,
2324,597,4,2026-06-29,No answer,,
2325,598,4,2026-06-04,No answer,,
2326,598,4,2026-06-19,RPC,,
2327,598,4,2026-05-28,No answer,,
2328,598,4,2026-06-24,No answer,,
2329,598,4,2026-05-13,Wrong number,,
2330,598,4,2026-05-23,No answer,,
2331,598,4,2026-06-07,No answer,,
2332,599,6,2026-06-26,No answer,,
2333,599,6,2026-06-27,No answer,,
2334,599,6,2026-04-16,No answer,,
2335,599,6,2026-04-06,No answer,,
2336,599,6,2026-04-12,RPC,,
2337,601,4,2026-02-27,RPC,,
2338,601,4,2026-05-28,PTP,2026-06-11,10000
2339,601,4,2026-03-28,Wrong number,,
2340,601,4,2026-04-25,RPC,,
2341,603,6,2026-05-09,No answer,,
2342,603,6,2026-06-05,RPC,,
2343,603,6,2026-05-18,No answer,,
2344,603,6,2026-06-28,RPC,,
2345,603,6,2026-05-23,No answer,,
2346,603,6,2026-05-11,No answer,,
2347,604,1,2026-05-24,PTP,2026-06-07,10000
2348,604,1,2026-03-26,No answer,,
2349,604,1,2026-05-04,No answer,,
2350,604,1,2026-05-20,No answer,,
2351,604,1,2026-06-28,No answer,,
2352,604,1,2026-06-01,RPC,,
2353,605,4,2026-05-18,No answer,,
2354,605,4,2026-05-20,No answer,,
2355,605,4,2026-06-08,No answer,,
2356,605,4,2026-06-28,Wrong number,,
2357,605,4,2026-06-28,No answer,,
2358,606,1,2026-06-10,No answer,,
2359,607,3,2026-04-29,RPC,,
2360,607,3,2026-05-16,PTP,2026-05-30,10000
2361,607,3,2026-04-10,No answer,,
2362,607,3,2026-05-01,RPC,,
2363,607,3,2026-04-20,Wrong number,,
2364,607,3,2026-06-14,No answer,,
2365,608,4,2026-06-12,RPC,,
2366,608,4,2026-04-26,No answer,,
2367,608,4,2026-06-06,PTP,2026-06-20,10000
2368,608,4,2026-06-05,No answer,,
2369,608,4,2026-04-17,RPC,,
2370,609,1,2026-02-10,RPC,,
2371,609,1,2026-05-15,Wrong number,,
2372,609,1,2026-03-26,RPC,,
2373,609,1,2026-03-18,No answer,,
2374,609,1,2026-04-07,No answer,,
2375,610,2,2026-06-19,No answer,,
2376,610,2,2026-06-14,PTP,2026-06-28,10000
2377,610,2,2026-04-07,RPC,,
2378,611,5,2026-05-09,RPC,,
2379,612,4,2026-04-22,No answer,,
2380,612,4,2026-06-04,RPC,,
2381,612,4,2026-04-20,No answer,,
2382,612,4,2026-06-19,RPC,,
2383,612,4,2026-06-10,No answer,,
2384,612,4,2026-04-30,No answer,,
2385,612,4,2026-05-18,RPC,,
2386,613,6,2026-06-14,No answer,,
2387,613,6,2026-06-02,No answer,,
2388,613,6,2026-06-29,RPC,,
2389,614,3,2026-03-26,Wrong number,,
2390,614,3,2026-03-11,No answer,,
2391,615,3,2026-06-04,RPC,,
2392,615,3,2026-06-30,No answer,,
2393,615,3,2026-04-21,No answer,,
2394,615,3,2026-05-12,RPC,,
2395,616,1,2026-06-07,Wrong number,,
2396,616,1,2026-06-26,PTP,2026-07-10,10000
2397,616,1,2026-04-27,No answer,,
2398,616,1,2026-06-30,No answer,,
2399,616,1,2026-04-20,RPC,,
2400,617,5,2026-05-09,RPC,,
2401,617,5,2026-05-13,No answer,,
2402,617,5,2026-05-28,No answer,,
2403,617,5,2026-05-18,No answer,,
2404,617,5,2026-06-27,RPC,,
2405,617,5,2026-05-16,RPC,,
2406,618,4,2026-04-10,No answer,,
2407,618,4,2026-06-09,RPC,,
2408,618,4,2026-06-09,RPC,,
2409,618,4,2026-04-09,No answer,,
2410,618,4,2026-06-07,No answer,,
2411,618,4,2026-05-04,RPC,,
2412,618,4,2026-04-25,RPC,,
2413,618,4,2026-06-24,RPC,,
2414,619,2,2026-06-01,RPC,,
2415,619,2,2026-03-08,PTP,2026-03-22,10000
2416,619,2,2026-03-16,Wrong number,,
2417,620,2,2026-03-07,No answer,,
2418,621,4,2026-06-19,RPC,,
2419,622,1,2026-06-30,No answer,,
2420,622,1,2026-05-06,No answer,,
2421,622,1,2026-04-23,No answer,,
2422,622,1,2026-06-27,No answer,,
2423,622,1,2026-06-11,No answer,,
2424,622,1,2026-04-06,No answer,,
2425,622,1,2026-05-11,RPC,,
2426,623,4,2026-06-23,No answer,,
2427,623,4,2026-06-08,No answer,,
2428,623,4,2026-06-23,Wrong number,,
2429,623,4,2026-05-22,No answer,,
2430,623,4,2026-05-17,RPC,,
2431,623,4,2026-05-24,No answer,,
2432,624,5,2026-04-30,No answer,,
2433,624,5,2026-06-26,No answer,,
2434,625,5,2026-05-02,No answer,,
2435,625,5,2026-05-14,RPC,,
2436,626,3,2026-05-06,RPC,,
2437,626,3,2026-04-08,PTP,2026-04-22,10000
2438,626,3,2026-06-28,No answer,,
2439,626,3,2026-06-20,No answer,,
2440,626,3,2026-06-14,RPC,,
2441,626,3,2026-04-28,RPC,,
2442,627,4,2026-03-10,No answer,,
2443,628,1,2026-05-06,RPC,,
2444,629,3,2026-04-22,PTP,2026-05-06,10000
2445,630,2,2026-05-17,No answer,,
2446,630,2,2026-06-24,RPC,,
2447,630,2,2026-05-19,Wrong number,,
2448,630,2,2026-05-23,RPC,,
2449,630,2,2026-05-03,RPC,,
2450,630,2,2026-04-24,RPC,,
2451,630,2,2026-05-26,PTP,2026-06-09,10000
2452,631,6,2026-04-28,RPC,,
2453,631,6,2026-05-06,No answer,,
2454,631,6,2026-04-05,No answer,,
2455,631,6,2026-06-24,No answer,,
2456,631,6,2026-05-23,RPC,,
2457,632,1,2026-02-01,Wrong number,,
2458,633,5,2026-06-09,No answer,,
2459,633,5,2026-06-01,RPC,,
2460,633,5,2026-05-27,No answer,,
2461,633,5,2026-06-28,No answer,,
2462,633,5,2026-06-25,RPC,,
2463,633,5,2026-06-19,RPC,,
2464,634,3,2026-05-11,Wrong number,,
2465,634,3,2026-05-24,Wrong number,,
2466,634,3,2026-05-08,RPC,,
2467,634,3,2026-06-25,PTP,2026-07-09,10000
2468,635,2,2026-06-19,PTP,2026-07-03,10000
2469,635,2,2026-06-17,RPC,,
2470,636,2,2026-06-20,RPC,,
2471,636,2,2026-04-25,No answer,,
2472,637,4,2026-06-02,No answer,,
2473,637,4,2026-05-03,RPC,,
2474,637,4,2026-06-21,RPC,,
2475,637,4,2026-04-18,PTP,2026-05-02,10000
2476,637,4,2026-06-10,RPC,,
2477,637,4,2026-06-12,No answer,,
2478,637,4,2026-05-03,No answer,,
2479,638,6,2026-05-29,No answer,,
2480,638,6,2026-06-07,No answer,,
2481,638,6,2026-06-04,No answer,,
2482,638,6,2026-05-30,RPC,,
2483,638,6,2026-05-31,PTP,2026-06-14,10000
2484,638,6,2026-05-12,No answer,,
2485,638,6,2026-05-25,RPC,,
2486,638,6,2026-06-02,RPC,,
2487,639,6,2026-03-23,No answer,,
2488,639,6,2026-04-18,No answer,,
2489,639,6,2026-03-19,No answer,,
2490,639,6,2026-04-06,No answer,,
2491,639,6,2026-05-17,RPC,,
2492,640,6,2026-02-13,RPC,,
2493,640,6,2026-01-23,No answer,,
2494,640,6,2026-04-04,No answer,,
2495,640,6,2026-04-21,PTP,2026-05-05,10000
2496,640,6,2026-03-24,RPC,,
2497,641,3,2026-02-20,No answer,,
2498,641,3,2026-01-11,No answer,,
2499,641,3,2026-03-06,No answer,,
2500,641,3,2026-01-24,No answer,,
2501,641,3,2026-05-09,No answer,,
2502,641,3,2026-04-24,RPC,,
2503,641,3,2026-05-25,No answer,,
2504,641,3,2026-06-11,RPC,,
2505,642,4,2026-05-03,No answer,,
2506,643,2,2026-06-01,RPC,,
2507,643,2,2026-06-21,No answer,,
2508,643,2,2026-06-02,No answer,,
2509,644,6,2026-06-11,RPC,,
2510,644,6,2026-04-16,No answer,,
2511,644,6,2026-05-29,No answer,,
2512,644,6,2026-06-08,PTP,2026-06-22,10000
2513,645,6,2026-06-20,No answer,,
2514,645,6,2026-03-10,No answer,,
2515,646,5,2026-04-20,No answer,,
2516,646,5,2026-04-26,Wrong number,,
2517,646,5,2026-04-08,RPC,,
2518,646,5,2026-06-15,RPC,,
2519,646,5,2026-05-06,No answer,,
2520,646,5,2026-04-16,No answer,,
2521,646,5,2026-05-25,RPC,,
2522,647,6,2026-05-26,PTP,2026-06-09,10000
2523,648,5,2026-06-07,No answer,,
2524,649,2,2026-06-26,RPC,,
2525,649,2,2026-06-13,RPC,,
2526,649,2,2026-05-20,Wrong number,,
2527,650,1,2026-05-26,No answer,,
2528,650,1,2026-05-26,RPC,,
2529,650,1,2026-06-24,No answer,,
2530,650,1,2026-06-30,No answer,,
2531,650,1,2026-06-24,No answer,,
2532,651,1,2026-02-21,No answer,,
2533,651,1,2026-05-11,No answer,,
2534,651,1,2026-03-10,No answer,,
2535,651,1,2026-06-06,No answer,,
2536,652,2,2026-06-10,No answer,,
2537,652,2,2026-06-26,No answer,,
2538,652,2,2026-05-18,PTP,2026-06-01,10000
2539,652,2,2026-05-21,No answer,,
2540,652,2,2026-05-29,No answer,,
2541,652,2,2026-06-20,Wrong number,,
2542,653,4,2026-04-28,Wrong number,,
2543,653,4,2026-06-08,No answer,,
2544,653,4,2026-05-31,No answer,,
2545,653,4,2026-03-11,Wrong number,,
2546,653,4,2026-06-04,No answer,,
2547,653,4,2026-05-06,RPC,,
2548,653,4,2026-02-18,No answer,,
2549,653,4,2026-04-14,No answer,,
2550,654,5,2026-05-15,RPC,,
2551,654,5,2026-06-11,No answer,,
2552,654,5,2026-06-13,PTP,2026-06-27,10000
2553,654,5,2026-05-26,No answer,,
2554,654,5,2026-05-06,RPC,,
2555,655,3,2026-04-13,Wrong number,,
2556,655,3,2026-04-10,Wrong number,,
2557,655,3,2026-06-06,No answer,,
2558,655,3,2026-06-20,RPC,,
2559,655,3,2026-05-14,Wrong number,,
2560,655,3,2026-06-28,Wrong number,,
2561,655,3,2026-05-29,Wrong number,,
2562,656,5,2026-04-23,PTP,2026-05-07,10000
2563,657,5,2026-06-20,No answer,,
2564,657,5,2026-06-21,Wrong number,,
2565,657,5,2026-04-23,RPC,,
2566,657,5,2026-05-22,RPC,,
2567,657,5,2026-04-27,RPC,,
2568,657,5,2026-03-06,No answer,,
2569,657,5,2026-03-26,No answer,,
2570,658,3,2026-04-27,No answer,,
2571,658,3,2026-06-21,No answer,,
2572,658,3,2026-04-26,No answer,,
2573,658,3,2026-04-01,No answer,,
2574,658,3,2026-06-23,PTP,2026-07-07,10000
2575,658,3,2026-04-28,RPC,,
2576,658,3,2026-04-15,No answer,,
2577,659,6,2026-06-29,Wrong number,,
2578,659,6,2026-06-04,No answer,,
2579,659,6,2026-06-09,No answer,,
2580,659,6,2026-05-26,RPC,,
2581,659,6,2026-06-10,RPC,,
2582,660,2,2026-05-10,No answer,,
2583,660,2,2026-04-06,Wrong number,,
2584,661,3,2026-06-13,No answer,,
2585,661,3,2026-05-18,PTP,2026-06-01,10000
2586,661,3,2026-05-16,RPC,,
2587,661,3,2026-06-26,RPC,,
2588,661,3,2026-06-30,No answer,,
2589,662,3,2026-06-30,No answer,,
2590,662,3,2026-06-12,No answer,,
2591,662,3,2026-06-09,RPC,,
2592,663,2,2026-03-29,PTP,2026-04-12,10000
2593,663,2,2026-06-15,RPC,,
2594,663,2,2026-06-13,No answer,,
2595,663,2,2026-05-08,Wrong number,,
2596,664,4,2026-06-22,No answer,,
2597,664,4,2026-06-10,No answer,,
2598,664,4,2026-06-17,No answer,,
2599,664,4,2026-06-03,No answer,,
2600,665,5,2026-06-18,PTP,2026-07-02,10000
2601,665,5,2026-05-03,No answer,,
2602,665,5,2026-06-20,No answer,,
2603,665,5,2026-05-23,No answer,,
2604,665,5,2026-05-19,No answer,,
2605,665,5,2026-03-26,No answer,,
2606,665,5,2026-05-01,Wrong number,,
2607,665,5,2026-03-12,RPC,,
2608,666,1,2026-05-30,RPC,,
2609,666,1,2026-05-11,PTP,2026-05-25,10000
2610,666,1,2026-05-16,RPC,,
2611,666,1,2026-05-22,Wrong number,,
2612,666,1,2026-06-15,No answer,,
2613,666,1,2026-05-17,Wrong number,,
2614,666,1,2026-06-28,Wrong number,,
2615,669,3,2026-05-18,No answer,,
2616,669,3,2026-05-29,No answer,,
2617,669,3,2026-06-03,RPC,,
2618,669,3,2026-06-07,No answer,,
2619,669,3,2026-05-23,No answer,,
2620,670,6,2026-03-07,RPC,,
2621,670,6,2026-03-12,No answer,,
2622,670,6,2026-05-06,No answer,,
2623,670,6,2026-04-10,No answer,,
2624,670,6,2026-03-03,RPC,,
2625,670,6,2026-05-11,Wrong number,,
2626,670,6,2026-06-17,No answer,,
2627,670,6,2026-03-22,No answer,,
2628,671,5,2026-06-15,No answer,,
2629,671,5,2026-05-19,RPC,,
2630,672,2,2026-03-12,No answer,,
2631,672,2,2026-03-26,PTP,2026-04-09,10000
2632,673,6,2026-04-15,No answer,,
2633,673,6,2026-05-29,No answer,,
2634,673,6,2026-05-18,No answer,,
2635,673,6,2026-04-04,PTP,2026-04-18,10000
2636,673,6,2026-05-28,RPC,,
2637,674,1,2026-05-15,No answer,,
2638,674,1,2026-05-02,No answer,,
2639,674,1,2026-02-01,No answer,,
2640,674,1,2026-04-18,Wrong number,,
2641,675,4,2026-04-15,No answer,,
2642,675,4,2026-04-21,No answer,,
2643,675,4,2026-06-24,RPC,,
2644,675,4,2026-06-22,Wrong number,,
2645,675,4,2026-05-20,RPC,,
2646,675,4,2026-06-17,No answer,,
2647,675,4,2026-05-18,No answer,,
2648,675,4,2026-05-25,PTP,2026-06-08,10000
2649,676,6,2026-03-02,RPC,,
2650,676,6,2026-04-05,No answer,,
2651,676,6,2026-03-07,No answer,,
2652,676,6,2026-06-09,RPC,,
2653,676,6,2026-01-17,No answer,,
2654,676,6,2026-04-21,No answer,,
2655,676,6,2026-02-12,PTP,2026-02-26,10000
2656,677,6,2026-06-10,RPC,,
2657,677,6,2026-04-20,RPC,,
2658,677,6,2026-06-11,No answer,,
2659,678,6,2026-05-26,No answer,,
2660,678,6,2026-06-07,No answer,,
2661,678,6,2026-06-08,RPC,,
2662,678,6,2026-03-27,RPC,,
2663,679,6,2026-05-06,No answer,,
2664,679,6,2026-06-27,RPC,,
2665,680,5,2026-04-28,Wrong number,,
2666,680,5,2026-04-16,No answer,,
2667,680,5,2026-04-25,No answer,,
2668,681,2,2026-05-01,RPC,,
2669,681,2,2026-05-02,RPC,,
2670,681,2,2026-05-03,Wrong number,,
2671,682,2,2026-03-16,PTP,2026-03-30,10000
2672,682,2,2026-04-10,No answer,,
2673,682,2,2026-06-24,No answer,,
2674,682,2,2026-04-18,No answer,,
2675,682,2,2026-03-26,Wrong number,,
2676,683,6,2026-04-04,Wrong number,,
2677,683,6,2026-03-17,Wrong number,,
2678,683,6,2026-04-08,No answer,,
2679,683,6,2026-05-25,No answer,,
2680,683,6,2026-05-04,Wrong number,,
2681,683,6,2026-05-17,RPC,,
2682,683,6,2026-05-30,PTP,2026-06-13,10000
2683,683,6,2026-04-15,No answer,,
2684,684,1,2026-02-14,No answer,,
2685,684,1,2026-05-28,PTP,2026-06-11,10000
2686,684,1,2026-05-05,No answer,,
2687,684,1,2026-05-06,No answer,,
2688,684,1,2026-03-28,RPC,,
2689,684,1,2026-04-01,No answer,,
2690,684,1,2026-05-23,No answer,,
2691,684,1,2026-03-07,No answer,,
2692,685,2,2026-05-20,RPC,,
2693,685,2,2026-05-28,RPC,,
2694,686,4,2026-06-01,No answer,,
2695,686,4,2026-05-16,No answer,,
2696,686,4,2026-05-03,No answer,,
2697,686,4,2026-05-19,No answer,,
2698,686,4,2026-06-21,No answer,,
2699,686,4,2026-04-02,RPC,,
2700,686,4,2026-03-27,PTP,2026-04-10,10000
2701,687,5,2026-06-12,RPC,,
2702,688,1,2026-05-12,No answer,,
2703,688,1,2026-05-13,No answer,,
2704,688,1,2026-04-13,No answer,,
2705,688,1,2026-06-11,No answer,,
2706,688,1,2026-06-21,RPC,,
2707,688,1,2026-06-24,No answer,,
2708,688,1,2026-05-08,Wrong number,,
2709,688,1,2026-06-28,No answer,,
2710,689,4,2026-04-20,RPC,,
2711,689,4,2026-04-24,No answer,,
2712,689,4,2026-04-17,PTP,2026-05-01,10000
2713,689,4,2026-04-22,No answer,,
2714,689,4,2026-04-27,No answer,,
2715,689,4,2026-05-31,No answer,,
2716,689,4,2026-05-05,RPC,,
2717,689,4,2026-05-25,RPC,,
2718,690,5,2026-04-23,PTP,2026-05-07,10000
2719,690,5,2026-04-22,No answer,,
2720,690,5,2026-04-18,Wrong number,,
2721,690,5,2026-06-21,No answer,,
2722,690,5,2026-06-13,Wrong number,,
2723,690,5,2026-06-02,RPC,,
2724,690,5,2026-05-08,RPC,,
2725,690,5,2026-05-04,RPC,,
2726,691,1,2026-05-30,Wrong number,,
2727,691,1,2026-03-25,No answer,,
2728,691,1,2026-02-12,PTP,2026-02-26,10000
2729,691,1,2026-05-06,RPC,,
2730,691,1,2026-02-28,RPC,,
2731,692,2,2026-02-08,No answer,,
2732,692,2,2026-05-24,No answer,,
2733,692,2,2026-06-18,No answer,,
2734,692,2,2026-03-02,No answer,,
2735,693,5,2026-04-15,PTP,2026-04-29,10000
2736,693,5,2026-03-12,RPC,,
2737,693,5,2026-06-03,No answer,,
2738,693,5,2026-05-02,RPC,,
2739,693,5,2026-04-18,No answer,,
2740,693,5,2026-06-09,RPC,,
2741,693,5,2026-05-29,No answer,,
2742,694,5,2026-01-30,RPC,,
2743,694,5,2026-03-31,RPC,,
2744,694,5,2026-04-16,No answer,,
2745,694,5,2026-06-01,RPC,,
2746,694,5,2026-05-09,No answer,,
2747,694,5,2026-04-18,No answer,,
2748,695,5,2026-06-23,PTP,2026-07-07,10000
2749,696,1,2026-05-15,No answer,,
2750,696,1,2026-05-15,No answer,,
2751,696,1,2026-05-26,RPC,,
2752,697,6,2026-06-30,RPC,,
2753,697,6,2026-02-16,RPC,,
2754,697,6,2026-02-03,RPC,,
2755,697,6,2026-03-12,PTP,2026-03-26,10000
2756,697,6,2026-02-09,No answer,,
2757,697,6,2026-02-12,No answer,,
2758,697,6,2026-03-20,No answer,,
2759,698,3,2026-05-21,No answer,,
2760,698,3,2026-06-21,RPC,,
2761,699,2,2026-06-03,Wrong number,,
2762,699,2,2026-03-05,RPC,,
2763,700,2,2026-06-22,No answer,,
2764,700,2,2026-04-03,No answer,,
2765,700,2,2026-03-25,RPC,,
2766,700,2,2026-03-22,Wrong number,,
2767,701,2,2026-04-19,PTP,2026-05-03,10000
2768,701,2,2026-03-13,RPC,,
2769,701,2,2026-06-18,No answer,,
2770,701,2,2026-05-31,RPC,,
2771,701,2,2026-06-05,No answer,,
2772,701,2,2026-06-09,RPC,,
2773,701,2,2026-04-15,Wrong number,,
2774,702,5,2026-05-11,RPC,,
2775,702,5,2026-05-13,Wrong number,,
2776,702,5,2026-04-27,No answer,,
2777,702,5,2026-04-24,No answer,,
2778,702,5,2026-05-18,No answer,,
2779,702,5,2026-06-01,No answer,,
2780,702,5,2026-05-24,No answer,,
2781,703,2,2026-05-23,PTP,2026-06-06,10000
2782,703,2,2026-06-08,No answer,,
2783,703,2,2026-05-22,No answer,,
2784,703,2,2026-06-18,RPC,,
2785,703,2,2026-06-25,No answer,,
2786,704,1,2026-03-29,No answer,,
2787,704,1,2026-04-29,No answer,,
2788,704,1,2026-06-21,RPC,,
2789,704,1,2026-06-24,No answer,,
2790,704,1,2026-03-29,No answer,,
2791,704,1,2026-03-04,No answer,,
2792,705,3,2026-05-14,No answer,,
2793,705,3,2026-04-16,RPC,,
2794,705,3,2026-04-24,RPC,,
2795,706,5,2026-04-28,No answer,,
2796,706,5,2026-06-06,No answer,,
2797,706,5,2026-05-16,PTP,2026-05-30,10000
2798,706,5,2026-05-19,RPC,,
2799,706,5,2026-05-30,RPC,,
2800,706,5,2026-06-19,RPC,,
2801,706,5,2026-06-30,No answer,,
2802,707,2,2026-03-28,No answer,,
2803,707,2,2026-04-07,No answer,,
2804,707,2,2026-04-13,RPC,,
2805,707,2,2026-04-05,Wrong number,,
2806,707,2,2026-05-24,RPC,,
2807,707,2,2026-06-27,No answer,,
2808,707,2,2026-05-22,No answer,,
2809,708,6,2026-04-23,No answer,,
2810,708,6,2026-02-19,No answer,,
2811,708,6,2026-06-22,Wrong number,,
2812,708,6,2026-04-29,PTP,2026-05-13,10000
2813,708,6,2026-06-23,RPC,,
2814,708,6,2026-04-11,RPC,,
2815,708,6,2026-04-08,RPC,,
2816,709,6,2026-04-04,RPC,,
2817,709,6,2026-05-19,RPC,,
2818,709,6,2026-02-02,No answer,,
2819,709,6,2026-03-24,No answer,,
2820,710,6,2026-05-29,No answer,,
2821,710,6,2026-04-30,RPC,,
2822,710,6,2026-02-03,PTP,2026-02-17,10000
2823,710,6,2026-05-03,No answer,,
2824,710,6,2026-06-11,No answer,,
2825,710,6,2026-02-17,Wrong number,,
2826,711,1,2026-06-24,No answer,,
2827,711,1,2026-03-27,RPC,,
2828,711,1,2026-06-14,No answer,,
2829,711,1,2026-04-15,No answer,,
2830,711,1,2026-06-29,No answer,,
2831,712,5,2026-05-19,No answer,,
2832,713,3,2026-04-14,RPC,,
2833,713,3,2026-05-04,No answer,,
2834,713,3,2026-03-09,Wrong number,,
2835,713,3,2026-05-23,RPC,,
2836,713,3,2026-05-29,No answer,,
2837,713,3,2026-06-15,No answer,,
2838,715,1,2026-05-02,No answer,,
2839,715,1,2026-04-17,RPC,,
2840,716,5,2026-06-21,No answer,,
2841,716,5,2026-05-07,Wrong number,,
2842,716,5,2026-05-08,No answer,,
2843,716,5,2026-06-13,No answer,,
2844,716,5,2026-04-22,Wrong number,,
2845,716,5,2026-05-29,Wrong number,,
2846,717,2,2026-04-21,Wrong number,,
2847,717,2,2026-06-22,No answer,,
2848,717,2,2026-04-04,RPC,,
2849,717,2,2026-04-18,No answer,,
2850,718,4,2026-05-15,No answer,,
2851,718,4,2026-04-08,No answer,,
2852,718,4,2026-04-07,RPC,,
2853,718,4,2026-04-20,No answer,,
2854,718,4,2026-06-05,RPC,,
2855,718,4,2026-05-02,RPC,,
2856,718,4,2026-06-19,No answer,,
2857,718,4,2026-06-08,RPC,,
2858,720,3,2026-06-22,No answer,,
2859,720,3,2026-05-07,Wrong number,,
2860,722,3,2026-06-27,No answer,,
2861,722,3,2026-05-01,RPC,,
2862,722,3,2026-04-18,No answer,,
2863,723,3,2026-05-05,No answer,,
2864,723,3,2026-05-13,No answer,,
2865,723,3,2026-04-20,RPC,,
2866,723,3,2026-06-16,No answer,,
2867,724,6,2026-03-25,No answer,,
2868,724,6,2026-05-05,No answer,,
2869,726,6,2026-01-17,PTP,2026-01-31,10000
2870,726,6,2026-01-28,RPC,,
2871,726,6,2026-05-08,Wrong number,,
2872,726,6,2026-05-22,RPC,,
2873,726,6,2026-01-29,No answer,,
2874,726,6,2026-02-08,Wrong number,,
2875,726,6,2026-05-13,RPC,,
2876,727,3,2026-06-12,No answer,,
2877,727,3,2026-06-11,RPC,,
2878,727,3,2026-05-29,RPC,,
2879,727,3,2026-06-20,RPC,,
2880,727,3,2026-06-15,No answer,,
2881,727,3,2026-06-16,No answer,,
2882,729,6,2026-04-08,RPC,,
2883,729,6,2026-04-12,PTP,2026-04-26,10000
2884,729,6,2026-06-06,No answer,,
2885,729,6,2026-04-11,Wrong number,,
2886,729,6,2026-04-30,RPC,,
2887,729,6,2026-06-22,RPC,,
2888,730,4,2026-03-28,Wrong number,,
2889,730,4,2026-06-03,No answer,,
2890,730,4,2026-06-04,PTP,2026-06-18,10000
2891,730,4,2026-03-28,RPC,,
2892,730,4,2026-04-27,No answer,,
2893,730,4,2026-05-27,RPC,,
2894,731,5,2026-06-01,No answer,,
2895,731,5,2026-04-12,Wrong number,,
2896,731,5,2026-03-14,PTP,2026-03-28,10000
2897,732,1,2026-04-06,RPC,,
2898,732,1,2026-03-08,No answer,,
2899,732,1,2026-06-13,PTP,2026-06-27,10000
2900,734,4,2026-06-19,No answer,,
2901,734,4,2026-06-26,No answer,,
2902,734,4,2026-06-09,RPC,,
2903,734,4,2026-06-02,RPC,,
2904,735,1,2026-06-30,RPC,,
2905,735,1,2026-04-12,No answer,,
2906,735,1,2026-05-13,No answer,,
2907,736,3,2026-06-07,RPC,,
2908,736,3,2026-06-19,No answer,,
2909,737,1,2026-06-20,RPC,,
2910,737,1,2026-05-26,Wrong number,,
2911,737,1,2026-06-23,Wrong number,,
2912,737,1,2026-05-21,PTP,2026-06-04,10000
2913,737,1,2026-05-28,RPC,,
2914,737,1,2026-05-12,No answer,,
2915,737,1,2026-05-31,No answer,,
2916,737,1,2026-06-22,No answer,,
2917,738,4,2026-03-06,RPC,,
2918,738,4,2026-01-31,No answer,,
2919,738,4,2026-03-18,No answer,,
2920,738,4,2026-06-18,RPC,,
2921,738,4,2026-03-19,RPC,,
2922,738,4,2026-02-18,No answer,,
2923,739,6,2026-05-23,No answer,,
2924,740,5,2026-04-15,RPC,,
2925,741,4,2026-04-13,Wrong number,,
2926,741,4,2026-06-26,No answer,,
2927,742,5,2026-06-26,No answer,,
2928,742,5,2026-06-24,No answer,,
2929,743,3,2026-02-23,No answer,,
2930,743,3,2026-03-28,No answer,,
2931,743,3,2026-04-24,RPC,,
2932,743,3,2026-04-16,No answer,,
2933,743,3,2026-06-22,No answer,,
2934,743,3,2026-04-16,No answer,,
2935,743,3,2026-05-31,Wrong number,,
2936,743,3,2026-03-11,No answer,,
2937,744,2,2026-02-17,RPC,,
2938,744,2,2026-02-12,RPC,,
2939,744,2,2026-05-14,No answer,,
2940,744,2,2026-05-08,No answer,,
2941,744,2,2026-03-31,RPC,,
2942,744,2,2026-03-06,No answer,,
2943,745,6,2026-05-15,Wrong number,,
2944,745,6,2026-06-25,RPC,,
2945,745,6,2026-05-20,RPC,,
2946,745,6,2026-05-13,No answer,,
2947,745,6,2026-06-05,No answer,,
2948,745,6,2026-06-21,RPC,,
2949,746,5,2026-06-24,RPC,,
2950,746,5,2026-06-21,RPC,,
2951,746,5,2026-04-15,No answer,,
2952,746,5,2026-04-09,RPC,,
2953,746,5,2026-05-11,Wrong number,,
2954,746,5,2026-06-15,RPC,,
2955,746,5,2026-04-30,RPC,,
2956,746,5,2026-05-02,RPC,,
2957,747,3,2026-05-31,No answer,,
2958,747,3,2026-06-02,Wrong number,,
2959,747,3,2026-06-07,No answer,,
2960,747,3,2026-06-19,No answer,,
2961,747,3,2026-06-23,No answer,,
2962,748,2,2026-04-09,No answer,,
2963,748,2,2026-05-02,No answer,,
2964,748,2,2026-06-12,No answer,,
2965,748,2,2026-05-16,No answer,,
2966,749,4,2026-04-30,No answer,,
2967,749,4,2026-04-04,RPC,,
2968,749,4,2026-04-12,PTP,2026-04-26,10000
2969,749,4,2026-05-08,RPC,,
2970,749,4,2026-05-20,Wrong number,,
2971,749,4,2026-04-15,Wrong number,,
2972,749,4,2026-05-03,No answer,,
2973,749,4,2026-03-17,RPC,,
2974,750,4,2026-06-23,RPC,,
2975,750,4,2026-05-09,No answer,,
2976,750,4,2026-05-10,No answer,,
2977,750,4,2026-06-10,Wrong number,,
2978,750,4,2026-05-14,RPC,,
2979,751,1,2026-05-24,No answer,,
2980,751,1,2026-05-19,No answer,,
2981,751,1,2026-05-23,PTP,2026-06-06,10000
2982,751,1,2026-06-03,RPC,,
2983,751,1,2026-05-08,No answer,,
2984,752,2,2026-06-06,No answer,,
2985,752,2,2026-06-25,No answer,,
2986,752,2,2026-06-28,RPC,,
2987,752,2,2026-06-10,PTP,2026-06-24,10000
2988,752,2,2026-06-16,No answer,,
2989,752,2,2026-06-14,RPC,,
2990,752,2,2026-06-26,Wrong number,,
2991,753,2,2026-06-04,No answer,,
2992,753,2,2026-05-28,RPC,,
2993,753,2,2026-05-27,No answer,,
2994,753,2,2026-05-13,No answer,,
2995,753,2,2026-06-10,No answer,,
2996,753,2,2026-06-15,No answer,,
2997,754,5,2026-02-28,No answer,,
2998,754,5,2026-04-06,No answer,,
2999,754,5,2026-03-10,RPC,,
3000,754,5,2026-03-06,No answer,,
3001,754,5,2026-05-06,PTP,2026-05-20,10000
3002,754,5,2026-06-30,RPC,,
3003,755,4,2026-03-15,No answer,,
3004,755,4,2026-04-17,No answer,,
3005,755,4,2026-04-19,PTP,2026-05-03,10000
3006,755,4,2026-04-06,No answer,,
3007,755,4,2026-03-25,No answer,,
3008,755,4,2026-05-17,RPC,,
3009,756,1,2026-05-21,RPC,,
3010,756,1,2026-05-26,No answer,,
3011,756,1,2026-06-29,Wrong number,,
3012,757,5,2026-04-10,RPC,,
3013,757,5,2026-03-29,No answer,,
3014,757,5,2026-04-14,No answer,,
3015,757,5,2026-03-14,No answer,,
3016,757,5,2026-03-17,RPC,,
3017,757,5,2026-05-18,RPC,,
3018,758,5,2026-03-06,No answer,,
3019,758,5,2026-03-12,No answer,,
3020,758,5,2026-04-01,Wrong number,,
3021,760,1,2026-05-17,No answer,,
3022,760,1,2026-06-16,RPC,,
3023,761,4,2026-05-29,No answer,,
3024,761,4,2026-06-20,No answer,,
3025,762,5,2026-06-05,PTP,2026-06-19,10000
3026,762,5,2026-04-29,RPC,,
3027,762,5,2026-05-27,RPC,,
3028,762,5,2026-06-18,No answer,,
3029,762,5,2026-04-16,Wrong number,,
3030,762,5,2026-05-06,No answer,,
3031,762,5,2026-05-17,No answer,,
3032,763,1,2026-03-27,No answer,,
3033,763,1,2026-03-31,No answer,,
3034,763,1,2026-01-14,No answer,,
3035,763,1,2026-06-22,RPC,,
3036,763,1,2026-05-05,RPC,,
3037,763,1,2026-02-14,RPC,,
3038,764,2,2026-05-09,No answer,,
3039,764,2,2026-05-17,No answer,,
3040,764,2,2026-04-14,No answer,,
3041,764,2,2026-05-11,PTP,2026-05-25,10000
3042,764,2,2026-04-19,RPC,,
3043,764,2,2026-06-08,RPC,,
3044,764,2,2026-04-25,No answer,,
3045,765,4,2026-05-15,No answer,,
3046,767,6,2026-05-29,No answer,,
3047,767,6,2026-06-13,Wrong number,,
3048,767,6,2026-06-08,RPC,,
3049,767,6,2026-06-07,RPC,,
3050,767,6,2026-05-13,RPC,,
3051,768,5,2026-06-29,No answer,,
3052,769,1,2026-05-05,No answer,,
3053,769,1,2026-05-05,No answer,,
3054,770,5,2026-02-17,No answer,,
3055,770,5,2026-06-11,RPC,,
3056,771,2,2026-06-09,RPC,,
3057,771,2,2026-05-15,RPC,,
3058,771,2,2026-04-14,RPC,,
3059,771,2,2026-06-28,PTP,2026-07-12,10000
3060,771,2,2026-05-10,Wrong number,,
3061,771,2,2026-06-19,RPC,,
3062,771,2,2026-05-31,No answer,,
3063,772,2,2026-05-27,PTP,2026-06-10,10000
3064,772,2,2026-05-15,No answer,,
3065,772,2,2026-06-08,No answer,,
3066,772,2,2026-04-26,No answer,,
3067,773,2,2026-06-25,Wrong number,,
3068,774,4,2026-05-06,RPC,,
3069,774,4,2026-04-24,RPC,,
3070,774,4,2026-04-23,No answer,,
3071,775,4,2026-06-22,PTP,2026-07-06,10000
3072,775,4,2026-06-10,Wrong number,,
3073,775,4,2026-06-11,No answer,,
3074,775,4,2026-05-21,No answer,,
3075,775,4,2026-05-12,No answer,,
3076,775,4,2026-06-01,Wrong number,,
3077,775,4,2026-05-01,No answer,,
3078,776,2,2026-02-04,No answer,,
3079,776,2,2026-03-08,No answer,,
3080,777,6,2026-03-21,RPC,,
3081,778,4,2026-03-26,No answer,,
3082,778,4,2026-04-26,No answer,,
3083,778,4,2026-06-30,No answer,,
3084,778,4,2026-04-17,RPC,,
3085,779,3,2026-04-26,RPC,,
3086,779,3,2026-03-10,RPC,,
3087,779,3,2026-03-29,RPC,,
3088,779,3,2026-03-03,No answer,,
3089,779,3,2026-02-16,RPC,,
3090,779,3,2026-01-18,No answer,,
3091,780,1,2026-04-22,Wrong number,,
3092,780,1,2026-06-03,No answer,,
3093,780,1,2026-03-03,PTP,2026-03-17,10000
3094,780,1,2026-06-21,RPC,,
3095,780,1,2026-04-18,RPC,,
3096,781,6,2026-03-11,No answer,,
3097,781,6,2026-04-28,No answer,,
3098,781,6,2026-06-30,No answer,,
3099,781,6,2026-06-04,RPC,,
3100,781,6,2026-05-16,No answer,,
3101,782,6,2026-04-12,No answer,,
3102,782,6,2026-04-11,No answer,,
3103,782,6,2026-06-10,No answer,,
3104,782,6,2026-04-29,PTP,2026-05-13,10000
3105,782,6,2026-06-25,No answer,,
3106,783,6,2026-05-13,RPC,,
3107,784,2,2026-06-27,PTP,2026-07-11,10000
3108,784,2,2026-06-29,No answer,,
3109,784,2,2026-06-24,Wrong number,,
3110,784,2,2026-05-27,Wrong number,,
3111,784,2,2026-06-26,No answer,,
3112,784,2,2026-05-27,No answer,,
3113,785,4,2026-05-23,RPC,,
3114,785,4,2026-04-19,RPC,,
3115,785,4,2026-06-28,No answer,,
3116,785,4,2026-05-18,No answer,,
3117,786,2,2026-05-07,RPC,,
3118,786,2,2026-05-08,PTP,2026-05-22,10000
3119,786,2,2026-03-02,Wrong number,,
3120,786,2,2026-06-29,RPC,,
3121,787,4,2026-04-11,Wrong number,,
3122,787,4,2026-04-14,No answer,,
3123,787,4,2026-05-13,No answer,,
3124,787,4,2026-06-10,No answer,,
3125,787,4,2026-05-20,No answer,,
3126,788,2,2026-05-06,No answer,,
3127,788,2,2026-04-17,No answer,,
3128,789,6,2026-05-23,RPC,,
3129,789,6,2026-06-05,PTP,2026-06-19,10000
3130,789,6,2026-05-26,RPC,,
3131,790,5,2026-06-21,RPC,,
3132,790,5,2026-04-07,No answer,,
3133,790,5,2026-04-08,No answer,,
3134,790,5,2026-05-16,RPC,,
3135,790,5,2026-06-05,PTP,2026-06-19,10000
3136,790,5,2026-06-28,No answer,,
3137,790,5,2026-06-15,RPC,,
3138,791,2,2026-05-25,PTP,2026-06-08,10000
3139,791,2,2026-04-22,No answer,,
3140,791,2,2026-05-02,RPC,,
3141,792,5,2026-05-20,RPC,,
3142,793,4,2026-05-07,Wrong number,,
3143,793,4,2026-05-08,PTP,2026-05-22,10000
3144,793,4,2026-05-30,RPC,,
3145,794,3,2026-05-01,Wrong number,,
3146,794,3,2026-06-16,No answer,,
3147,794,3,2026-06-26,RPC,,
3148,794,3,2026-05-30,No answer,,
3149,794,3,2026-04-21,RPC,,
3150,794,3,2026-05-27,No answer,,
3151,794,3,2026-06-24,RPC,,
3152,794,3,2026-05-24,No answer,,
3153,795,3,2026-02-16,PTP,2026-03-02,10000
3154,795,3,2026-05-01,No answer,,
3155,795,3,2026-04-16,RPC,,
3156,795,3,2026-05-12,No answer,,
3157,795,3,2026-04-10,No answer,,
3158,795,3,2026-02-20,RPC,,
3159,796,3,2026-06-20,No answer,,
3160,796,3,2026-05-20,No answer,,
3161,797,5,2026-06-16,PTP,2026-06-30,10000
3162,797,5,2026-04-20,RPC,,
3163,797,5,2026-05-04,No answer,,
3164,797,5,2026-04-23,No answer,,
3165,797,5,2026-03-18,No answer,,
3166,797,5,2026-03-24,RPC,,
3167,798,4,2026-06-02,PTP,2026-06-16,10000
3168,798,4,2026-03-06,No answer,,
3169,799,6,2026-04-09,RPC,,
3170,799,6,2026-03-17,No answer,,
3171,799,6,2026-06-23,No answer,,
3172,799,6,2026-05-28,No answer,,
3173,799,6,2026-06-26,RPC,,
3174,799,6,2026-04-02,No answer,,
3175,799,6,2026-04-14,No answer,,
3176,800,2,2026-06-20,Wrong number,,
3177,800,2,2026-03-30,No answer,,
3178,800,2,2026-06-13,RPC,,
3179,800,2,2026-05-25,No answer,,
3180,800,2,2026-05-17,RPC,,
3181,800,2,2026-02-24,PTP,2026-03-10,10000
3182,801,6,2026-05-15,No answer,,
3183,802,2,2026-02-14,PTP,2026-02-28,10000
3184,802,2,2026-03-22,RPC,,
3185,802,2,2026-06-07,No answer,,
3186,802,2,2026-03-05,RPC,,
3187,802,2,2026-01-14,No answer,,
3188,802,2,2026-04-08,No answer,,
3189,803,6,2026-05-30,RPC,,
3190,803,6,2026-03-15,No answer,,
3191,803,6,2026-05-07,No answer,,
3192,803,6,2026-04-09,No answer,,
3193,805,3,2026-05-16,No answer,,
3194,805,3,2026-05-20,No answer,,
3195,805,3,2026-04-29,No answer,,
3196,805,3,2026-05-06,Wrong number,,
3197,806,6,2026-05-04,No answer,,
3198,806,6,2026-04-28,No answer,,
3199,806,6,2026-04-17,No answer,,
3200,806,6,2026-04-30,RPC,,
3201,806,6,2026-05-19,No answer,,
3202,806,6,2026-06-09,Wrong number,,
3203,807,3,2026-05-21,No answer,,
3204,807,3,2026-03-06,No answer,,
3205,807,3,2026-04-20,No answer,,
3206,807,3,2026-04-10,RPC,,
3207,808,5,2026-06-28,No answer,,
3208,808,5,2026-06-22,No answer,,
3209,808,5,2026-05-29,RPC,,
3210,808,5,2026-06-19,No answer,,
3211,808,5,2026-06-09,Wrong number,,
3212,808,5,2026-06-17,RPC,,
3213,809,3,2026-06-09,Wrong number,,
3214,809,3,2026-06-25,No answer,,
3215,809,3,2026-06-29,No answer,,
3216,809,3,2026-05-29,No answer,,
3217,809,3,2026-06-02,No answer,,
3218,809,3,2026-05-27,No answer,,
3219,809,3,2026-06-20,Wrong number,,
3220,810,6,2026-04-23,No answer,,
3221,810,6,2026-03-25,No answer,,
3222,810,6,2026-06-18,No answer,,
3223,811,2,2026-06-24,No answer,,
3224,812,1,2026-06-13,RPC,,
3225,812,1,2026-05-24,No answer,,
3226,812,1,2026-06-24,No answer,,
3227,815,2,2026-03-21,No answer,,
3228,815,2,2026-04-08,No answer,,
3229,815,2,2026-05-02,RPC,,
3230,817,1,2026-05-30,No answer,,
3231,817,1,2026-04-12,RPC,,
3232,818,6,2026-04-24,No answer,,
3233,818,6,2026-04-07,PTP,2026-04-21,10000
3234,818,6,2026-02-17,No answer,,
3235,818,6,2026-04-28,No answer,,
3236,818,6,2026-06-29,No answer,,
3237,818,6,2026-03-07,RPC,,
3238,818,6,2026-03-13,RPC,,
3239,819,2,2026-03-06,No answer,,
3240,819,2,2026-02-14,Wrong number,,
3241,819,2,2026-06-21,RPC,,
3242,820,5,2026-03-08,No answer,,
3243,820,5,2026-06-19,RPC,,
3244,821,6,2026-05-24,RPC,,
3245,822,6,2026-05-21,No answer,,
3246,822,6,2026-05-20,RPC,,
3247,822,6,2026-05-21,RPC,,
3248,822,6,2026-05-21,No answer,,
3249,822,6,2026-05-30,RPC,,
3250,823,1,2026-06-22,No answer,,
3251,823,1,2026-05-31,RPC,,
3252,823,1,2026-06-21,No answer,,
3253,823,1,2026-06-06,RPC,,
3254,823,1,2026-06-17,RPC,,
3255,823,1,2026-06-15,No answer,,
3256,823,1,2026-06-08,RPC,,
3257,824,4,2026-05-30,Wrong number,,
3258,824,4,2026-06-26,No answer,,
3259,824,4,2026-05-31,No answer,,
3260,824,4,2026-06-13,RPC,,
3261,824,4,2026-06-21,No answer,,
3262,824,4,2026-06-18,No answer,,
3263,824,4,2026-06-30,No answer,,
3264,826,2,2026-04-09,RPC,,
3265,826,2,2026-04-10,No answer,,
3266,826,2,2026-05-04,No answer,,
3267,826,2,2026-06-21,Wrong number,,
3268,826,2,2026-06-22,No answer,,
3269,826,2,2026-04-06,RPC,,
3270,826,2,2026-06-24,PTP,2026-07-08,10000
3271,826,2,2026-06-10,No answer,,
3272,827,3,2026-03-22,RPC,,
3273,827,3,2026-02-17,RPC,,
3274,827,3,2026-06-01,RPC,,
3275,827,3,2026-03-24,RPC,,
3276,827,3,2026-03-24,PTP,2026-04-07,10000
3277,827,3,2026-06-30,No answer,,
3278,828,2,2026-05-17,No answer,,
3279,828,2,2026-05-06,No answer,,
3280,828,2,2026-05-27,RPC,,
3281,828,2,2026-05-20,RPC,,
3282,829,6,2026-06-06,RPC,,
3283,829,6,2026-06-16,No answer,,
3284,830,3,2026-04-11,PTP,2026-04-25,10000
3285,830,3,2026-05-06,No answer,,
3286,830,3,2026-05-02,RPC,,
3287,830,3,2026-02-06,No answer,,
3288,830,3,2026-03-26,RPC,,
3289,830,3,2026-05-01,No answer,,
3290,831,2,2026-05-24,No answer,,
3291,831,2,2026-04-29,RPC,,
3292,831,2,2026-06-28,Wrong number,,
3293,831,2,2026-06-26,PTP,2026-07-10,10000
3294,831,2,2026-02-22,RPC,,
3295,831,2,2026-03-16,No answer,,
3296,831,2,2026-06-25,Wrong number,,
3297,832,6,2026-04-11,No answer,,
3298,832,6,2026-04-08,No answer,,
3299,832,6,2026-06-17,RPC,,
3300,832,6,2026-04-05,RPC,,
3301,833,6,2026-03-18,No answer,,
3302,834,4,2026-05-27,Wrong number,,
3303,834,4,2026-05-22,No answer,,
3304,834,4,2026-05-14,No answer,,
3305,835,1,2026-04-03,PTP,2026-04-17,10000
3306,837,3,2026-03-16,RPC,,
3307,837,3,2026-06-09,No answer,,
3308,837,3,2026-04-24,PTP,2026-05-08,10000
3309,837,3,2026-06-15,RPC,,
3310,837,3,2026-04-18,No answer,,
3311,837,3,2026-04-06,No answer,,
3312,837,3,2026-01-22,No answer,,
3313,838,5,2026-05-03,No answer,,
3314,838,5,2026-02-28,PTP,2026-03-14,10000
3315,839,1,2026-05-26,PTP,2026-06-09,10000
3316,840,5,2026-06-05,No answer,,
3317,840,5,2026-06-26,No answer,,
3318,840,5,2026-05-19,PTP,2026-06-02,10000
3319,840,5,2026-05-10,No answer,,
3320,840,5,2026-06-26,RPC,,
3321,842,5,2026-05-12,PTP,2026-05-26,10000
3322,843,2,2026-05-05,No answer,,
3323,843,2,2026-05-08,No answer,,
3324,843,2,2026-05-15,RPC,,
3325,843,2,2026-04-19,RPC,,
3326,843,2,2026-05-17,PTP,2026-05-31,10000
3327,843,2,2026-05-14,No answer,,
3328,843,2,2026-05-02,RPC,,
3329,843,2,2026-04-02,RPC,,
3330,844,2,2026-05-26,No answer,,
3331,844,2,2026-01-22,No answer,,
3332,844,2,2026-06-25,No answer,,
3333,844,2,2026-02-11,No answer,,
3334,844,2,2026-06-30,No answer,,
3335,844,2,2026-01-15,RPC,,
3336,844,2,2026-01-23,Wrong number,,
3337,844,2,2026-06-04,Wrong number,,
3338,845,3,2026-03-23,Wrong number,,
3339,845,3,2026-02-28,No answer,,
3340,845,3,2026-06-19,RPC,,
3341,845,3,2026-06-25,PTP,2026-07-09,10000
3342,845,3,2026-05-04,RPC,,
3343,845,3,2026-06-12,RPC,,
3344,845,3,2026-04-02,RPC,,
3345,846,5,2026-06-03,No answer,,
3346,847,5,2026-05-27,RPC,,
3347,847,5,2026-06-27,PTP,2026-07-11,10000
3348,847,5,2026-06-03,Wrong number,,
3349,849,6,2026-05-11,RPC,,
3350,849,6,2026-04-26,RPC,,
3351,849,6,2026-05-30,RPC,,
3352,849,6,2026-06-07,PTP,2026-06-21,10000
3353,849,6,2026-05-09,RPC,,
3354,849,6,2026-06-18,No answer,,
3355,849,6,2026-05-12,No answer,,
3356,849,6,2026-06-08,Wrong number,,
3357,851,4,2026-06-13,Wrong number,,
3358,851,4,2026-05-31,No answer,,
3359,851,4,2026-06-05,RPC,,
3360,851,4,2026-06-18,Wrong number,,
3361,851,4,2026-06-08,Wrong number,,
3362,851,4,2026-06-12,RPC,,
3363,851,4,2026-06-10,RPC,,
3364,851,4,2026-05-26,RPC,,
3365,852,2,2026-04-04,No answer,,
3366,852,2,2026-04-02,RPC,,
3367,852,2,2026-05-08,RPC,,
3368,852,2,2026-02-18,No answer,,
3369,852,2,2026-02-28,No answer,,
3370,852,2,2026-02-26,RPC,,
3371,852,2,2026-04-24,No answer,,
3372,852,2,2026-03-02,RPC,,
3373,853,4,2026-06-14,No answer,,
3374,853,4,2026-04-11,No answer,,
3375,853,4,2026-05-10,No answer,,
3376,853,4,2026-04-28,No answer,,
3377,853,4,2026-05-26,No answer,,
3378,853,4,2026-06-08,No answer,,
3379,853,4,2026-04-13,No answer,,
3380,854,6,2026-06-24,PTP,2026-07-08,10000
3381,854,6,2026-05-01,RPC,,
3382,854,6,2026-05-03,RPC,,
3383,854,6,2026-05-28,No answer,,
3384,854,6,2026-05-28,No answer,,
3385,854,6,2026-05-19,No answer,,
3386,854,6,2026-06-22,No answer,,
3387,855,3,2026-06-01,No answer,,
3388,856,1,2026-03-17,No answer,,
3389,856,1,2026-05-11,No answer,,
3390,856,1,2026-04-01,No answer,,
3391,856,1,2026-03-03,RPC,,
3392,856,1,2026-04-28,No answer,,
3393,857,5,2026-01-24,PTP,2026-02-07,10000
3394,857,5,2026-02-06,No answer,,
3395,857,5,2026-03-26,RPC,,
3396,857,5,2026-03-14,No answer,,
3397,857,5,2026-03-18,RPC,,
3398,857,5,2026-04-24,No answer,,
3399,857,5,2026-02-09,RPC,,
3400,857,5,2026-05-11,RPC,,
3401,858,2,2026-06-17,No answer,,
3402,858,2,2026-06-08,RPC,,
3403,859,1,2026-06-01,RPC,,
3404,859,1,2026-06-01,RPC,,
3405,859,1,2026-06-21,No answer,,
3406,859,1,2026-05-25,RPC,,
3407,859,1,2026-05-29,Wrong number,,
3408,859,1,2026-06-07,No answer,,
3409,859,1,2026-06-08,No answer,,
3410,860,4,2026-06-26,RPC,,
3411,860,4,2026-06-16,RPC,,
3412,860,4,2026-06-28,No answer,,
3413,860,4,2026-06-16,Wrong number,,
3414,860,4,2026-05-14,RPC,,
3415,860,4,2026-04-27,No answer,,
3416,860,4,2026-04-26,No answer,,
3417,861,6,2026-03-18,No answer,,
3418,861,6,2026-05-17,RPC,,
3419,861,6,2026-05-10,No answer,,
3420,861,6,2026-05-02,Wrong number,,
3421,861,6,2026-05-31,PTP,2026-06-14,10000
3422,862,5,2026-05-31,RPC,,
3423,862,5,2026-03-31,No answer,,
3424,862,5,2026-05-21,No answer,,
3425,862,5,2026-05-20,No answer,,
3426,862,5,2026-05-06,RPC,,
3427,862,5,2026-03-14,Wrong number,,
3428,862,5,2026-05-16,RPC,,
3429,862,5,2026-04-12,No answer,,
3430,864,4,2026-05-09,RPC,,
3431,864,4,2026-05-21,No answer,,
3432,864,4,2026-04-13,No answer,,
3433,864,4,2026-05-08,Wrong number,,
3434,864,4,2026-06-11,RPC,,
3435,864,4,2026-03-04,RPC,,
3436,864,4,2026-04-25,No answer,,
3437,864,4,2026-06-26,No answer,,
3438,866,4,2026-06-28,RPC,,
3439,866,4,2026-06-28,No answer,,
3440,866,4,2026-05-15,RPC,,
3441,866,4,2026-06-20,Wrong number,,
3442,866,4,2026-05-15,RPC,,
3443,866,4,2026-05-12,No answer,,
3444,866,4,2026-05-21,No answer,,
3445,869,2,2026-06-08,No answer,,
3446,869,2,2026-02-12,No answer,,
3447,869,2,2026-06-13,No answer,,
3448,869,2,2026-06-20,No answer,,
3449,869,2,2026-02-11,RPC,,
3450,869,2,2026-06-04,RPC,,
3451,869,2,2026-04-18,RPC,,
3452,870,5,2026-03-21,Wrong number,,
3453,870,5,2026-04-10,RPC,,
3454,870,5,2026-06-25,No answer,,
3455,870,5,2026-06-22,PTP,2026-07-06,10000
3456,870,5,2026-04-16,No answer,,
3457,871,4,2026-06-03,No answer,,
3458,871,4,2026-06-29,No answer,,
3459,871,4,2026-06-22,No answer,,
3460,871,4,2026-05-29,PTP,2026-06-12,10000
3461,871,4,2026-06-28,Wrong number,,
3462,873,6,2026-05-15,Wrong number,,
3463,873,6,2026-04-28,RPC,,
3464,873,6,2026-03-13,RPC,,
3465,874,3,2026-03-22,No answer,,
3466,874,3,2026-04-08,No answer,,
3467,874,3,2026-04-18,RPC,,
3468,875,1,2026-06-25,No answer,,
3469,875,1,2026-06-26,RPC,,
3470,875,1,2026-05-08,No answer,,
3471,875,1,2026-06-20,RPC,,
3472,876,2,2026-05-12,No answer,,
3473,876,2,2026-04-12,No answer,,
3474,877,5,2026-06-30,No answer,,
3475,877,5,2026-05-15,PTP,2026-05-29,10000
3476,877,5,2026-06-30,Wrong number,,
3477,877,5,2026-06-07,RPC,,
3478,877,5,2026-06-09,Wrong number,,
3479,877,5,2026-05-29,No answer,,
3480,877,5,2026-05-22,No answer,,
3481,877,5,2026-06-26,No answer,,
3482,878,5,2026-06-14,PTP,2026-06-28,10000
3483,878,5,2026-04-07,RPC,,
3484,878,5,2026-05-21,RPC,,
3485,878,5,2026-03-31,No answer,,
3486,879,1,2026-01-20,PTP,2026-02-03,10000
3487,879,1,2026-02-04,RPC,,
3488,879,1,2026-01-31,RPC,,
3489,880,2,2026-06-02,RPC,,
3490,880,2,2026-06-18,No answer,,
3491,880,2,2026-04-30,No answer,,
3492,880,2,2026-05-28,Wrong number,,
3493,880,2,2026-05-11,No answer,,
3494,880,2,2026-06-10,PTP,2026-06-24,10000
3495,882,5,2026-03-19,RPC,,
3496,882,5,2026-03-02,RPC,,
3497,882,5,2026-03-23,RPC,,
3498,883,5,2026-02-25,No answer,,
3499,883,5,2026-02-04,RPC,,
3500,883,5,2026-06-15,No answer,,
3501,883,5,2026-04-10,No answer,,
3502,884,4,2026-06-20,No answer,,
3503,884,4,2026-05-25,Wrong number,,
3504,884,4,2026-05-01,No answer,,
3505,884,4,2026-05-30,No answer,,
3506,884,4,2026-03-02,No answer,,
3507,884,4,2026-03-17,Wrong number,,
3508,884,4,2026-06-18,No answer,,
3509,885,6,2026-06-02,RPC,,
3510,885,6,2026-05-29,RPC,,
3511,885,6,2026-06-02,No answer,,
3512,885,6,2026-06-04,No answer,,
3513,885,6,2026-06-04,PTP,2026-06-18,10000
3514,885,6,2026-06-28,RPC,,
3515,885,6,2026-05-23,No answer,,
3516,885,6,2026-06-02,No answer,,
3517,886,6,2026-05-30,RPC,,
3518,886,6,2026-06-10,Wrong number,,
3519,886,6,2026-06-04,No answer,,
3520,886,6,2026-06-05,No answer,,
3521,886,6,2026-06-18,RPC,,
3522,887,5,2026-04-01,No answer,,
3523,887,5,2026-04-23,No answer,,
3524,887,5,2026-03-06,Wrong number,,
3525,887,5,2026-04-06,RPC,,
3526,887,5,2026-05-16,RPC,,
3527,887,5,2026-06-11,No answer,,
3528,887,5,2026-06-03,RPC,,
3529,888,5,2026-03-05,No answer,,
3530,888,5,2026-05-11,No answer,,
3531,888,5,2026-06-15,RPC,,
3532,888,5,2026-06-23,RPC,,
3533,888,5,2026-04-11,No answer,,
3534,888,5,2026-05-10,No answer,,
3535,888,5,2026-06-28,No answer,,
3536,889,6,2026-02-17,RPC,,
3537,889,6,2026-04-16,RPC,,
3538,890,5,2026-06-17,Wrong number,,
3539,890,5,2026-05-17,No answer,,
3540,890,5,2026-06-09,No answer,,
3541,890,5,2026-05-09,RPC,,
3542,890,5,2026-06-23,RPC,,
3543,891,1,2026-06-06,RPC,,
3544,893,2,2026-04-26,No answer,,
3545,894,2,2026-05-11,No answer,,
3546,894,2,2026-06-07,Wrong number,,
3547,894,2,2026-03-23,RPC,,
3548,894,2,2026-03-26,No answer,,
3549,894,2,2026-03-18,RPC,,
3550,894,2,2026-06-13,No answer,,
3551,895,1,2026-03-23,No answer,,
3552,896,2,2026-02-05,No answer,,
3553,896,2,2026-03-17,No answer,,
3554,896,2,2026-04-23,No answer,,
3555,897,4,2026-06-27,No answer,,
3556,897,4,2026-05-18,No answer,,
3557,897,4,2026-03-31,RPC,,
3558,897,4,2026-05-31,RPC,,
3559,897,4,2026-02-07,No answer,,
3560,897,4,2026-03-18,No answer,,
3561,897,4,2026-01-08,RPC,,
3562,897,4,2026-06-04,No answer,,
3563,899,5,2026-03-31,No answer,,
3564,899,5,2026-06-23,No answer,,
3565,900,3,2026-04-03,RPC,,
3566,900,3,2026-04-13,No answer,,
3567,900,3,2026-05-25,PTP,2026-06-08,10000
3568,900,3,2026-05-18,No answer,,
3569,901,2,2026-02-26,No answer,,
3570,901,2,2026-03-04,No answer,,
3571,902,2,2026-03-13,PTP,2026-03-27,10000
3572,902,2,2026-02-15,RPC,,
3573,902,2,2026-06-30,RPC,,
3574,902,2,2026-01-07,No answer,,
3575,902,2,2026-03-20,No answer,,
3576,903,1,2026-04-20,No answer,,
3577,904,3,2026-04-13,No answer,,
3578,904,3,2026-05-02,No answer,,
3579,904,3,2026-03-31,No answer,,
3580,904,3,2026-06-10,No answer,,
3581,904,3,2026-04-15,RPC,,
3582,904,3,2026-06-04,No answer,,
3583,904,3,2026-04-26,No answer,,
3584,907,6,2026-06-07,No answer,,
3585,907,6,2026-05-23,No answer,,
3586,907,6,2026-02-10,No answer,,
3587,908,1,2026-03-25,RPC,,
3588,908,1,2026-03-22,No answer,,
3589,908,1,2026-03-25,No answer,,
3590,908,1,2026-05-11,No answer,,
3591,909,5,2026-06-10,No answer,,
3592,910,5,2026-05-21,Wrong number,,
3593,912,4,2026-06-19,No answer,,
3594,913,6,2026-05-03,RPC,,
3595,913,6,2026-05-29,Wrong number,,
3596,913,6,2026-06-04,No answer,,
3597,914,2,2026-05-23,RPC,,
3598,914,2,2026-02-02,No answer,,
3599,914,2,2026-06-17,No answer,,
3600,914,2,2026-02-16,RPC,,
3601,914,2,2026-04-24,RPC,,
3602,914,2,2026-04-01,No answer,,
3603,914,2,2026-04-24,PTP,2026-05-08,10000
3604,914,2,2026-02-24,No answer,,
3605,915,4,2026-05-09,No answer,,
3606,915,4,2026-06-17,RPC,,
3607,915,4,2026-05-19,RPC,,
3608,915,4,2026-05-30,No answer,,
3609,915,4,2026-05-26,PTP,2026-06-09,10000
3610,916,1,2026-06-22,RPC,,
3611,916,1,2026-05-16,No answer,,
3612,916,1,2026-06-16,No answer,,
3613,916,1,2026-05-15,RPC,,
3614,916,1,2026-04-28,RPC,,
3615,916,1,2026-05-28,No answer,,
3616,916,1,2026-05-05,No answer,,
3617,916,1,2026-06-29,Wrong number,,
3618,917,2,2026-06-24,RPC,,
3619,917,2,2026-06-18,Wrong number,,
3620,917,2,2026-06-09,RPC,,
3621,917,2,2026-06-27,PTP,2026-07-11,10000
3622,917,2,2026-06-21,Wrong number,,
3623,917,2,2026-06-13,Wrong number,,
3624,917,2,2026-06-27,RPC,,
3625,917,2,2026-06-22,No answer,,
3626,918,2,2026-05-21,No answer,,
3627,918,2,2026-05-04,No answer,,
3628,918,2,2026-06-22,No answer,,
3629,918,2,2026-02-18,RPC,,
3630,919,1,2026-04-29,Wrong number,,
3631,919,1,2026-06-01,Wrong number,,
3632,919,1,2026-06-11,No answer,,
3633,919,1,2026-05-28,Wrong number,,
3634,920,3,2026-06-22,Wrong number,,
3635,921,4,2026-05-05,No answer,,
3636,921,4,2026-05-26,Wrong number,,
3637,921,4,2026-05-10,No answer,,
3638,921,4,2026-02-09,RPC,,
3639,921,4,2026-05-16,RPC,,
3640,922,4,2026-05-18,No answer,,
3641,922,4,2026-03-22,No answer,,
3642,922,4,2026-04-02,Wrong number,,
3643,922,4,2026-03-27,No answer,,
3644,922,4,2026-04-03,PTP,2026-04-17,10000
3645,922,4,2026-04-28,Wrong number,,
3646,922,4,2026-04-14,RPC,,
3647,923,5,2026-05-02,PTP,2026-05-16,10000
3648,923,5,2026-06-04,No answer,,
3649,923,5,2026-06-21,No answer,,
3650,923,5,2026-06-27,No answer,,
3651,923,5,2026-04-17,RPC,,
3652,923,5,2026-04-23,No answer,,
3653,924,1,2026-05-20,RPC,,
3654,924,1,2026-01-19,No answer,,
3655,924,1,2026-03-23,No answer,,
3656,925,5,2026-05-09,No answer,,
3657,925,5,2026-03-22,RPC,,
3658,925,5,2026-04-30,No answer,,
3659,925,5,2026-03-11,RPC,,
3660,926,1,2026-06-20,RPC,,
3661,926,1,2026-06-19,No answer,,
3662,926,1,2026-05-21,No answer,,
3663,926,1,2026-04-18,Wrong number,,
3664,926,1,2026-05-28,RPC,,
3665,926,1,2026-06-04,No answer,,
3666,926,1,2026-05-24,PTP,2026-06-07,10000
3667,927,4,2026-01-27,RPC,,
3668,927,4,2026-03-25,RPC,,
3669,927,4,2026-04-11,RPC,,
3670,927,4,2026-03-09,Wrong number,,
3671,927,4,2026-06-07,RPC,,
3672,927,4,2026-06-08,RPC,,
3673,927,4,2026-03-05,RPC,,
3674,927,4,2026-05-29,No answer,,
3675,928,3,2026-06-10,RPC,,
3676,928,3,2026-05-24,No answer,,
3677,928,3,2026-06-29,No answer,,
3678,928,3,2026-06-28,RPC,,
3679,929,3,2026-05-03,RPC,,
3680,930,5,2026-06-13,No answer,,
3681,930,5,2026-04-21,Wrong number,,
3682,930,5,2026-04-23,No answer,,
3683,930,5,2026-01-28,No answer,,
3684,930,5,2026-06-11,No answer,,
3685,930,5,2026-02-19,No answer,,
3686,930,5,2026-06-13,No answer,,
3687,930,5,2026-01-28,No answer,,
3688,931,6,2026-04-27,No answer,,
3689,931,6,2026-05-16,No answer,,
3690,931,6,2026-05-23,No answer,,
3691,931,6,2026-06-02,No answer,,
3692,934,6,2026-03-13,No answer,,
3693,935,4,2026-02-23,No answer,,
3694,935,4,2026-04-02,No answer,,
3695,935,4,2026-03-13,No answer,,
3696,935,4,2026-06-24,RPC,,
3697,935,4,2026-04-21,Wrong number,,
3698,935,4,2026-06-28,RPC,,
3699,936,5,2026-03-01,Wrong number,,
3700,937,1,2026-04-23,RPC,,
3701,937,1,2026-05-26,No answer,,
3702,937,1,2026-04-16,PTP,2026-04-30,10000
3703,937,1,2026-04-08,No answer,,
3704,938,6,2026-06-24,RPC,,
3705,938,6,2026-03-12,No answer,,
3706,938,6,2026-04-19,PTP,2026-05-03,10000
3707,938,6,2026-05-26,No answer,,
3708,938,6,2026-04-08,RPC,,
3709,938,6,2026-03-28,No answer,,
3710,940,3,2026-05-09,PTP,2026-05-23,10000
3711,940,3,2026-06-16,No answer,,
3712,940,3,2026-06-27,RPC,,
3713,941,4,2026-06-06,No answer,,
3714,941,4,2026-05-18,RPC,,
3715,942,4,2026-06-14,RPC,,
3716,942,4,2026-06-26,No answer,,
3717,942,4,2026-05-27,RPC,,
3718,942,4,2026-06-16,PTP,2026-06-30,10000
3719,942,4,2026-05-25,No answer,,
3720,942,4,2026-06-04,No answer,,
3721,942,4,2026-06-30,RPC,,
3722,943,6,2026-05-04,No answer,,
3723,944,4,2026-05-26,PTP,2026-06-09,10000
3724,944,4,2026-05-17,No answer,,
3725,944,4,2026-05-28,No answer,,
3726,944,4,2026-06-05,No answer,,
3727,944,4,2026-06-19,No answer,,
3728,944,4,2026-06-19,RPC,,
3729,945,5,2026-06-03,No answer,,
3730,945,5,2026-05-25,Wrong number,,
3731,946,6,2026-05-07,Wrong number,,
3732,946,6,2026-03-24,RPC,,
3733,946,6,2026-03-20,No answer,,
3734,946,6,2026-05-03,RPC,,
3735,946,6,2026-04-08,No answer,,
3736,947,6,2026-06-25,No answer,,
3737,947,6,2026-05-05,No answer,,
3738,947,6,2026-03-11,No answer,,
3739,947,6,2026-02-05,No answer,,
3740,947,6,2026-02-07,PTP,2026-02-21,10000
3741,947,6,2026-06-27,Wrong number,,
3742,947,6,2026-01-17,No answer,,
3743,947,6,2026-02-19,RPC,,
3744,949,2,2026-05-26,No answer,,
3745,949,2,2026-05-25,No answer,,
3746,949,2,2026-02-24,Wrong number,,
3747,949,2,2026-06-20,RPC,,
3748,949,2,2026-03-20,No answer,,
3749,949,2,2026-03-10,RPC,,
3750,949,2,2026-04-06,No answer,,
3751,949,2,2026-03-12,No answer,,
3752,950,3,2026-06-06,No answer,,
3753,950,3,2026-05-02,No answer,,
3754,950,3,2026-06-10,RPC,,
3755,950,3,2026-06-19,Wrong number,,
3756,950,3,2026-03-19,No answer,,
3757,950,3,2026-04-10,No answer,,
3758,950,3,2026-05-16,No answer,,
3759,950,3,2026-05-27,RPC,,
3760,951,2,2026-05-01,RPC,,
3761,951,2,2026-04-03,No answer,,
3762,951,2,2026-01-20,No answer,,
3763,951,2,2026-06-29,No answer,,
3764,951,2,2026-03-18,No answer,,
3765,951,2,2026-01-12,PTP,2026-01-26,10000
3766,952,3,2026-05-17,No answer,,
3767,952,3,2026-06-07,Wrong number,,
3768,952,3,2026-04-23,No answer,,
3769,953,1,2026-04-27,Wrong number,,
3770,953,1,2026-05-21,Wrong number,,
3771,954,4,2026-05-13,Wrong number,,
3772,954,4,2026-06-24,Wrong number,,
3773,954,4,2026-06-25,No answer,,
3774,954,4,2026-06-20,PTP,2026-07-04,10000
3775,954,4,2026-06-15,RPC,,
3776,954,4,2026-04-23,No answer,,
3777,954,4,2026-05-31,RPC,,
3778,954,4,2026-06-07,No answer,,
3779,955,5,2026-06-11,No answer,,
3780,955,5,2026-05-20,No answer,,
3781,955,5,2026-06-04,PTP,2026-06-18,10000
3782,955,5,2026-04-27,RPC,,
3783,955,5,2026-06-13,RPC,,
3784,955,5,2026-05-06,RPC,,
3785,956,5,2026-05-10,No answer,,
3786,956,5,2026-04-26,RPC,,
3787,956,5,2026-04-15,Wrong number,,
3788,956,5,2026-06-24,Wrong number,,
3789,956,5,2026-05-08,No answer,,
3790,956,5,2026-06-17,No answer,,
3791,956,5,2026-04-20,No answer,,
3792,957,2,2026-05-14,RPC,,
3793,958,1,2026-04-06,RPC,,
3794,958,1,2026-04-08,PTP,2026-04-22,10000
3795,958,1,2026-04-12,No answer,,
3796,958,1,2026-05-27,No answer,,
3797,958,1,2026-05-19,No answer,,
3798,958,1,2026-04-12,No answer,,
3799,958,1,2026-05-03,RPC,,
3800,960,5,2026-05-10,No answer,,
3801,960,5,2026-06-10,PTP,2026-06-24,10000
3802,961,4,2026-04-06,RPC,,
3803,961,4,2026-06-04,RPC,,
3804,961,4,2026-04-19,PTP,2026-05-03,10000
3805,961,4,2026-06-29,No answer,,
3806,961,4,2026-04-29,No answer,,
3807,962,2,2026-01-15,No answer,,
3808,962,2,2026-05-15,No answer,,
3809,962,2,2026-06-28,No answer,,
3810,962,2,2026-05-21,Wrong number,,
3811,962,2,2026-04-01,Wrong number,,
3812,963,2,2026-04-10,Wrong number,,
3813,963,2,2026-04-29,PTP,2026-05-13,10000
3814,963,2,2026-04-08,No answer,,
3815,963,2,2026-06-26,No answer,,
3816,963,2,2026-06-12,RPC,,
3817,964,4,2026-05-14,No answer,,
3818,965,3,2026-03-07,PTP,2026-03-21,10000
3819,965,3,2026-04-14,No answer,,
3820,965,3,2026-05-26,RPC,,
3821,965,3,2026-03-14,No answer,,
3822,966,5,2026-03-29,Wrong number,,
3823,966,5,2026-04-05,PTP,2026-04-19,10000
3824,966,5,2026-04-13,RPC,,
3825,966,5,2026-06-26,Wrong number,,
3826,966,5,2026-06-28,No answer,,
3827,966,5,2026-03-25,No answer,,
3828,966,5,2026-04-07,No answer,,
3829,967,2,2026-06-16,No answer,,
3830,967,2,2026-05-03,No answer,,
3831,967,2,2026-04-29,No answer,,
3832,967,2,2026-05-03,PTP,2026-05-17,10000
3833,969,3,2026-05-25,PTP,2026-06-08,10000
3834,969,3,2026-05-25,No answer,,
3835,969,3,2026-06-20,RPC,,
3836,972,2,2026-05-08,RPC,,
3837,972,2,2026-02-03,No answer,,
3838,973,2,2026-02-06,No answer,,
3839,973,2,2026-02-09,PTP,2026-02-23,10000
3840,973,2,2026-06-04,No answer,,
3841,973,2,2026-05-22,RPC,,
3842,973,2,2026-03-03,No answer,,
3843,974,3,2026-05-25,No answer,,
3844,974,3,2026-06-15,No answer,,
3845,974,3,2026-06-29,No answer,,
3846,975,2,2026-03-24,Wrong number,,
3847,975,2,2026-06-16,PTP,2026-06-30,10000
3848,975,2,2026-04-24,No answer,,
3849,975,2,2026-05-27,No answer,,
3850,975,2,2026-06-05,RPC,,
3851,975,2,2026-04-16,RPC,,
3852,976,5,2026-04-15,No answer,,
3853,976,5,2026-05-16,No answer,,
3854,976,5,2026-04-04,No answer,,
3855,976,5,2026-05-29,Wrong number,,
3856,976,5,2026-06-09,No answer,,
3857,978,5,2026-05-26,No answer,,
3858,978,5,2026-06-19,No answer,,
3859,978,5,2026-05-16,RPC,,
3860,980,6,2026-04-29,No answer,,
3861,981,3,2026-06-21,No answer,,
3862,981,3,2026-05-01,RPC,,
3863,983,3,2026-06-06,No answer,,
3864,984,5,2026-04-24,No answer,,
3865,984,5,2026-05-09,RPC,,
3866,984,5,2026-03-09,No answer,,
3867,984,5,2026-05-31,Wrong number,,
3868,984,5,2026-04-21,No answer,,
3869,984,5,2026-04-17,No answer,,
3870,984,5,2026-06-28,RPC,,
3871,984,5,2026-04-20,RPC,,
3872,985,6,2026-06-13,PTP,2026-06-27,10000
3873,985,6,2026-02-21,RPC,,
3874,985,6,2026-03-19,No answer,,
3875,985,6,2026-06-08,No answer,,
3876,986,2,2026-04-11,RPC,,
3877,986,2,2026-06-15,RPC,,
3878,987,3,2026-04-08,Wrong number,,
3879,987,3,2026-05-09,Wrong number,,
3880,987,3,2026-03-05,RPC,,
3881,987,3,2026-05-04,Wrong number,,
3882,987,3,2026-06-11,RPC,,
3883,987,3,2026-06-13,No answer,,
3884,988,5,2026-03-26,No answer,,
3885,988,5,2026-06-28,RPC,,
3886,988,5,2026-02-11,Wrong number,,
3887,988,5,2026-05-01,RPC,,
3888,988,5,2026-03-05,Wrong number,,
3889,989,2,2026-06-06,No answer,,
3890,989,2,2026-06-28,No answer,,
3891,989,2,2026-06-01,No answer,,
3892,989,2,2026-06-11,RPC,,
3893,989,2,2026-06-06,RPC,,
3894,989,2,2026-06-12,No answer,,
3895,989,2,2026-06-07,No answer,,
3896,989,2,2026-06-03,No answer,,
3897,990,6,2026-05-09,No answer,,
3898,991,5,2026-06-22,RPC,,
3899,991,5,2026-04-19,No answer,,
3900,992,3,2026-05-25,RPC,,
3901,992,3,2026-03-27,RPC,,
3902,992,3,2026-03-21,No answer,,
3903,992,3,2026-04-13,No answer,,
3904,992,3,2026-03-28,Wrong number,,
3905,992,3,2026-06-09,No answer,,
3906,992,3,2026-03-07,No answer,,
3907,993,1,2026-05-10,No answer,,
3908,993,1,2026-04-21,RPC,,
3909,993,1,2026-05-02,PTP,2026-05-16,10000
3910,993,1,2026-04-23,No answer,,
3911,993,1,2026-04-21,No answer,,
3912,993,1,2026-05-30,RPC,,
3913,993,1,2026-04-17,RPC,,
3914,993,1,2026-05-02,Wrong number,,
3915,994,1,2026-05-20,RPC,,
3916,994,1,2026-06-10,No answer,,
3917,994,1,2026-06-21,No answer,,
3918,994,1,2026-05-28,PTP,2026-06-11,10000
3919,995,1,2026-04-23,No answer,,
3920,995,1,2026-06-07,PTP,2026-06-21,10000
3921,995,1,2026-04-28,Wrong number,,
3922,995,1,2026-06-07,No answer,,
3923,995,1,2026-04-25,No answer,,
3924,995,1,2026-05-24,RPC,,
3925,995,1,2026-05-20,No answer,,
3926,996,4,2026-04-08,No answer,,
3927,996,4,2026-06-24,RPC,,
3928,996,4,2026-02-21,No answer,,
3929,996,4,2026-02-12,RPC,,
3930,996,4,2026-04-18,No answer,,
3931,996,4,2026-02-09,No answer,,
3932,997,2,2026-04-16,RPC,,
3933,997,2,2026-03-04,RPC,,
3934,997,2,2026-06-18,RPC,,
3935,997,2,2026-02-17,Wrong number,,
3936,997,2,2026-06-13,PTP,2026-06-27,10000
3937,998,2,2026-04-03,No answer,,
3938,998,2,2026-06-18,No answer,,
3939,998,2,2026-03-28,RPC,,
3940,998,2,2026-04-08,PTP,2026-04-22,10000
3941,998,2,2026-03-14,RPC,,
3942,998,2,2026-02-09,No answer,,
3943,999,2,2026-03-11,No answer,,
3944,999,2,2026-06-16,No answer,,
3945,999,2,2026-05-26,Wrong number,,
3946,1000,3,2026-06-28,RPC,,
3947,1000,3,2026-05-18,RPC,,
3948,1000,3,2026-05-26,PTP,2026-06-09,10000
3949,1000,3,2026-05-30,RPC,,
3950,1000,3,2026-06-08,No answer,,
3951,1000,3,2026-06-13,RPC,,
3952,1001,4,2026-04-06,PTP,2026-04-20,10000
3953,1001,4,2026-03-27,No answer,,
3954,1001,4,2026-04-23,No answer,,
3955,1001,4,2026-03-13,Wrong number,,
3956,1001,4,2026-03-12,Wrong number,,
3957,1001,4,2026-06-26,RPC,,
3958,1002,1,2026-05-16,No answer,,
3959,1002,1,2026-04-19,No answer,,
3960,1002,1,2026-04-24,No answer,,
3961,1002,1,2026-05-06,RPC,,
3962,1003,2,2026-04-04,RPC,,
3963,1003,2,2026-03-12,PTP,2026-03-26,10000
3964,1003,2,2026-03-01,No answer,,
3965,1004,2,2026-06-13,RPC,,
3966,1004,2,2026-04-07,No answer,,
3967,1004,2,2026-05-29,RPC,,
3968,1004,2,2026-04-13,No answer,,
3969,1004,2,2026-04-07,No answer,,
3970,1004,2,2026-06-24,Wrong number,,
3971,1004,2,2026-04-03,PTP,2026-04-17,10000
3972,1004,2,2026-06-02,No answer,,
3973,1005,3,2026-04-17,No answer,,
3974,1005,3,2026-06-17,No answer,,
3975,1005,3,2026-06-17,No answer,,
3976,1005,3,2026-03-23,RPC,,
3977,1005,3,2026-02-16,RPC,,
3978,1005,3,2026-05-26,RPC,,
3979,1005,3,2026-03-19,No answer,,
3980,1008,6,2026-06-05,RPC,,
3981,1008,6,2026-04-27,RPC,,
3982,1010,5,2026-06-30,RPC,,
3983,1010,5,2026-03-30,No answer,,
3984,1010,5,2026-04-09,PTP,2026-04-23,10000
3985,1010,5,2026-04-13,No answer,,
3986,1010,5,2026-05-06,RPC,,
3987,1010,5,2026-05-02,RPC,,
3988,1010,5,2026-05-24,RPC,,
3989,1010,5,2026-04-10,RPC,,
3990,1011,5,2026-06-13,No answer,,
3991,1011,5,2026-06-24,RPC,,
3992,1011,5,2026-03-08,No answer,,
3993,1011,5,2026-02-14,RPC,,
3994,1011,5,2026-04-30,No answer,,
3995,1012,5,2026-03-23,No answer,,
3996,1012,5,2026-06-07,No answer,,
3997,1012,5,2026-05-18,PTP,2026-06-01,10000
3998,1013,1,2026-06-18,Wrong number,,
3999,1014,4,2026-03-13,No answer,,
4000,1014,4,2026-03-07,No answer,,
4001,1014,4,2026-04-07,RPC,,
4002,1014,4,2026-03-28,RPC,,
4003,1014,4,2026-06-16,RPC,,
4004,1014,4,2026-06-01,PTP,2026-06-15,10000
4005,1014,4,2026-04-18,Wrong number,,
4006,1015,4,2026-03-26,PTP,2026-04-09,10000
4007,1015,4,2026-06-07,Wrong number,,
4008,1016,3,2026-04-24,No answer,,
4009,1016,3,2026-02-09,PTP,2026-02-23,10000
4010,1017,2,2026-03-11,No answer,,
4011,1017,2,2026-05-30,RPC,,
4012,1017,2,2026-04-08,No answer,,
4013,1017,2,2026-04-03,No answer,,
4014,1017,2,2026-05-28,No answer,,
4015,1017,2,2026-06-21,Wrong number,,
4016,1017,2,2026-04-12,RPC,,
4017,1017,2,2026-05-26,Wrong number,,
4018,1018,6,2026-04-07,Wrong number,,
4019,1018,6,2026-06-09,RPC,,
4020,1018,6,2026-05-17,No answer,,
4021,1018,6,2026-04-19,RPC,,
4022,1018,6,2026-02-19,No answer,,
4023,1018,6,2026-04-13,Wrong number,,
4024,1019,3,2026-06-03,No answer,,
4025,1019,3,2026-03-09,Wrong number,,
4026,1019,3,2026-05-21,Wrong number,,
4027,1019,3,2026-04-09,Wrong number,,
4028,1019,3,2026-06-09,Wrong number,,
4029,1020,1,2026-04-04,No answer,,
4030,1020,1,2026-05-27,PTP,2026-06-10,10000
4031,1021,5,2026-01-22,PTP,2026-02-05,10000
4032,1021,5,2026-05-30,No answer,,
4033,1021,5,2026-04-24,RPC,,
4034,1021,5,2026-06-11,No answer,,
4035,1022,6,2026-06-16,No answer,,
4036,1022,6,2026-05-27,No answer,,
4037,1022,6,2026-06-16,No answer,,
4038,1022,6,2026-06-24,PTP,2026-07-08,10000
4039,1022,6,2026-05-28,No answer,,
4040,1022,6,2026-06-27,No answer,,
4041,1022,6,2026-05-18,No answer,,
4042,1022,6,2026-06-07,RPC,,
4043,1023,5,2026-06-23,No answer,,
4044,1025,5,2026-06-14,RPC,,
4045,1025,5,2026-04-20,PTP,2026-05-04,10000
4046,1025,5,2026-06-06,RPC,,
4047,1025,5,2026-04-23,No answer,,
4048,1025,5,2026-02-22,No answer,,
4049,1026,4,2026-06-30,No answer,,
4050,1026,4,2026-06-14,PTP,2026-06-28,10000
4051,1026,4,2026-04-29,No answer,,
4052,1026,4,2026-05-13,No answer,,
4053,1027,6,2026-05-09,RPC,,
4054,1027,6,2026-05-29,No answer,,
4055,1027,6,2026-06-13,RPC,,
4056,1027,6,2026-05-03,Wrong number,,
4057,1027,6,2026-06-16,No answer,,
4058,1028,1,2026-05-02,RPC,,
4059,1028,1,2026-06-05,No answer,,
4060,1028,1,2026-04-29,No answer,,
4061,1029,2,2026-06-17,No answer,,
4062,1029,2,2026-06-06,RPC,,
4063,1029,2,2026-06-10,RPC,,
4064,1029,2,2026-05-12,RPC,,
4065,1029,2,2026-05-14,PTP,2026-05-28,10000
4066,1030,2,2026-05-18,RPC,,
4067,1030,2,2026-05-25,RPC,,
4068,1030,2,2026-06-05,Wrong number,,
4069,1030,2,2026-06-30,No answer,,
4070,1031,3,2026-04-06,No answer,,
4071,1031,3,2026-06-09,RPC,,
4072,1031,3,2026-05-27,RPC,,
4073,1031,3,2026-03-25,No answer,,
4074,1031,3,2026-03-10,Wrong number,,
4075,1031,3,2026-05-07,No answer,,
4076,1034,3,2026-06-02,RPC,,
4077,1034,3,2026-05-11,RPC,,
4078,1034,3,2026-05-11,No answer,,
4079,1034,3,2026-05-03,No answer,,
4080,1034,3,2026-05-20,Wrong number,,
4081,1035,1,2026-06-26,No answer,,
4082,1035,1,2026-06-20,RPC,,
4083,1036,3,2026-03-27,Wrong number,,
4084,1036,3,2026-05-21,PTP,2026-06-04,10000
4085,1036,3,2026-04-06,RPC,,
4086,1036,3,2026-06-13,No answer,,
4087,1036,3,2026-04-04,No answer,,
4088,1036,3,2026-05-12,Wrong number,,
4089,1036,3,2026-04-20,No answer,,
4090,1037,4,2026-06-02,Wrong number,,
4091,1037,4,2026-03-31,RPC,,
4092,1037,4,2026-05-01,RPC,,
4093,1038,2,2026-05-03,No answer,,
4094,1038,2,2026-06-02,No answer,,
4095,1038,2,2026-03-17,No answer,,
4096,1038,2,2026-04-18,RPC,,
4097,1038,2,2026-06-04,Wrong number,,
4098,1038,2,2026-05-30,RPC,,
4099,1038,2,2026-02-25,No answer,,
4100,1039,5,2026-04-24,No answer,,
4101,1039,5,2026-03-26,No answer,,
4102,1039,5,2026-05-01,No answer,,
4103,1039,5,2026-04-20,Wrong number,,
4104,1039,5,2026-05-07,PTP,2026-05-21,10000
4105,1039,5,2026-04-11,No answer,,
4106,1039,5,2026-06-01,RPC,,
4107,1040,4,2026-04-07,No answer,,
4108,1040,4,2026-04-01,RPC,,
4109,1040,4,2026-04-11,No answer,,
4110,1041,3,2026-02-26,RPC,,
4111,1041,3,2026-03-04,No answer,,
4112,1041,3,2026-02-24,No answer,,
4113,1042,1,2026-06-23,No answer,,
4114,1042,1,2026-06-18,No answer,,
4115,1042,1,2026-06-08,No answer,,
4116,1042,1,2026-06-21,No answer,,
4117,1042,1,2026-06-26,RPC,,
4118,1042,1,2026-05-11,No answer,,
4119,1042,1,2026-05-23,No answer,,
4120,1044,3,2026-02-16,No answer,,
4121,1044,3,2026-05-18,PTP,2026-06-01,10000
4122,1044,3,2026-04-09,RPC,,
4123,1044,3,2026-06-21,No answer,,
4124,1044,3,2026-02-28,RPC,,
4125,1045,3,2026-06-30,No answer,,
4126,1045,3,2026-05-26,No answer,,
4127,1046,5,2026-05-28,No answer,,
4128,1046,5,2026-05-21,RPC,,
4129,1047,4,2026-06-03,RPC,,
4130,1047,4,2026-06-05,No answer,,
4131,1047,4,2026-06-04,PTP,2026-06-18,10000
4132,1047,4,2026-06-06,Wrong number,,
4133,1047,4,2026-06-01,No answer,,
4134,1047,4,2026-06-21,RPC,,
4135,1047,4,2026-06-25,RPC,,
4136,1048,4,2026-02-08,Wrong number,,
4137,1048,4,2026-06-20,RPC,,
4138,1048,4,2026-04-13,No answer,,
4139,1048,4,2026-04-04,RPC,,
4140,1048,4,2026-02-10,No answer,,
4141,1049,2,2026-03-27,No answer,,
4142,1049,2,2026-04-29,No answer,,
4143,1050,2,2026-03-19,RPC,,
4144,1050,2,2026-01-29,RPC,,
4145,1050,2,2026-03-20,No answer,,
4146,1051,3,2026-05-19,RPC,,
4147,1051,3,2026-05-18,Wrong number,,
4148,1051,3,2026-05-29,PTP,2026-06-12,10000
4149,1051,3,2026-03-17,No answer,,
4150,1052,1,2026-06-29,No answer,,
4151,1052,1,2026-03-12,RPC,,
4152,1052,1,2026-02-21,No answer,,
4153,1053,5,2026-06-30,No answer,,
4154,1053,5,2026-04-07,No answer,,
4155,1053,5,2026-05-25,Wrong number,,
4156,1053,5,2026-02-27,No answer,,
4157,1053,5,2026-06-05,No answer,,
4158,1053,5,2026-03-16,No answer,,
4159,1053,5,2026-03-29,No answer,,
4160,1054,6,2026-05-15,RPC,,
4161,1054,6,2026-06-18,No answer,,
4162,1054,6,2026-05-30,No answer,,
4163,1054,6,2026-06-29,RPC,,
4164,1054,6,2026-04-24,RPC,,
4165,1055,6,2026-05-11,No answer,,
4166,1055,6,2026-04-07,RPC,,
4167,1055,6,2026-04-12,RPC,,
4168,1055,6,2026-02-24,No answer,,
4169,1055,6,2026-06-30,RPC,,
4170,1055,6,2026-04-12,RPC,,
4171,1055,6,2026-03-26,No answer,,
4172,1055,6,2026-03-07,No answer,,
4173,1056,2,2026-03-19,RPC,,
4174,1056,2,2026-06-27,No answer,,
4175,1056,2,2026-06-15,PTP,2026-06-29,10000
4176,1056,2,2026-04-25,RPC,,
4177,1056,2,2026-03-06,RPC,,
4178,1056,2,2026-03-08,Wrong number,,
4179,1056,2,2026-04-16,Wrong number,,
4180,1056,2,2026-02-22,No answer,,
4181,1057,6,2026-05-20,No answer,,
4182,1057,6,2026-04-29,Wrong number,,
4183,1057,6,2026-06-27,RPC,,
4184,1057,6,2026-05-08,RPC,,
4185,1057,6,2026-04-25,PTP,2026-05-09,10000
4186,1057,6,2026-05-10,RPC,,
4187,1057,6,2026-06-27,RPC,,
4188,1057,6,2026-06-04,No answer,,
4189,1059,1,2026-03-31,No answer,,
4190,1060,4,2026-06-18,No answer,,
4191,1060,4,2026-05-16,RPC,,
4192,1060,4,2026-05-02,No answer,,
4193,1060,4,2026-05-20,RPC,,
4194,1060,4,2026-06-07,No answer,,
4195,1060,4,2026-06-14,No answer,,
4196,1061,3,2026-03-26,Wrong number,,
4197,1061,3,2026-01-25,PTP,2026-02-08,10000
4198,1061,3,2026-06-15,RPC,,
4199,1061,3,2026-05-11,RPC,,
4200,1061,3,2026-03-09,RPC,,
4201,1061,3,2026-06-18,RPC,,
4202,1061,3,2026-02-09,No answer,,
4203,1061,3,2026-05-06,Wrong number,,
4204,1062,4,2026-05-17,RPC,,
4205,1062,4,2026-06-24,RPC,,
4206,1062,4,2026-06-09,RPC,,
4207,1062,4,2026-05-17,No answer,,
4208,1062,4,2026-06-21,No answer,,
4209,1062,4,2026-05-01,Wrong number,,
4210,1062,4,2026-05-05,RPC,,
4211,1062,4,2026-06-29,PTP,2026-07-13,10000
4212,1063,4,2026-04-27,No answer,,
4213,1063,4,2026-04-23,No answer,,
4214,1063,4,2026-06-17,RPC,,
4215,1063,4,2026-05-09,PTP,2026-05-23,10000
4216,1064,6,2026-06-11,No answer,,
4217,1064,6,2026-02-14,No answer,,
4218,1064,6,2026-06-12,No answer,,
4219,1064,6,2026-03-05,RPC,,
4220,1064,6,2026-05-28,RPC,,
4221,1064,6,2026-05-14,RPC,,
4222,1064,6,2026-03-23,No answer,,
4223,1064,6,2026-06-26,Wrong number,,
4224,1065,1,2026-05-23,RPC,,
4225,1065,1,2026-05-31,No answer,,
4226,1065,1,2026-06-06,No answer,,
4227,1065,1,2026-06-02,No answer,,
4228,1065,1,2026-06-12,RPC,,
4229,1065,1,2026-06-09,RPC,,
4230,1066,4,2026-03-15,No answer,,
4231,1067,5,2026-05-09,RPC,,
4232,1067,5,2026-02-27,No answer,,
4233,1067,5,2026-06-23,No answer,,
4234,1067,5,2026-06-07,No answer,,
4235,1067,5,2026-05-10,No answer,,
4236,1067,5,2026-06-14,Wrong number,,
4237,1067,5,2026-06-03,No answer,,
4238,1068,5,2026-05-28,PTP,2026-06-11,10000
4239,1068,5,2026-06-05,RPC,,
4240,1068,5,2026-06-25,RPC,,
4241,1068,5,2026-05-31,No answer,,
4242,1069,4,2026-03-07,No answer,,
4243,1069,4,2026-04-13,No answer,,
4244,1069,4,2026-05-20,No answer,,
4245,1069,4,2026-05-24,Wrong number,,
4246,1069,4,2026-04-23,RPC,,
4247,1069,4,2026-04-14,PTP,2026-04-28,10000
4248,1069,4,2026-03-19,RPC,,
4249,1069,4,2026-03-08,No answer,,
4250,1070,1,2026-04-15,Wrong number,,
4251,1070,1,2026-04-10,No answer,,
4252,1071,1,2026-05-30,No answer,,
4253,1071,1,2026-06-14,Wrong number,,
4254,1071,1,2026-06-28,RPC,,
4255,1071,1,2026-04-04,RPC,,
4256,1071,1,2026-02-23,Wrong number,,
4257,1072,1,2026-04-22,RPC,,
4258,1072,1,2026-06-05,RPC,,
4259,1072,1,2026-06-07,No answer,,
4260,1073,1,2026-05-28,PTP,2026-06-11,10000
4261,1073,1,2026-06-26,RPC,,
4262,1073,1,2026-05-09,No answer,,
4263,1074,5,2026-06-28,No answer,,
4264,1075,1,2026-04-23,No answer,,
4265,1076,3,2026-04-07,No answer,,
4266,1076,3,2026-03-21,No answer,,
4267,1076,3,2026-06-25,RPC,,
4268,1076,3,2026-03-31,No answer,,
4269,1076,3,2026-04-30,RPC,,
4270,1077,2,2026-05-22,No answer,,
4271,1077,2,2026-05-29,No answer,,
4272,1077,2,2026-04-25,No answer,,
4273,1077,2,2026-05-31,No answer,,
4274,1077,2,2026-06-10,No answer,,
4275,1078,3,2026-04-24,No answer,,
4276,1078,3,2026-06-29,No answer,,
4277,1078,3,2026-04-01,No answer,,
4278,1079,1,2026-04-08,PTP,2026-04-22,10000
4279,1080,6,2026-06-16,No answer,,
4280,1080,6,2026-05-23,Wrong number,,
4281,1080,6,2026-06-15,RPC,,
4282,1080,6,2026-06-05,No answer,,
4283,1080,6,2026-05-12,Wrong number,,
4284,1080,6,2026-05-20,No answer,,
4285,1080,6,2026-06-23,No answer,,
4286,1080,6,2026-06-15,RPC,,
4287,1082,5,2026-05-06,No answer,,
4288,1082,5,2026-04-26,RPC,,
4289,1082,5,2026-06-17,No answer,,
4290,1082,5,2026-04-15,No answer,,
4291,1082,5,2026-06-03,RPC,,
4292,1082,5,2026-06-29,No answer,,
4293,1082,5,2026-05-26,No answer,,
4294,1083,6,2026-06-29,Wrong number,,
4295,1083,6,2026-05-30,No answer,,
4296,1083,6,2026-06-05,Wrong number,,
4297,1084,1,2026-06-28,No answer,,
4298,1084,1,2026-05-10,No answer,,
4299,1085,1,2026-06-15,No answer,,
4300,1085,1,2026-05-22,RPC,,
4301,1085,1,2026-05-15,PTP,2026-05-29,10000
4302,1085,1,2026-06-17,No answer,,
4303,1085,1,2026-06-22,RPC,,
4304,1085,1,2026-06-03,No answer,,
4305,1085,1,2026-06-03,Wrong number,,
4306,1086,4,2026-05-21,RPC,,
4307,1086,4,2026-03-10,Wrong number,,
4308,1086,4,2026-05-09,Wrong number,,
4309,1086,4,2026-02-13,PTP,2026-02-27,10000
4310,1086,4,2026-03-26,No answer,,
4311,1086,4,2026-05-09,No answer,,
4312,1086,4,2026-06-24,No answer,,
4313,1087,3,2026-06-22,Wrong number,,
4314,1087,3,2026-06-07,No answer,,
4315,1087,3,2026-04-09,Wrong number,,
4316,1087,3,2026-05-06,RPC,,
4317,1087,3,2026-05-20,No answer,,
4318,1087,3,2026-04-17,Wrong number,,
4319,1087,3,2026-05-29,RPC,,
4320,1087,3,2026-05-14,PTP,2026-05-28,10000
4321,1088,4,2026-05-08,RPC,,
4322,1088,4,2026-05-13,RPC,,
4323,1088,4,2026-03-17,PTP,2026-03-31,10000
4324,1088,4,2026-03-13,RPC,,
4325,1088,4,2026-02-26,No answer,,
4326,1088,4,2026-03-03,No answer,,
4327,1088,4,2026-06-11,RPC,,
4328,1089,3,2026-04-13,RPC,,
4329,1089,3,2026-03-28,RPC,,
4330,1089,3,2026-03-12,No answer,,
4331,1089,3,2026-02-28,Wrong number,,
4332,1090,1,2026-06-14,No answer,,
4333,1090,1,2026-06-05,RPC,,
4334,1090,1,2026-04-25,RPC,,
4335,1090,1,2026-06-23,No answer,,
4336,1090,1,2026-06-12,RPC,,
4337,1090,1,2026-04-21,No answer,,
4338,1090,1,2026-05-24,Wrong number,,
4339,1090,1,2026-04-13,RPC,,
4340,1091,1,2026-06-19,No answer,,
4341,1091,1,2026-06-16,RPC,,
4342,1091,1,2026-06-30,RPC,,
4343,1093,5,2026-04-22,No answer,,
4344,1093,5,2026-04-04,RPC,,
4345,1094,1,2026-03-06,RPC,,
4346,1094,1,2026-03-04,No answer,,
4347,1094,1,2026-04-08,PTP,2026-04-22,10000
4348,1094,1,2026-05-26,No answer,,
4349,1095,2,2026-06-23,No answer,,
4350,1095,2,2026-05-09,No answer,,
4351,1095,2,2026-05-08,RPC,,
4352,1095,2,2026-04-15,RPC,,
4353,1095,2,2026-06-27,No answer,,
4354,1095,2,2026-05-19,PTP,2026-06-02,10000
4355,1095,2,2026-06-02,No answer,,
4356,1095,2,2026-06-28,RPC,,
4357,1096,1,2026-05-08,No answer,,
4358,1097,6,2026-05-04,No answer,,
4359,1097,6,2026-05-02,No answer,,
4360,1097,6,2026-03-25,Wrong number,,
4361,1098,4,2026-04-28,No answer,,
4362,1098,4,2026-05-20,No answer,,
4363,1098,4,2026-06-09,No answer,,
4364,1098,4,2026-05-01,RPC,,
4365,1098,4,2026-06-16,PTP,2026-06-30,10000
4366,1098,4,2026-05-29,RPC,,
4367,1098,4,2026-05-14,No answer,,
4368,1098,4,2026-05-26,No answer,,
4369,1099,3,2026-03-09,No answer,,
4370,1099,3,2026-04-05,No answer,,
4371,1099,3,2026-03-27,No answer,,
4372,1099,3,2026-04-04,No answer,,
4373,1099,3,2026-06-26,Wrong number,,
4374,1099,3,2026-03-22,No answer,,
4375,1099,3,2026-04-11,RPC,,
4376,1099,3,2026-05-06,No answer,,
4377,1100,5,2026-05-31,No answer,,
4378,1100,5,2026-06-23,No answer,,
4379,1100,5,2026-05-29,Wrong number,,
4380,1100,5,2026-06-09,Wrong number,,
4381,1100,5,2026-06-15,PTP,2026-06-29,10000
4382,1100,5,2026-06-30,No answer,,
4383,1101,3,2026-03-28,RPC,,
4384,1101,3,2026-03-26,No answer,,
4385,1101,3,2026-04-05,No answer,,
4386,1101,3,2026-05-04,RPC,,
4387,1101,3,2026-05-21,PTP,2026-06-04,10000
4388,1101,3,2026-06-19,No answer,,
4389,1101,3,2026-04-29,RPC,,
4390,1102,2,2026-05-06,RPC,,
4391,1102,2,2026-04-25,PTP,2026-05-09,10000
4392,1102,2,2026-04-08,RPC,,
4393,1102,2,2026-04-07,No answer,,
4394,1102,2,2026-06-16,No answer,,
4395,1102,2,2026-03-12,RPC,,
4396,1102,2,2026-03-23,No answer,,
4397,1103,5,2026-01-08,No answer,,
4398,1103,5,2026-02-04,No answer,,
4399,1103,5,2026-04-02,No answer,,
4400,1103,5,2026-02-14,PTP,2026-02-28,10000
4401,1103,5,2026-03-11,No answer,,
4402,1103,5,2026-02-15,RPC,,
4403,1104,5,2026-06-06,No answer,,
4404,1104,5,2026-03-03,No answer,,
4405,1104,5,2026-05-28,No answer,,
4406,1104,5,2026-05-15,RPC,,
4407,1105,5,2026-06-01,No answer,,
4408,1105,5,2026-05-29,No answer,,
4409,1105,5,2026-05-28,No answer,,
4410,1105,5,2026-05-31,PTP,2026-06-14,10000
4411,1105,5,2026-03-29,RPC,,
4412,1105,5,2026-05-19,RPC,,
4413,1105,5,2026-03-14,Wrong number,,
4414,1105,5,2026-06-13,Wrong number,,
4415,1106,3,2026-06-14,RPC,,
4416,1107,3,2026-03-05,Wrong number,,
4417,1108,2,2026-06-02,No answer,,
4418,1108,2,2026-06-30,No answer,,
4419,1109,1,2026-02-25,Wrong number,,
4420,1109,1,2026-03-30,No answer,,
4421,1110,1,2026-06-04,No answer,,
4422,1110,1,2026-06-25,PTP,2026-07-09,10000
4423,1110,1,2026-05-21,RPC,,
4424,1110,1,2026-06-02,RPC,,
4425,1110,1,2026-05-25,No answer,,
4426,1110,1,2026-05-22,RPC,,
4427,1110,1,2026-05-30,No answer,,
4428,1111,5,2026-05-28,RPC,,
4429,1111,5,2026-05-07,No answer,,
4430,1111,5,2026-03-16,No answer,,
4431,1111,5,2026-04-02,No answer,,
4432,1111,5,2026-04-09,RPC,,
4433,1111,5,2026-02-25,PTP,2026-03-11,10000
4434,1111,5,2026-02-25,Wrong number,,
4435,1111,5,2026-06-17,RPC,,
4436,1112,1,2026-04-05,No answer,,
4437,1112,1,2026-02-20,No answer,,
4438,1112,1,2026-02-23,No answer,,
4439,1113,2,2026-04-30,PTP,2026-05-14,10000
4440,1114,3,2026-04-22,RPC,,
4441,1114,3,2026-04-05,No answer,,
4442,1115,4,2026-06-12,RPC,,
4443,1115,4,2026-05-12,Wrong number,,
4444,1115,4,2026-03-13,No answer,,
4445,1115,4,2026-03-15,No answer,,
4446,1115,4,2026-05-11,RPC,,
4447,1116,5,2026-05-23,Wrong number,,
4448,1116,5,2026-05-27,RPC,,
4449,1116,5,2026-04-08,No answer,,
4450,1116,5,2026-05-10,PTP,2026-05-24,10000
4451,1117,5,2026-05-29,No answer,,
4452,1118,2,2026-06-29,RPC,,
4453,1118,2,2026-04-10,No answer,,
4454,1118,2,2026-06-17,RPC,,
4455,1118,2,2026-06-30,No answer,,
4456,1118,2,2026-04-26,PTP,2026-05-10,10000
4457,1118,2,2026-04-20,Wrong number,,
4458,1118,2,2026-05-20,No answer,,
4459,1118,2,2026-05-12,RPC,,
4460,1119,2,2026-02-22,No answer,,
4461,1121,5,2026-06-11,No answer,,
4462,1122,5,2026-06-06,Wrong number,,
4463,1123,2,2026-02-10,Wrong number,,
4464,1123,2,2026-05-05,No answer,,
4465,1123,2,2026-03-01,PTP,2026-03-15,10000
4466,1123,2,2026-06-28,No answer,,
4467,1123,2,2026-04-15,No answer,,
4468,1123,2,2026-02-18,No answer,,
4469,1124,6,2026-05-17,No answer,,
4470,1124,6,2026-06-23,RPC,,
4471,1124,6,2026-06-22,No answer,,
4472,1124,6,2026-05-28,No answer,,
4473,1124,6,2026-05-21,RPC,,
4474,1124,6,2026-05-31,No answer,,
4475,1124,6,2026-05-13,No answer,,
4476,1124,6,2026-05-28,RPC,,
4477,1125,3,2026-01-11,No answer,,
4478,1125,3,2026-04-10,PTP,2026-04-24,10000
4479,1125,3,2026-06-08,Wrong number,,
4480,1125,3,2026-03-17,Wrong number,,
4481,1125,3,2026-03-14,RPC,,
4482,1125,3,2026-04-24,No answer,,
4483,1126,1,2026-06-01,PTP,2026-06-15,10000
4484,1126,1,2026-05-23,No answer,,
4485,1127,5,2026-02-13,Wrong number,,
4486,1127,5,2026-06-13,RPC,,
4487,1128,6,2026-06-17,PTP,2026-07-01,10000
4488,1128,6,2026-06-03,No answer,,
4489,1128,6,2026-05-22,No answer,,
4490,1128,6,2026-06-06,No answer,,
4491,1128,6,2026-05-26,No answer,,
4492,1129,2,2026-05-06,No answer,,
4493,1129,2,2026-02-02,No answer,,
4494,1129,2,2026-06-28,No answer,,
4495,1129,2,2026-02-08,No answer,,
4496,1130,1,2026-05-01,Wrong number,,
4497,1130,1,2026-06-08,No answer,,
4498,1130,1,2026-04-26,No answer,,
4499,1131,6,2026-06-09,No answer,,
4500,1131,6,2026-06-29,No answer,,
4501,1131,6,2026-03-31,RPC,,
4502,1131,6,2026-05-04,No answer,,
4503,1131,6,2026-04-06,RPC,,
4504,1131,6,2026-04-16,No answer,,
4505,1132,5,2026-06-16,PTP,2026-06-30,10000
4506,1132,5,2026-03-27,No answer,,
4507,1132,5,2026-02-14,No answer,,
4508,1132,5,2026-04-06,Wrong number,,
4509,1132,5,2026-04-24,No answer,,
4510,1132,5,2026-04-21,Wrong number,,
4511,1132,5,2026-02-17,RPC,,
4512,1133,4,2026-03-06,RPC,,
4513,1133,4,2026-04-06,PTP,2026-04-20,10000
4514,1133,4,2026-05-19,RPC,,
4515,1133,4,2026-05-10,RPC,,
4516,1133,4,2026-05-19,Wrong number,,
4517,1133,4,2026-04-05,RPC,,
4518,1134,4,2026-05-02,No answer,,
4519,1134,4,2026-05-08,PTP,2026-05-22,10000
4520,1134,4,2026-03-30,RPC,,
4521,1135,5,2026-04-22,RPC,,
4522,1135,5,2026-04-27,No answer,,
4523,1135,5,2026-06-19,No answer,,
4524,1135,5,2026-06-21,RPC,,
4525,1135,5,2026-05-28,No answer,,
4526,1136,1,2026-02-02,PTP,2026-02-16,10000
4527,1136,1,2026-04-09,RPC,,
4528,1137,1,2026-05-21,No answer,,
4529,1137,1,2026-05-12,No answer,,
4530,1138,6,2026-05-06,No answer,,
4531,1138,6,2026-04-19,No answer,,
4532,1138,6,2026-06-17,RPC,,
4533,1138,6,2026-04-12,RPC,,
4534,1138,6,2026-06-11,No answer,,
4535,1138,6,2026-03-04,No answer,,
4536,1139,3,2026-05-24,No answer,,
4537,1140,1,2026-06-09,No answer,,
4538,1140,1,2026-05-19,No answer,,
4539,1140,1,2026-05-19,PTP,2026-06-02,10000
4540,1140,1,2026-05-28,No answer,,
4541,1140,1,2026-06-13,Wrong number,,
4542,1140,1,2026-06-22,RPC,,
4543,1140,1,2026-05-19,No answer,,
4544,1140,1,2026-06-02,No answer,,
4545,1141,3,2026-01-31,RPC,,
4546,1141,3,2026-05-11,RPC,,
4547,1141,3,2026-06-03,RPC,,
4548,1142,1,2026-05-29,Wrong number,,
4549,1142,1,2026-06-10,RPC,,
4550,1142,1,2026-06-21,RPC,,
4551,1142,1,2026-06-13,RPC,,
4552,1144,5,2026-05-09,RPC,,
4553,1144,5,2026-06-08,RPC,,
4554,1144,5,2026-06-15,No answer,,
4555,1144,5,2026-05-08,PTP,2026-05-22,10000
4556,1144,5,2026-05-07,No answer,,
4557,1144,5,2026-06-05,RPC,,
4558,1144,5,2026-05-08,RPC,,
4559,1145,2,2026-06-01,No answer,,
4560,1145,2,2026-05-15,No answer,,
4561,1145,2,2026-06-26,No answer,,
4562,1146,2,2026-05-01,RPC,,
4563,1146,2,2026-05-27,RPC,,
4564,1146,2,2026-06-05,No answer,,
4565,1146,2,2026-03-12,RPC,,
4566,1146,2,2026-04-13,No answer,,
4567,1146,2,2026-03-03,No answer,,
4568,1146,2,2026-05-09,PTP,2026-05-23,10000
4569,1146,2,2026-03-10,RPC,,
4570,1147,5,2026-06-01,No answer,,
4571,1147,5,2026-05-25,RPC,,
4572,1147,5,2026-05-03,No answer,,
4573,1147,5,2026-03-03,No answer,,
4574,1147,5,2026-05-05,RPC,,
4575,1147,5,2026-03-09,No answer,,
4576,1149,2,2026-06-21,No answer,,
4577,1149,2,2026-06-22,No answer,,
4578,1149,2,2026-06-26,No answer,,
4579,1149,2,2026-06-19,RPC,,
4580,1149,2,2026-06-11,Wrong number,,
4581,1149,2,2026-05-17,Wrong number,,
4582,1149,2,2026-05-21,Wrong number,,
4583,1149,2,2026-05-21,Wrong number,,
4584,1150,1,2026-05-13,RPC,,
4585,1150,1,2026-03-07,RPC,,
4586,1150,1,2026-04-07,RPC,,
4587,1150,1,2026-03-03,No answer,,
4588,1150,1,2026-04-14,PTP,2026-04-28,10000
4589,1150,1,2026-04-15,No answer,,
4590,1151,4,2026-05-03,No answer,,
4591,1151,4,2026-04-15,No answer,,
4592,1151,4,2026-05-15,No answer,,
4593,1151,4,2026-04-19,RPC,,
4594,1151,4,2026-05-09,PTP,2026-05-23,10000
4595,1152,2,2026-05-05,Wrong number,,
4596,1153,4,2026-03-20,Wrong number,,
4597,1153,4,2026-06-13,No answer,,
4598,1154,3,2026-05-04,No answer,,
4599,1154,3,2026-04-11,RPC,,
4600,1154,3,2026-05-17,RPC,,
4601,1155,4,2026-05-31,No answer,,
4602,1156,1,2026-05-27,No answer,,
4603,1156,1,2026-05-05,No answer,,
4604,1156,1,2026-06-29,No answer,,
4605,1156,1,2026-05-27,Wrong number,,
4606,1156,1,2026-05-21,RPC,,
4607,1156,1,2026-06-04,RPC,,
4608,1156,1,2026-06-05,Wrong number,,
4609,1156,1,2026-06-08,RPC,,
4610,1157,1,2026-05-30,PTP,2026-06-13,10000
4611,1157,1,2026-06-11,No answer,,
4612,1157,1,2026-06-28,RPC,,
4613,1157,1,2026-02-27,No answer,,
4614,1157,1,2026-06-05,No answer,,
4615,1157,1,2026-02-18,No answer,,
4616,1158,2,2026-05-28,No answer,,
4617,1158,2,2026-04-24,No answer,,
4618,1158,2,2026-04-23,No answer,,
4619,1158,2,2026-06-13,No answer,,
4620,1158,2,2026-06-10,RPC,,
4621,1158,2,2026-06-23,No answer,,
4622,1158,2,2026-04-10,RPC,,
4623,1158,2,2026-06-12,PTP,2026-06-26,10000
4624,1159,5,2026-06-06,RPC,,
4625,1159,5,2026-05-30,No answer,,
4626,1159,5,2026-05-15,RPC,,
4627,1159,5,2026-06-21,RPC,,
4628,1159,5,2026-06-13,No answer,,
4629,1160,3,2026-06-14,No answer,,
4630,1160,3,2026-06-17,Wrong number,,
4631,1160,3,2026-06-16,No answer,,
4632,1160,3,2026-05-31,No answer,,
4633,1160,3,2026-05-08,No answer,,
4634,1160,3,2026-04-27,Wrong number,,
4635,1161,5,2026-02-10,No answer,,
4636,1161,5,2026-03-01,No answer,,
4637,1161,5,2026-02-22,No answer,,
4638,1161,5,2026-06-21,No answer,,
4639,1161,5,2026-02-03,No answer,,
4640,1161,5,2026-01-27,RPC,,
4641,1162,4,2026-04-26,No answer,,
4642,1162,4,2026-05-12,No answer,,
4643,1162,4,2026-06-13,No answer,,
4644,1162,4,2026-05-11,No answer,,
4645,1162,4,2026-06-14,No answer,,
4646,1162,4,2026-06-14,No answer,,
4647,1163,1,2026-06-19,RPC,,
4648,1163,1,2026-04-28,No answer,,
4649,1163,1,2026-04-29,RPC,,
4650,1164,1,2026-05-29,No answer,,
4651,1165,4,2026-01-27,No answer,,
4652,1165,4,2026-02-25,No answer,,
4653,1165,4,2026-01-17,RPC,,
4654,1166,3,2026-03-08,PTP,2026-03-22,10000
4655,1166,3,2026-04-09,Wrong number,,
4656,1168,3,2026-06-28,No answer,,
4657,1169,4,2026-03-27,No answer,,
4658,1169,4,2026-03-05,No answer,,
4659,1169,4,2026-06-05,Wrong number,,
4660,1169,4,2026-04-22,No answer,,
4661,1169,4,2026-06-13,No answer,,
4662,1169,4,2026-04-21,No answer,,
4663,1170,4,2026-06-13,RPC,,
4664,1170,4,2026-06-09,No answer,,
4665,1170,4,2026-05-22,RPC,,
4666,1170,4,2026-05-29,RPC,,
4667,1172,2,2026-03-28,RPC,,
4668,1172,2,2026-04-08,No answer,,
4669,1172,2,2026-06-22,PTP,2026-07-06,10000
4670,1172,2,2026-06-25,No answer,,
4671,1173,2,2026-05-12,No answer,,
4672,1173,2,2026-03-21,RPC,,
4673,1173,2,2026-05-05,No answer,,
4674,1174,5,2026-06-06,RPC,,
4675,1174,5,2026-03-29,RPC,,
4676,1174,5,2026-03-10,RPC,,
4677,1174,5,2026-03-19,No answer,,
4678,1174,5,2026-02-26,No answer,,
4679,1174,5,2026-03-20,No answer,,
4680,1174,5,2026-02-26,Wrong number,,
4681,1174,5,2026-02-18,No answer,,
4682,1175,3,2026-05-28,RPC,,
4683,1176,3,2026-03-06,No answer,,
4684,1176,3,2026-05-12,No answer,,
4685,1176,3,2026-04-20,No answer,,
4686,1176,3,2026-01-31,PTP,2026-02-14,10000
4687,1176,3,2026-04-23,No answer,,
4688,1176,3,2026-03-24,RPC,,
4689,1177,4,2026-06-05,No answer,,
4690,1177,4,2026-05-29,RPC,,
4691,1178,3,2026-06-05,RPC,,
4692,1178,3,2026-05-08,No answer,,
4693,1179,6,2026-06-12,PTP,2026-06-26,10000
4694,1179,6,2026-04-17,RPC,,
4695,1180,2,2026-04-25,RPC,,
4696,1181,1,2026-05-03,No answer,,
4697,1182,4,2026-02-15,No answer,,
4698,1182,4,2026-02-05,Wrong number,,
4699,1182,4,2026-03-14,RPC,,
4700,1182,4,2026-03-19,RPC,,
4701,1183,1,2026-06-30,Wrong number,,
4702,1183,1,2026-05-26,No answer,,
4703,1183,1,2026-05-26,RPC,,
4704,1183,1,2026-06-05,No answer,,
4705,1184,2,2026-03-09,No answer,,
4706,1184,2,2026-06-22,RPC,,
4707,1184,2,2026-05-08,PTP,2026-05-22,10000
4708,1184,2,2026-05-04,No answer,,
4709,1184,2,2026-05-19,RPC,,
4710,1185,5,2026-05-06,No answer,,
4711,1185,5,2026-04-18,RPC,,
4712,1185,5,2026-04-23,No answer,,
4713,1185,5,2026-04-29,RPC,,
4714,1185,5,2026-06-22,RPC,,
4715,1185,5,2026-05-19,No answer,,
4716,1185,5,2026-06-15,No answer,,
4717,1185,5,2026-06-12,No answer,,
4718,1186,1,2026-05-03,No answer,,
4719,1186,1,2026-06-01,No answer,,
4720,1187,6,2026-03-17,No answer,,
4721,1187,6,2026-05-18,No answer,,
4722,1187,6,2026-03-07,RPC,,
4723,1187,6,2026-05-22,RPC,,
4724,1189,1,2026-06-24,No answer,,
4725,1189,1,2026-03-14,No answer,,
4726,1189,1,2026-04-07,RPC,,
4727,1189,1,2026-03-15,RPC,,
4728,1189,1,2026-03-19,Wrong number,,
4729,1189,1,2026-04-09,No answer,,
4730,1189,1,2026-04-03,Wrong number,,
4731,1190,2,2026-02-20,PTP,2026-03-06,10000
4732,1190,2,2026-03-23,No answer,,
4733,1190,2,2026-02-24,No answer,,
4734,1190,2,2026-04-27,No answer,,
4735,1190,2,2026-06-02,RPC,,
4736,1190,2,2026-03-01,No answer,,
4737,1191,4,2026-06-15,No answer,,
4738,1191,4,2026-06-15,RPC,,
4739,1191,4,2026-05-20,RPC,,
4740,1191,4,2026-05-18,PTP,2026-06-01,10000
4741,1192,1,2026-05-30,No answer,,
4742,1193,6,2026-05-20,No answer,,
4743,1193,6,2026-05-07,RPC,,
4744,1193,6,2026-06-19,No answer,,
4745,1193,6,2026-06-11,No answer,,
4746,1193,6,2026-04-16,RPC,,
4747,1193,6,2026-04-07,RPC,,
4748,1194,4,2026-01-17,PTP,2026-01-31,10000
4749,1194,4,2026-05-18,RPC,,
4750,1194,4,2026-06-05,No answer,,
4751,1194,4,2026-03-29,RPC,,
4752,1194,4,2026-01-22,RPC,,
4753,1194,4,2026-03-26,Wrong number,,
4754,1194,4,2026-05-05,No answer,,
4755,1195,4,2026-05-13,RPC,,
4756,1195,4,2026-05-22,No answer,,
4757,1195,4,2026-05-21,RPC,,
4758,1196,3,2026-06-28,No answer,,
4759,1196,3,2026-02-22,Wrong number,,
4760,1196,3,2026-03-12,No answer,,
4761,1196,3,2026-01-06,PTP,2026-01-20,10000
4762,1197,2,2026-03-13,No answer,,
4763,1197,2,2026-06-01,RPC,,
4764,1197,2,2026-01-09,Wrong number,,
4765,1197,2,2026-02-26,No answer,,
4766,1197,2,2026-01-20,No answer,,
4767,1197,2,2026-04-20,No answer,,
4768,1198,6,2026-05-22,No answer,,
4769,1198,6,2026-06-04,No answer,,
4770,1198,6,2026-06-21,No answer,,
4771,1198,6,2026-06-09,RPC,,
4772,1198,6,2026-06-28,RPC,,
4773,1198,6,2026-06-29,No answer,,
4774,1198,6,2026-06-01,No answer,,
4775,1198,6,2026-06-01,RPC,,
4776,1199,2,2026-04-20,RPC,,
4777,1199,2,2026-02-25,Wrong number,,
4778,1199,2,2026-06-15,RPC,,
4779,1199,2,2026-06-29,No answer,,
4780,1199,2,2026-02-18,No answer,,
4781,1201,3,2026-05-11,No answer,,
4782,1201,3,2026-05-09,Wrong number,,
4783,1201,3,2026-04-16,No answer,,
4784,1202,6,2026-06-03,RPC,,
4785,1202,6,2026-06-11,PTP,2026-06-25,10000
4786,1202,6,2026-05-17,RPC,,
4787,1202,6,2026-06-29,No answer,,
4788,1202,6,2026-06-16,No answer,,
4789,1202,6,2026-06-15,No answer,,
4790,1203,3,2026-05-23,RPC,,
4791,1203,3,2026-05-25,Wrong number,,
4792,1203,3,2026-05-15,RPC,,
4793,1203,3,2026-04-30,RPC,,
4794,1204,6,2026-06-25,No answer,,
4795,1204,6,2026-04-28,RPC,,
4796,1204,6,2026-04-20,No answer,,
4797,1204,6,2026-06-23,No answer,,
4798,1206,5,2026-06-06,No answer,,
4799,1207,2,2026-05-17,RPC,,
4800,1207,2,2026-05-02,RPC,,
4801,1207,2,2026-04-14,No answer,,
4802,1207,2,2026-04-30,No answer,,
4803,1207,2,2026-04-19,RPC,,
4804,1207,2,2026-06-07,Wrong number,,
4805,1207,2,2026-06-17,No answer,,
4806,1207,2,2026-04-04,RPC,,
4807,1209,1,2026-05-11,PTP,2026-05-25,10000
4808,1209,1,2026-06-14,No answer,,
4809,1209,1,2026-05-12,No answer,,
4810,1209,1,2026-06-12,RPC,,
4811,1209,1,2026-05-13,RPC,,
4812,1210,6,2026-05-27,No answer,,
4813,1210,6,2026-03-18,No answer,,
4814,1210,6,2026-05-25,Wrong number,,
4815,1210,6,2026-06-22,RPC,,
4816,1212,6,2026-02-16,Wrong number,,
4817,1212,6,2026-06-27,No answer,,
4818,1212,6,2026-02-25,No answer,,
4819,1213,5,2026-05-24,RPC,,
4820,1213,5,2026-04-16,RPC,,
4821,1213,5,2026-04-15,No answer,,
4822,1213,5,2026-06-18,Wrong number,,
4823,1213,5,2026-06-26,PTP,2026-07-10,10000
4824,1213,5,2026-06-24,No answer,,
4825,1213,5,2026-06-11,RPC,,
4826,1213,5,2026-04-24,No answer,,
4827,1214,4,2026-06-18,No answer,,
4828,1214,4,2026-05-27,No answer,,
4829,1215,2,2026-01-23,RPC,,
4830,1215,2,2026-02-22,PTP,2026-03-08,10000
4831,1215,2,2026-04-26,No answer,,
4832,1215,2,2026-03-17,No answer,,
4833,1215,2,2026-03-05,No answer,,
4834,1215,2,2026-06-10,No answer,,
4835,1215,2,2026-06-24,No answer,,
4836,1216,5,2026-06-17,RPC,,
4837,1216,5,2026-05-29,No answer,,
4838,1216,5,2026-03-26,RPC,,
4839,1216,5,2026-04-22,No answer,,
4840,1217,2,2026-03-14,Wrong number,,
4841,1217,2,2026-04-18,RPC,,
4842,1217,2,2026-01-20,No answer,,
4843,1217,2,2026-04-11,RPC,,
4844,1217,2,2026-04-29,No answer,,
4845,1217,2,2026-03-21,No answer,,
4846,1217,2,2026-03-27,No answer,,
4847,1217,2,2026-06-30,No answer,,
4848,1218,2,2026-05-27,RPC,,
4849,1218,2,2026-05-06,RPC,,
4850,1218,2,2026-05-02,RPC,,
4851,1218,2,2026-06-29,No answer,,
4852,1218,2,2026-06-05,Wrong number,,
4853,1218,2,2026-04-16,No answer,,
4854,1218,2,2026-06-12,No answer,,
4855,1218,2,2026-06-03,No answer,,
4856,1219,6,2026-04-09,No answer,,
4857,1219,6,2026-06-03,RPC,,
4858,1219,6,2026-06-23,PTP,2026-07-07,10000
4859,1219,6,2026-05-27,No answer,,
4860,1219,6,2026-04-14,No answer,,
4861,1219,6,2026-06-18,No answer,,
4862,1221,4,2026-06-23,PTP,2026-07-07,10000
4863,1221,4,2026-06-25,RPC,,
4864,1222,2,2026-05-21,No answer,,
4865,1222,2,2026-06-05,No answer,,
4866,1222,2,2026-06-01,No answer,,
4867,1222,2,2026-06-06,RPC,,
4868,1222,2,2026-06-05,No answer,,
4869,1222,2,2026-06-02,RPC,,
4870,1224,3,2026-06-11,No answer,,
4871,1224,3,2026-04-04,No answer,,
4872,1224,3,2026-03-11,Wrong number,,
4873,1224,3,2026-06-14,No answer,,
4874,1226,1,2026-05-19,RPC,,
4875,1226,1,2026-04-08,RPC,,
4876,1226,1,2026-04-28,Wrong number,,
4877,1226,1,2026-06-13,No answer,,
4878,1226,1,2026-06-06,PTP,2026-06-20,10000
4879,1226,1,2026-06-03,RPC,,
4880,1227,4,2026-05-10,RPC,,
4881,1228,4,2026-06-20,RPC,,
4882,1228,4,2026-04-12,No answer,,
4883,1228,4,2026-04-12,No answer,,
4884,1228,4,2026-03-19,RPC,,
4885,1229,1,2026-06-13,No answer,,
4886,1229,1,2026-05-25,PTP,2026-06-08,10000
4887,1229,1,2026-05-06,No answer,,
4888,1230,5,2026-06-18,No answer,,
4889,1230,5,2026-06-15,No answer,,
4890,1230,5,2026-05-26,RPC,,
4891,1230,5,2026-05-25,RPC,,
4892,1230,5,2026-05-27,No answer,,
4893,1230,5,2026-06-14,No answer,,
4894,1230,5,2026-04-18,RPC,,
4895,1230,5,2026-06-20,No answer,,
4896,1232,3,2026-05-31,RPC,,
4897,1233,5,2026-05-13,Wrong number,,
4898,1234,5,2026-06-15,RPC,,
4899,1234,5,2026-05-19,No answer,,
4900,1234,5,2026-05-31,RPC,,
4901,1235,3,2026-03-23,RPC,,
4902,1235,3,2026-01-31,Wrong number,,
4903,1235,3,2026-01-05,PTP,2026-01-19,10000
4904,1235,3,2026-03-05,RPC,,
4905,1236,2,2026-05-30,RPC,,
4906,1236,2,2026-05-22,No answer,,
4907,1236,2,2026-06-12,PTP,2026-06-26,10000
4908,1236,2,2026-06-23,Wrong number,,
4909,1236,2,2026-06-06,RPC,,
4910,1236,2,2026-05-21,RPC,,
4911,1237,1,2026-06-04,RPC,,
4912,1237,1,2026-06-24,No answer,,
4913,1237,1,2026-05-30,RPC,,
4914,1237,1,2026-06-07,RPC,,
4915,1237,1,2026-05-25,No answer,,
4916,1237,1,2026-05-29,RPC,,
4917,1238,3,2026-05-02,Wrong number,,
4918,1238,3,2026-05-02,PTP,2026-05-16,10000
4919,1238,3,2026-06-14,No answer,,
4920,1238,3,2026-06-13,RPC,,
4921,1238,3,2026-06-03,RPC,,
4922,1238,3,2026-06-21,RPC,,
4923,1238,3,2026-06-25,RPC,,
4924,1239,1,2026-04-10,Wrong number,,
4925,1239,1,2026-04-10,No answer,,
4926,1239,1,2026-04-18,No answer,,
4927,1239,1,2026-05-21,No answer,,
4928,1239,1,2026-05-13,RPC,,
4929,1239,1,2026-03-02,No answer,,
4930,1239,1,2026-04-25,RPC,,
4931,1239,1,2026-05-23,PTP,2026-06-06,10000
4932,1240,3,2026-06-09,PTP,2026-06-23,10000
4933,1240,3,2026-05-11,RPC,,
4934,1240,3,2026-04-23,No answer,,
4935,1240,3,2026-02-21,RPC,,
4936,1240,3,2026-03-14,RPC,,
4937,1240,3,2026-03-29,No answer,,
4938,1240,3,2026-02-23,No answer,,
4939,1241,3,2026-06-15,No answer,,
4940,1241,3,2026-01-19,No answer,,
4941,1241,3,2026-01-22,No answer,,
4942,1241,3,2026-04-27,No answer,,
4943,1241,3,2026-06-04,No answer,,
4944,1242,4,2026-02-15,No answer,,
4945,1242,4,2026-02-16,No answer,,
4946,1242,4,2026-02-13,No answer,,
4947,1242,4,2026-04-05,No answer,,
4948,1242,4,2026-02-05,No answer,,
4949,1242,4,2026-03-08,RPC,,
4950,1243,3,2026-03-06,No answer,,
4951,1244,2,2026-05-13,No answer,,
4952,1244,2,2026-05-17,No answer,,
4953,1244,2,2026-06-19,No answer,,
4954,1244,2,2026-05-24,RPC,,
4955,1244,2,2026-04-21,No answer,,
4956,1245,1,2026-05-19,No answer,,
4957,1245,1,2026-06-21,PTP,2026-07-05,10000
4958,1246,3,2026-05-20,No answer,,
4959,1246,3,2026-06-29,RPC,,
4960,1246,3,2026-06-19,No answer,,
4961,1246,3,2026-05-04,No answer,,
4962,1246,3,2026-04-04,Wrong number,,
4963,1247,1,2026-04-18,RPC,,
4964,1247,1,2026-04-22,No answer,,
4965,1247,1,2026-05-29,No answer,,
4966,1247,1,2026-04-06,No answer,,
4967,1247,1,2026-06-25,No answer,,
4968,1247,1,2026-05-28,PTP,2026-06-11,10000
4969,1248,2,2026-06-17,No answer,,
4970,1248,2,2026-04-23,No answer,,
4971,1248,2,2026-05-09,RPC,,
4972,1248,2,2026-04-22,No answer,,
4973,1248,2,2026-04-25,No answer,,
4974,1249,4,2026-02-13,No answer,,
4975,1249,4,2026-06-25,No answer,,
4976,1249,4,2026-05-18,Wrong number,,
4977,1249,4,2026-02-08,RPC,,
4978,1250,2,2026-06-14,RPC,,
4979,1251,5,2026-06-08,RPC,,
4980,1251,5,2026-06-19,No answer,,
4981,1251,5,2026-06-04,RPC,,
4982,1251,5,2026-06-15,No answer,,
4983,1251,5,2026-06-26,Wrong number,,
4984,1252,1,2026-04-23,Wrong number,,
4985,1252,1,2026-05-13,RPC,,
4986,1252,1,2026-04-24,Wrong number,,
4987,1252,1,2026-05-02,No answer,,
4988,1252,1,2026-05-28,No answer,,
4989,1252,1,2026-05-12,No answer,,
4990,1252,1,2026-04-30,RPC,,
4991,1253,6,2026-05-23,No answer,,
4992,1253,6,2026-05-13,RPC,,
4993,1254,5,2026-05-03,No answer,,
4994,1254,5,2026-05-21,No answer,,
4995,1255,6,2026-05-31,RPC,,
4996,1255,6,2026-06-28,Wrong number,,
4997,1255,6,2026-03-04,RPC,,
4998,1255,6,2026-01-27,RPC,,
4999,1256,3,2026-05-24,No answer,,
5000,1256,3,2026-06-17,RPC,,
5001,1256,3,2026-05-08,No answer,,
5002,1256,3,2026-05-18,No answer,,
5003,1256,3,2026-05-04,RPC,,
5004,1256,3,2026-05-29,RPC,,
5005,1256,3,2026-05-19,No answer,,
5006,1257,4,2026-02-17,PTP,2026-03-03,10000
5007,1257,4,2026-05-22,RPC,,
5008,1257,4,2026-06-11,No answer,,
5009,1257,4,2026-06-02,No answer,,
5010,1257,4,2026-05-12,No answer,,
5011,1257,4,2026-05-16,RPC,,
5012,1257,4,2026-05-05,RPC,,
5013,1257,4,2026-03-24,RPC,,
5014,1258,6,2026-06-28,RPC,,
5015,1258,6,2026-06-20,No answer,,
5016,1258,6,2026-05-21,No answer,,
5017,1258,6,2026-06-13,RPC,,
5018,1258,6,2026-05-13,No answer,,
5019,1258,6,2026-06-24,No answer,,
5020,1258,6,2026-04-09,No answer,,
5021,1259,3,2026-06-02,RPC,,
5022,1259,3,2026-06-08,RPC,,
5023,1259,3,2026-05-21,PTP,2026-06-04,10000
5024,1259,3,2026-04-27,No answer,,
5025,1259,3,2026-06-14,No answer,,
5026,1259,3,2026-06-19,RPC,,
5027,1259,3,2026-05-14,No answer,,
5028,1259,3,2026-05-15,RPC,,
5029,1260,6,2026-05-27,RPC,,
5030,1260,6,2026-06-09,No answer,,
5031,1260,6,2026-06-22,RPC,,
5032,1260,6,2026-06-23,No answer,,
5033,1260,6,2026-06-04,No answer,,
5034,1261,4,2026-05-21,RPC,,
5035,1262,5,2026-05-18,RPC,,
5036,1262,5,2026-03-09,No answer,,
5037,1262,5,2026-03-17,RPC,,
5038,1262,5,2026-06-11,RPC,,
5039,1262,5,2026-04-14,PTP,2026-04-28,10000
5040,1262,5,2026-04-13,No answer,,
5041,1262,5,2026-03-09,No answer,,
5042,1263,6,2026-06-09,No answer,,
5043,1263,6,2026-05-20,RPC,,
5044,1263,6,2026-06-30,RPC,,
5045,1263,6,2026-05-03,No answer,,
5046,1263,6,2026-05-02,No answer,,
5047,1263,6,2026-05-03,PTP,2026-05-17,10000
5048,1263,6,2026-05-11,RPC,,
5049,1263,6,2026-05-15,Wrong number,,
5050,1264,3,2026-06-09,No answer,,
5051,1264,3,2026-05-31,RPC,,
5052,1264,3,2026-06-16,RPC,,
5053,1264,3,2026-05-24,No answer,,
5054,1264,3,2026-06-30,Wrong number,,
5055,1266,5,2026-06-09,RPC,,
5056,1266,5,2026-06-21,No answer,,
5057,1266,5,2026-06-06,No answer,,
5058,1266,5,2026-06-22,PTP,2026-07-06,10000
5059,1266,5,2026-06-09,No answer,,
5060,1267,3,2026-05-29,No answer,,
5061,1267,3,2026-05-25,RPC,,
5062,1267,3,2026-04-18,No answer,,
5063,1267,3,2026-04-09,No answer,,
5064,1267,3,2026-05-25,No answer,,
5065,1267,3,2026-05-04,No answer,,
5066,1267,3,2026-04-21,No answer,,
5067,1267,3,2026-05-04,RPC,,
5068,1268,5,2026-04-29,PTP,2026-05-13,10000
5069,1268,5,2026-05-01,No answer,,
5070,1268,5,2026-06-15,No answer,,
5071,1268,5,2026-04-17,RPC,,
5072,1268,5,2026-06-27,No answer,,
5073,1268,5,2026-03-16,No answer,,
5074,1268,5,2026-04-08,No answer,,
5075,1268,5,2026-03-13,RPC,,
5076,1269,2,2026-06-19,No answer,,
5077,1269,2,2026-06-04,RPC,,
5078,1269,2,2026-04-15,No answer,,
5079,1269,2,2026-06-03,RPC,,
5080,1269,2,2026-04-22,RPC,,
5081,1270,6,2026-03-13,RPC,,
5082,1270,6,2026-04-08,PTP,2026-04-22,10000
5083,1270,6,2026-05-06,No answer,,
5084,1270,6,2026-03-22,No answer,,
5085,1270,6,2026-05-13,No answer,,
5086,1270,6,2026-02-25,No answer,,
5087,1270,6,2026-06-21,No answer,,
5088,1271,4,2026-06-29,RPC,,
5089,1271,4,2026-04-20,Wrong number,,
5090,1271,4,2026-02-26,RPC,,
5091,1271,4,2026-03-05,No answer,,
5092,1271,4,2026-06-12,No answer,,
5093,1272,2,2026-04-10,RPC,,
5094,1272,2,2026-06-25,No answer,,
5095,1272,2,2026-03-30,RPC,,
5096,1272,2,2026-03-25,No answer,,
5097,1272,2,2026-03-18,Wrong number,,
5098,1272,2,2026-05-01,RPC,,
5099,1272,2,2026-05-05,No answer,,
5100,1272,2,2026-04-30,No answer,,
5101,1273,6,2026-04-04,Wrong number,,
5102,1273,6,2026-04-20,RPC,,
5103,1273,6,2026-05-14,RPC,,
5104,1275,4,2026-04-03,No answer,,
5105,1275,4,2026-04-26,RPC,,
5106,1275,4,2026-04-30,RPC,,
5107,1276,1,2026-05-09,RPC,,
5108,1276,1,2026-06-23,RPC,,
5109,1276,1,2026-05-10,PTP,2026-05-24,10000
5110,1276,1,2026-03-24,No answer,,
5111,1278,3,2026-06-22,No answer,,
5112,1278,3,2026-05-15,Wrong number,,
5113,1278,3,2026-04-29,PTP,2026-05-13,10000
5114,1278,3,2026-06-28,Wrong number,,
5115,1278,3,2026-04-25,RPC,,
5116,1278,3,2026-05-16,No answer,,
5117,1279,5,2026-02-28,No answer,,
5118,1279,5,2026-06-06,No answer,,
5119,1279,5,2026-03-25,Wrong number,,
5120,1279,5,2026-05-10,No answer,,
5121,1279,5,2026-05-31,No answer,,
5122,1279,5,2026-02-25,PTP,2026-03-11,10000
5123,1281,5,2026-04-13,RPC,,
5124,1281,5,2026-03-30,RPC,,
5125,1281,5,2026-05-28,No answer,,
5126,1281,5,2026-05-17,No answer,,
5127,1281,5,2026-06-11,No answer,,
5128,1281,5,2026-04-11,No answer,,
5129,1281,5,2026-06-10,No answer,,
5130,1281,5,2026-05-27,RPC,,
5131,1282,4,2026-05-25,No answer,,
5132,1282,4,2026-06-12,No answer,,
5133,1282,4,2026-06-23,No answer,,
5134,1282,4,2026-06-24,RPC,,
5135,1282,4,2026-06-25,RPC,,
5136,1282,4,2026-06-06,PTP,2026-06-20,10000
5137,1282,4,2026-06-04,No answer,,
5138,1283,4,2026-05-22,No answer,,
5139,1283,4,2026-06-06,No answer,,
5140,1284,4,2026-05-13,RPC,,
5141,1284,4,2026-03-08,Wrong number,,
5142,1284,4,2026-03-23,No answer,,
5143,1284,4,2026-03-31,No answer,,
5144,1284,4,2026-05-21,Wrong number,,
5145,1284,4,2026-02-06,PTP,2026-02-20,10000
5146,1284,4,2026-03-31,No answer,,
5147,1284,4,2026-05-14,RPC,,
5148,1285,2,2026-06-30,No answer,,
5149,1285,2,2026-02-05,Wrong number,,
5150,1285,2,2026-05-19,RPC,,
5151,1285,2,2026-05-22,RPC,,
5152,1285,2,2026-06-13,No answer,,
5153,1285,2,2026-03-04,No answer,,
5154,1285,2,2026-04-14,RPC,,
5155,1285,2,2026-04-05,No answer,,
5156,1286,3,2026-06-27,RPC,,
5157,1286,3,2026-05-31,RPC,,
5158,1286,3,2026-05-16,No answer,,
5159,1286,3,2026-05-20,RPC,,
5160,1286,3,2026-06-11,No answer,,
5161,1286,3,2026-06-12,Wrong number,,
5162,1287,3,2026-04-17,RPC,,
5163,1287,3,2026-03-29,Wrong number,,
5164,1287,3,2026-03-17,No answer,,
5165,1287,3,2026-05-28,PTP,2026-06-11,10000
5166,1287,3,2026-05-11,RPC,,
5167,1287,3,2026-04-22,No answer,,
5168,1287,3,2026-05-10,No answer,,
5169,1287,3,2026-05-29,No answer,,
5170,1288,5,2026-06-28,No answer,,
5171,1288,5,2026-04-21,RPC,,
5172,1288,5,2026-05-13,RPC,,
5173,1288,5,2026-06-11,No answer,,
5174,1288,5,2026-05-05,RPC,,
5175,1288,5,2026-06-18,No answer,,
5176,1288,5,2026-06-16,No answer,,
5177,1289,1,2026-04-30,Wrong number,,
5178,1290,1,2026-06-11,No answer,,
5179,1290,1,2026-05-23,RPC,,
5180,1290,1,2026-04-02,No answer,,
5181,1290,1,2026-02-20,Wrong number,,
5182,1291,4,2026-05-21,PTP,2026-06-04,10000
5183,1291,4,2026-05-02,RPC,,
5184,1292,6,2026-04-24,No answer,,
5185,1292,6,2026-05-05,No answer,,
5186,1292,6,2026-04-14,PTP,2026-04-28,10000
5187,1293,1,2026-05-14,No answer,,
5188,1293,1,2026-06-30,Wrong number,,
5189,1294,6,2026-06-26,RPC,,
5190,1294,6,2026-02-12,No answer,,
5191,1294,6,2026-05-14,RPC,,
5192,1294,6,2026-04-12,No answer,,
5193,1294,6,2026-04-06,No answer,,
5194,1295,3,2026-04-22,No answer,,
5195,1295,3,2026-06-03,PTP,2026-06-17,10000
5196,1295,3,2026-06-08,RPC,,
5197,1295,3,2026-05-01,RPC,,
5198,1295,3,2026-06-01,RPC,,
5199,1296,4,2026-06-23,Wrong number,,
5200,1297,5,2026-06-28,No answer,,
5201,1297,5,2026-05-05,RPC,,
5202,1297,5,2026-05-10,RPC,,
5203,1297,5,2026-04-05,No answer,,
5204,1297,5,2026-06-11,No answer,,
5205,1297,5,2026-04-24,RPC,,
5206,1297,5,2026-05-14,No answer,,
5207,1299,2,2026-05-04,RPC,,
5208,1300,2,2026-06-13,RPC,,
5209,1300,2,2026-05-13,Wrong number,,
5210,1300,2,2026-05-14,Wrong number,,
5211,1300,2,2026-04-25,No answer,,
5212,1301,3,2026-05-23,No answer,,
5213,1301,3,2026-03-25,No answer,,
5214,1301,3,2026-06-19,RPC,,
5215,1301,3,2026-06-12,No answer,,
5216,1301,3,2026-03-01,RPC,,
5217,1301,3,2026-06-21,No answer,,
5218,1302,3,2026-04-05,No answer,,
5219,1303,4,2026-06-24,Wrong number,,
5220,1303,4,2026-06-08,No answer,,
5221,1303,4,2026-05-06,RPC,,
5222,1303,4,2026-05-29,RPC,,
5223,1303,4,2026-05-24,No answer,,
5224,1303,4,2026-05-12,No answer,,
5225,1303,4,2026-06-02,RPC,,
5226,1304,6,2026-04-16,No answer,,
5227,1304,6,2026-04-21,No answer,,
5228,1304,6,2026-04-21,No answer,,
5229,1305,3,2026-05-15,No answer,,
5230,1306,4,2026-02-28,No answer,,
5231,1306,4,2026-03-17,No answer,,
5232,1306,4,2026-05-22,No answer,,
5233,1306,4,2026-04-13,No answer,,
5234,1306,4,2026-06-21,No answer,,
5235,1307,3,2026-02-16,No answer,,
5236,1307,3,2026-03-11,RPC,,
5237,1308,1,2026-03-12,Wrong number,,
5238,1308,1,2026-02-23,RPC,,
5239,1308,1,2026-03-06,No answer,,
5240,1308,1,2026-06-27,No answer,,
5241,1308,1,2026-05-10,RPC,,
5242,1309,2,2026-06-09,Wrong number,,
5243,1309,2,2026-05-20,No answer,,
5244,1309,2,2026-04-18,RPC,,
5245,1309,2,2026-06-28,RPC,,
5246,1310,4,2026-06-22,RPC,,
5247,1310,4,2026-04-24,RPC,,
5248,1310,4,2026-05-01,No answer,,
5249,1310,4,2026-04-13,No answer,,
5250,1310,4,2026-04-24,PTP,2026-05-08,10000
5251,1310,4,2026-05-23,No answer,,
5252,1310,4,2026-05-14,Wrong number,,
5253,1310,4,2026-04-10,No answer,,
5254,1311,3,2026-05-11,No answer,,
5255,1311,3,2026-06-23,RPC,,
5256,1311,3,2026-04-30,No answer,,
5257,1312,4,2026-06-15,No answer,,
5258,1312,4,2026-06-06,RPC,,
5259,1312,4,2026-05-13,No answer,,
5260,1312,4,2026-06-12,No answer,,
5261,1312,4,2026-05-13,No answer,,
5262,1312,4,2026-06-06,No answer,,
5263,1312,4,2026-05-14,RPC,,
5264,1312,4,2026-06-16,PTP,2026-06-30,10000
5265,1313,3,2026-06-05,RPC,,
5266,1313,3,2026-05-22,No answer,,
5267,1313,3,2026-05-27,No answer,,
5268,1313,3,2026-06-24,No answer,,
5269,1313,3,2026-06-26,No answer,,
5270,1313,3,2026-06-30,No answer,,
5271,1314,4,2026-05-26,No answer,,
5272,1315,6,2026-06-11,No answer,,
5273,1315,6,2026-05-15,No answer,,
5274,1315,6,2026-05-22,RPC,,
5275,1316,3,2026-02-01,No answer,,
5276,1316,3,2026-02-02,PTP,2026-02-16,10000
5277,1316,3,2026-04-13,RPC,,
5278,1317,4,2026-05-06,RPC,,
5279,1317,4,2026-04-24,No answer,,
5280,1318,2,2026-06-17,RPC,,
5281,1318,2,2026-04-24,PTP,2026-05-08,10000
5282,1318,2,2026-04-28,No answer,,
5283,1318,2,2026-06-05,RPC,,
5284,1319,5,2026-05-07,RPC,,
5285,1319,5,2026-04-13,No answer,,
5286,1319,5,2026-05-28,No answer,,
5287,1319,5,2026-05-23,RPC,,
5288,1319,5,2026-06-21,No answer,,
5289,1320,5,2026-05-11,No answer,,
5290,1320,5,2026-05-17,No answer,,
5291,1320,5,2026-06-05,RPC,,
5292,1322,5,2026-06-16,RPC,,
5293,1322,5,2026-06-19,RPC,,
5294,1322,5,2026-02-09,RPC,,
5295,1322,5,2026-01-31,RPC,,
5296,1324,2,2026-03-14,No answer,,
5297,1324,2,2026-06-02,No answer,,
5298,1324,2,2026-05-29,No answer,,
5299,1325,5,2026-02-24,No answer,,
5300,1325,5,2026-03-01,RPC,,
5301,1325,5,2026-02-20,Wrong number,,
5302,1325,5,2026-04-15,PTP,2026-04-29,10000
5303,1325,5,2026-01-30,RPC,,
5304,1325,5,2026-04-13,RPC,,
5305,1325,5,2026-01-27,No answer,,
5306,1326,6,2026-06-17,No answer,,
5307,1326,6,2026-06-23,No answer,,
5308,1327,6,2026-03-24,RPC,,
5309,1327,6,2026-04-06,Wrong number,,
5310,1327,6,2026-02-24,No answer,,
5311,1327,6,2026-06-11,No answer,,
5312,1327,6,2026-03-04,RPC,,
5313,1327,6,2026-05-12,No answer,,
5314,1328,2,2026-06-18,No answer,,
5315,1329,5,2026-06-03,No answer,,
5316,1329,5,2026-04-12,No answer,,
5317,1329,5,2026-04-06,No answer,,
5318,1329,5,2026-06-30,No answer,,
5319,1329,5,2026-04-03,RPC,,
5320,1329,5,2026-01-14,No answer,,
5321,1330,4,2026-04-11,No answer,,
5322,1330,4,2026-04-17,Wrong number,,
5323,1330,4,2026-06-23,RPC,,
5324,1331,4,2026-05-25,RPC,,
5325,1331,4,2026-04-09,No answer,,
5326,1332,2,2026-05-28,RPC,,
5327,1332,2,2026-06-09,No answer,,
5328,1332,2,2026-04-15,No answer,,
5329,1332,2,2026-05-15,No answer,,
5330,1333,4,2026-04-23,RPC,,
5331,1333,4,2026-03-11,RPC,,
5332,1333,4,2026-02-26,PTP,2026-03-12,10000
5333,1333,4,2026-06-10,No answer,,
5334,1333,4,2026-05-06,Wrong number,,
5335,1333,4,2026-05-23,No answer,,
5336,1333,4,2026-06-30,RPC,,
5337,1333,4,2026-03-10,No answer,,
5338,1334,1,2026-06-09,RPC,,
5339,1335,2,2026-02-14,Wrong number,,
5340,1335,2,2026-06-11,No answer,,
5341,1335,2,2026-03-22,Wrong number,,
5342,1335,2,2026-05-13,PTP,2026-05-27,10000
5343,1336,1,2026-06-16,No answer,,
5344,1337,6,2026-05-19,No answer,,
5345,1337,6,2026-06-18,No answer,,
5346,1337,6,2026-04-29,No answer,,
5347,1337,6,2026-05-25,RPC,,
5348,1337,6,2026-05-29,No answer,,
5349,1337,6,2026-05-06,Wrong number,,
5350,1337,6,2026-03-10,Wrong number,,
5351,1337,6,2026-05-03,Wrong number,,
5352,1338,5,2026-03-26,No answer,,
5353,1338,5,2026-04-03,RPC,,
5354,1338,5,2026-02-09,RPC,,
5355,1339,6,2026-05-16,RPC,,
5356,1339,6,2026-06-23,Wrong number,,
5357,1340,4,2026-06-12,RPC,,
5358,1340,4,2026-05-30,PTP,2026-06-13,10000
5359,1340,4,2026-04-24,No answer,,
5360,1341,5,2026-06-11,No answer,,
5361,1341,5,2026-05-15,No answer,,
5362,1341,5,2026-06-09,No answer,,
5363,1341,5,2026-06-08,No answer,,
5364,1341,5,2026-05-15,RPC,,
5365,1341,5,2026-03-03,RPC,,
5366,1341,5,2026-05-19,PTP,2026-06-02,10000
5367,1342,6,2026-05-26,No answer,,
5368,1342,6,2026-05-29,No answer,,
5369,1342,6,2026-06-21,No answer,,
5370,1342,6,2026-06-09,No answer,,
5371,1342,6,2026-06-12,No answer,,
5372,1342,6,2026-05-28,No answer,,
5373,1343,4,2026-03-31,No answer,,
5374,1343,4,2026-06-01,No answer,,
5375,1343,4,2026-05-07,No answer,,
5376,1343,4,2026-03-25,Wrong number,,
5377,1343,4,2026-04-16,No answer,,
5378,1343,4,2026-05-13,RPC,,
5379,1343,4,2026-04-12,RPC,,
5380,1343,4,2026-05-12,No answer,,
5381,1344,4,2026-04-24,RPC,,
5382,1344,4,2026-04-18,RPC,,
5383,1344,4,2026-04-20,No answer,,
5384,1344,4,2026-04-26,Wrong number,,
5385,1344,4,2026-06-25,No answer,,
5386,1344,4,2026-03-29,No answer,,
5387,1344,4,2026-04-04,No answer,,
5388,1344,4,2026-06-19,No answer,,
5389,1346,4,2026-06-05,No answer,,
5390,1346,4,2026-05-06,No answer,,
5391,1346,4,2026-04-27,RPC,,
5392,1346,4,2026-05-22,RPC,,
5393,1346,4,2026-05-16,No answer,,
5394,1347,3,2026-04-17,No answer,,
5395,1347,3,2026-06-18,RPC,,
5396,1347,3,2026-05-13,No answer,,
5397,1347,3,2026-03-18,No answer,,
5398,1347,3,2026-04-04,PTP,2026-04-18,10000
5399,1347,3,2026-05-13,No answer,,
5400,1348,3,2026-02-04,No answer,,
5401,1348,3,2026-03-07,RPC,,
5402,1348,3,2026-02-11,PTP,2026-02-25,10000
5403,1348,3,2026-03-06,RPC,,
5404,1348,3,2026-03-15,Wrong number,,
5405,1348,3,2026-04-21,Wrong number,,
5406,1348,3,2026-05-05,No answer,,
5407,1349,4,2026-02-23,No answer,,
5408,1350,6,2026-02-12,No answer,,
5409,1350,6,2026-04-03,No answer,,
5410,1350,6,2026-06-28,No answer,,
5411,1350,6,2026-05-12,No answer,,
5412,1350,6,2026-04-10,No answer,,
5413,1350,6,2026-06-08,No answer,,
5414,1351,5,2026-06-14,RPC,,
5415,1352,5,2026-04-30,RPC,,
5416,1352,5,2026-05-07,RPC,,
5417,1352,5,2026-06-29,RPC,,
5418,1352,5,2026-05-12,RPC,,
5419,1352,5,2026-06-13,PTP,2026-06-27,10000
5420,1352,5,2026-06-27,No answer,,
5421,1352,5,2026-05-28,RPC,,
5422,1353,6,2026-05-06,No answer,,
5423,1354,5,2026-06-01,RPC,,
5424,1354,5,2026-06-22,No answer,,
5425,1354,5,2026-06-25,No answer,,
5426,1355,2,2026-05-10,Wrong number,,
5427,1355,2,2026-06-09,No answer,,
5428,1355,2,2026-06-27,No answer,,
5429,1355,2,2026-06-24,RPC,,
5430,1355,2,2026-06-18,No answer,,
5431,1355,2,2026-06-04,No answer,,
5432,1355,2,2026-05-17,PTP,2026-05-31,10000
5433,1357,4,2026-04-15,No answer,,
5434,1357,4,2026-03-02,No answer,,
5435,1357,4,2026-05-10,RPC,,
5436,1357,4,2026-05-25,RPC,,
5437,1357,4,2026-02-03,No answer,,
5438,1357,4,2026-05-29,No answer,,
5439,1357,4,2026-05-15,No answer,,
5440,1357,4,2026-06-02,No answer,,
5441,1358,5,2026-06-22,RPC,,
5442,1358,5,2026-05-17,RPC,,
5443,1358,5,2026-04-18,RPC,,
5444,1358,5,2026-05-18,No answer,,
5445,1359,2,2026-05-31,PTP,2026-06-14,10000
5446,1359,2,2026-05-19,RPC,,
5447,1359,2,2026-05-22,No answer,,
5448,1359,2,2026-06-06,RPC,,
5449,1360,5,2026-06-20,No answer,,
5450,1360,5,2026-04-06,No answer,,
5451,1360,5,2026-05-13,RPC,,
5452,1360,5,2026-05-01,No answer,,
5453,1361,2,2026-06-12,RPC,,
5454,1361,2,2026-06-18,No answer,,
5455,1362,6,2026-06-19,No answer,,
5456,1362,6,2026-03-17,Wrong number,,
5457,1362,6,2026-04-08,No answer,,
5458,1362,6,2026-06-09,RPC,,
5459,1364,4,2026-04-21,RPC,,
5460,1364,4,2026-03-21,No answer,,
5461,1364,4,2026-04-10,No answer,,
5462,1364,4,2026-06-01,Wrong number,,
5463,1364,4,2026-03-26,No answer,,
5464,1364,4,2026-05-25,RPC,,
5465,1364,4,2026-04-02,RPC,,
5466,1364,4,2026-04-08,No answer,,
5467,1365,5,2026-04-06,RPC,,
5468,1365,5,2026-06-22,No answer,,
5469,1365,5,2026-02-10,No answer,,
5470,1365,5,2026-03-16,RPC,,
5471,1365,5,2026-03-19,No answer,,
5472,1365,5,2026-02-21,RPC,,
5473,1366,5,2026-06-09,RPC,,
5474,1366,5,2026-06-25,Wrong number,,
5475,1366,5,2026-05-14,PTP,2026-05-28,10000
5476,1367,6,2026-06-04,No answer,,
5477,1367,6,2026-06-01,RPC,,
5478,1367,6,2026-05-27,RPC,,
5479,1369,2,2026-05-05,No answer,,
5480,1369,2,2026-01-30,No answer,,
5481,1369,2,2026-04-24,No answer,,
5482,1370,3,2026-06-12,RPC,,
5483,1370,3,2026-06-25,RPC,,
5484,1370,3,2026-02-07,No answer,,
5485,1371,3,2026-05-01,No answer,,
5486,1371,3,2026-05-28,No answer,,
5487,1371,3,2026-03-13,RPC,,
5488,1371,3,2026-03-07,Wrong number,,
5489,1371,3,2026-02-13,No answer,,
5490,1372,3,2026-05-02,PTP,2026-05-16,10000
5491,1372,3,2026-04-14,No answer,,
5492,1372,3,2026-03-11,No answer,,
5493,1372,3,2026-06-09,No answer,,
5494,1372,3,2026-03-30,No answer,,
5495,1372,3,2026-06-28,RPC,,
5496,1373,4,2026-04-13,Wrong number,,
5497,1374,5,2026-05-05,No answer,,
5498,1374,5,2026-04-18,No answer,,
5499,1374,5,2026-04-15,RPC,,
5500,1375,5,2026-04-26,No answer,,
5501,1375,5,2026-02-15,Wrong number,,
5502,1375,5,2026-03-12,No answer,,
5503,1375,5,2026-03-10,PTP,2026-03-24,10000
5504,1375,5,2026-06-05,RPC,,
5505,1376,3,2026-06-01,Wrong number,,
5506,1376,3,2026-05-15,RPC,,
5507,1376,3,2026-06-14,RPC,,
5508,1376,3,2026-06-07,No answer,,
5509,1376,3,2026-06-11,RPC,,
5510,1376,3,2026-05-24,No answer,,
5511,1376,3,2026-06-29,No answer,,
5512,1377,3,2026-02-25,RPC,,
5513,1377,3,2026-02-23,No answer,,
5514,1377,3,2026-03-12,RPC,,
5515,1377,3,2026-05-13,PTP,2026-05-27,10000
5516,1377,3,2026-05-28,No answer,,
5517,1378,5,2026-06-28,Wrong number,,
5518,1378,5,2026-05-02,No answer,,
5519,1378,5,2026-06-03,RPC,,
5520,1378,5,2026-05-23,No answer,,
5521,1378,5,2026-06-17,No answer,,
5522,1378,5,2026-06-21,RPC,,
5523,1378,5,2026-03-24,PTP,2026-04-07,10000
5524,1378,5,2026-06-12,No answer,,
5525,1380,4,2026-03-28,No answer,,
5526,1380,4,2026-04-01,RPC,,
5527,1381,6,2026-06-23,RPC,,
5528,1382,6,2026-05-27,No answer,,
5529,1382,6,2026-06-07,Wrong number,,
5530,1382,6,2026-05-20,No answer,,
5531,1382,6,2026-05-24,No answer,,
5532,1382,6,2026-06-05,No answer,,
5533,1382,6,2026-05-26,PTP,2026-06-09,10000
5534,1383,2,2026-05-11,No answer,,
5535,1384,1,2026-03-30,No answer,,
5536,1385,3,2026-03-09,No answer,,
5537,1385,3,2026-02-06,Wrong number,,
5538,1385,3,2026-03-05,No answer,,
5539,1385,3,2026-06-22,Wrong number,,
5540,1385,3,2026-03-24,RPC,,
5541,1385,3,2026-05-29,PTP,2026-06-12,10000
5542,1386,2,2026-06-26,Wrong number,,
5543,1386,2,2026-05-29,No answer,,
5544,1386,2,2026-06-30,PTP,2026-07-14,10000
5545,1386,2,2026-06-15,RPC,,
5546,1386,2,2026-05-27,RPC,,
5547,1386,2,2026-04-29,RPC,,
5548,1387,6,2026-06-10,No answer,,
5549,1387,6,2026-06-24,PTP,2026-07-08,10000
5550,1387,6,2026-05-31,RPC,,
5551,1387,6,2026-04-08,No answer,,
5552,1387,6,2026-02-01,RPC,,
5553,1387,6,2026-03-01,No answer,,
5554,1388,1,2026-04-22,Wrong number,,
5555,1388,1,2026-06-21,RPC,,
5556,1388,1,2026-05-16,No answer,,
5557,1388,1,2026-04-29,No answer,,
5558,1388,1,2026-04-25,No answer,,
5559,1390,5,2026-01-21,No answer,,
5560,1390,5,2026-06-23,PTP,2026-07-07,10000
5561,1390,5,2026-03-10,No answer,,
5562,1390,5,2026-03-22,No answer,,
5563,1390,5,2026-05-29,RPC,,
5564,1390,5,2026-06-12,RPC,,
5565,1390,5,2026-06-18,RPC,,
5566,1390,5,2026-06-18,RPC,,
5567,1392,2,2026-06-29,Wrong number,,
5568,1392,2,2026-06-30,No answer,,
5569,1392,2,2026-06-25,PTP,2026-07-09,10000
5570,1392,2,2026-06-30,No answer,,
5571,1392,2,2026-05-12,RPC,,
5572,1393,1,2026-05-14,No answer,,
5573,1393,1,2026-05-01,No answer,,
5574,1393,1,2026-03-15,No answer,,
5575,1394,6,2026-06-30,No answer,,
5576,1394,6,2026-06-05,Wrong number,,
5577,1394,6,2026-06-29,No answer,,
5578,1394,6,2026-06-07,RPC,,
5579,1394,6,2026-06-12,No answer,,
5580,1394,6,2026-06-14,No answer,,
5581,1395,1,2026-06-21,No answer,,
5582,1395,1,2026-06-11,No answer,,
5583,1396,6,2026-06-13,PTP,2026-06-27,10000
5584,1397,2,2026-04-07,No answer,,
5585,1397,2,2026-05-07,RPC,,
5586,1397,2,2026-05-25,No answer,,
5587,1397,2,2026-05-19,No answer,,
5588,1397,2,2026-06-10,RPC,,
5589,1397,2,2026-05-12,No answer,,
5590,1397,2,2026-06-03,RPC,,
5591,1397,2,2026-06-04,No answer,,
5592,1398,3,2026-06-16,Wrong number,,
5593,1398,3,2026-05-29,Wrong number,,
5594,1398,3,2026-05-25,Wrong number,,
5595,1398,3,2026-06-08,RPC,,
5596,1398,3,2026-06-08,RPC,,
5597,1399,4,2026-05-19,No answer,,
5598,1399,4,2026-06-24,No answer,,
5599,1399,4,2026-06-03,Wrong number,,
5600,1399,4,2026-06-26,No answer,,
5601,1399,4,2026-06-14,Wrong number,,
5602,1400,6,2026-06-12,No answer,,
5603,1400,6,2026-05-13,No answer,,
5604,1401,6,2026-03-26,No answer,,
5605,1401,6,2026-03-28,No answer,,
5606,1402,6,2026-04-14,No answer,,
5607,1402,6,2026-03-29,RPC,,
5608,1402,6,2026-04-08,PTP,2026-04-22,10000
5609,1402,6,2026-06-11,No answer,,
5610,1402,6,2026-06-18,No answer,,
5611,1402,6,2026-06-23,RPC,,
5612,1402,6,2026-05-07,RPC,,
5613,1403,6,2026-06-02,PTP,2026-06-16,10000
5614,1403,6,2026-04-20,No answer,,
5615,1403,6,2026-05-02,No answer,,
5616,1403,6,2026-05-11,No answer,,
5617,1403,6,2026-05-06,RPC,,
5618,1403,6,2026-04-29,No answer,,
5619,1404,5,2026-06-13,RPC,,
5620,1404,5,2026-06-12,RPC,,
5621,1404,5,2026-05-17,No answer,,
5622,1404,5,2026-06-09,RPC,,
5623,1404,5,2026-06-25,No answer,,
5624,1404,5,2026-05-09,No answer,,
5625,1404,5,2026-06-17,No answer,,
5626,1404,5,2026-06-26,No answer,,
5627,1405,2,2026-06-14,No answer,,
5628,1405,2,2026-05-12,RPC,,
5629,1405,2,2026-06-30,No answer,,
5630,1405,2,2026-05-14,No answer,,
5631,1405,2,2026-06-26,No answer,,
5632,1407,3,2026-06-24,No answer,,
5633,1407,3,2026-06-29,PTP,2026-07-13,10000
5634,1407,3,2026-06-07,No answer,,
5635,1407,3,2026-06-11,RPC,,
5636,1407,3,2026-04-28,No answer,,
5637,1407,3,2026-05-01,No answer,,
5638,1407,3,2026-05-15,No answer,,
5639,1408,3,2026-05-13,No answer,,
5640,1408,3,2026-04-23,PTP,2026-05-07,10000
5641,1408,3,2026-04-12,No answer,,
5642,1408,3,2026-05-13,No answer,,
5643,1409,4,2026-03-06,No answer,,
5644,1409,4,2026-02-11,No answer,,
5645,1409,4,2026-03-19,RPC,,
5646,1409,4,2026-06-13,No answer,,
5647,1409,4,2026-02-28,No answer,,
5648,1410,3,2026-05-21,No answer,,
5649,1410,3,2026-04-07,Wrong number,,
5650,1410,3,2026-05-17,No answer,,
5651,1410,3,2026-05-15,PTP,2026-05-29,10000
5652,1410,3,2026-04-24,RPC,,
5653,1410,3,2026-06-07,RPC,,
5654,1410,3,2026-03-09,Wrong number,,
5655,1410,3,2026-05-10,No answer,,
5656,1412,4,2026-04-28,RPC,,
5657,1412,4,2026-06-16,No answer,,
5658,1413,4,2026-06-08,No answer,,
5659,1413,4,2026-04-26,No answer,,
5660,1413,4,2026-05-18,No answer,,
5661,1413,4,2026-06-13,No answer,,
5662,1413,4,2026-05-19,PTP,2026-06-02,10000
5663,1413,4,2026-06-01,RPC,,
5664,1413,4,2026-06-13,RPC,,
5665,1414,3,2026-03-12,No answer,,
5666,1414,3,2026-03-15,RPC,,
5667,1415,5,2026-05-19,No answer,,
5668,1415,5,2026-06-23,RPC,,
5669,1416,3,2026-05-15,No answer,,
5670,1416,3,2026-05-29,RPC,,
5671,1416,3,2026-06-08,No answer,,
5672,1417,1,2026-04-24,No answer,,
5673,1417,1,2026-03-10,Wrong number,,
5674,1417,1,2026-04-09,RPC,,
5675,1417,1,2026-04-21,No answer,,
5676,1418,1,2026-06-19,No answer,,
5677,1418,1,2026-06-04,RPC,,
5678,1419,1,2026-04-28,RPC,,
5679,1419,1,2026-04-20,RPC,,
5680,1419,1,2026-06-13,No answer,,
5681,1419,1,2026-06-28,No answer,,
5682,1419,1,2026-04-22,Wrong number,,
5683,1419,1,2026-05-11,No answer,,
5684,1420,4,2026-05-24,No answer,,
5685,1420,4,2026-04-04,No answer,,
5686,1420,4,2026-06-21,RPC,,
5687,1420,4,2026-02-09,No answer,,
5688,1420,4,2026-03-11,No answer,,
5689,1420,4,2026-03-31,No answer,,
5690,1420,4,2026-01-22,RPC,,
5691,1421,2,2026-06-23,No answer,,
5692,1421,2,2026-05-27,No answer,,
5693,1421,2,2026-02-27,No answer,,
5694,1421,2,2026-04-08,No answer,,
5695,1421,2,2026-06-12,RPC,,
5696,1422,5,2026-06-11,No answer,,
5697,1422,5,2026-04-09,No answer,,
5698,1422,5,2026-06-22,No answer,,
5699,1422,5,2026-04-18,No answer,,
5700,1422,5,2026-05-05,No answer,,
5701,1422,5,2026-05-26,No answer,,
5702,1422,5,2026-04-06,No answer,,
5703,1422,5,2026-04-17,Wrong number,,
5704,1423,3,2026-06-16,RPC,,
5705,1423,3,2026-06-05,Wrong number,,
5706,1423,3,2026-05-26,RPC,,
5707,1425,1,2026-04-02,No answer,,
5708,1425,1,2026-05-26,No answer,,
5709,1425,1,2026-06-11,No answer,,
5710,1425,1,2026-04-04,RPC,,
5711,1425,1,2026-06-25,Wrong number,,
5712,1425,1,2026-06-17,No answer,,
5713,1425,1,2026-04-24,No answer,,
5714,1426,3,2026-06-06,No answer,,
5715,1426,3,2026-06-08,No answer,,
5716,1426,3,2026-03-29,No answer,,
5717,1426,3,2026-01-31,RPC,,
5718,1426,3,2026-04-28,No answer,,
5719,1426,3,2026-01-22,No answer,,
5720,1427,6,2026-06-15,No answer,,
5721,1427,6,2026-06-15,RPC,,
5722,1427,6,2026-06-12,PTP,2026-06-26,10000
5723,1427,6,2026-06-20,Wrong number,,
5724,1427,6,2026-04-28,No answer,,
5725,1428,4,2026-06-19,RPC,,
5726,1428,4,2026-06-21,RPC,,
5727,1428,4,2026-05-25,RPC,,
5728,1429,3,2026-05-15,No answer,,
5729,1430,2,2026-06-10,RPC,,
5730,1430,2,2026-03-19,RPC,,
5731,1430,2,2026-05-11,No answer,,
5732,1430,2,2026-01-31,RPC,,
5733,1430,2,2026-05-04,No answer,,
5734,1430,2,2026-06-11,PTP,2026-06-25,10000
5735,1431,4,2026-04-20,RPC,,
5736,1431,4,2026-06-22,PTP,2026-07-06,10000
5737,1431,4,2026-04-28,RPC,,
5738,1432,4,2026-02-19,Wrong number,,
5739,1433,5,2026-04-03,No answer,,
5740,1433,5,2026-06-30,No answer,,
5741,1433,5,2026-05-26,RPC,,
5742,1433,5,2026-06-15,No answer,,
5743,1433,5,2026-06-07,Wrong number,,
5744,1433,5,2026-06-26,RPC,,
5745,1433,5,2026-06-15,RPC,,
5746,1433,5,2026-06-07,RPC,,
5747,1434,2,2026-03-27,Wrong number,,
5748,1435,4,2026-05-16,No answer,,
5749,1435,4,2026-06-06,No answer,,
5750,1435,4,2026-04-27,No answer,,
5751,1435,4,2026-06-13,PTP,2026-06-27,10000
5752,1435,4,2026-05-31,RPC,,
5753,1435,4,2026-06-11,RPC,,
5754,1436,4,2026-06-30,RPC,,
5755,1436,4,2026-04-23,No answer,,
5756,1436,4,2026-05-08,RPC,,
5757,1436,4,2026-05-01,RPC,,
5758,1436,4,2026-04-18,No answer,,
5759,1436,4,2026-06-10,PTP,2026-06-24,10000
5760,1436,4,2026-05-31,No answer,,
5761,1436,4,2026-05-08,No answer,,
5762,1438,6,2026-04-17,Wrong number,,
5763,1438,6,2026-04-07,Wrong number,,
5764,1438,6,2026-04-09,RPC,,
5765,1438,6,2026-03-13,RPC,,
5766,1439,2,2026-06-11,No answer,,
5767,1439,2,2026-06-07,No answer,,
5768,1439,2,2026-06-28,RPC,,
5769,1439,2,2026-06-01,No answer,,
5770,1439,2,2026-05-25,RPC,,
5771,1441,4,2026-02-25,No answer,,
5772,1441,4,2026-03-28,RPC,,
5773,1441,4,2026-04-04,No answer,,
5774,1442,5,2026-05-30,No answer,,
5775,1442,5,2026-05-18,PTP,2026-06-01,10000
5776,1442,5,2026-05-03,Wrong number,,
5777,1442,5,2026-06-17,RPC,,
5778,1442,5,2026-06-25,No answer,,
5779,1442,5,2026-05-07,No answer,,
5780,1442,5,2026-06-10,RPC,,
5781,1442,5,2026-05-13,No answer,,
5782,1443,4,2026-05-13,No answer,,
5783,1443,4,2026-05-26,RPC,,
5784,1443,4,2026-02-23,No answer,,
5785,1444,1,2026-03-11,RPC,,
5786,1444,1,2026-05-05,RPC,,
5787,1444,1,2026-06-14,RPC,,
5788,1444,1,2026-06-10,RPC,,
5789,1445,2,2026-05-20,No answer,,
5790,1445,2,2026-06-25,RPC,,
5791,1445,2,2026-05-20,No answer,,
5792,1445,2,2026-04-19,No answer,,
5793,1446,3,2026-04-25,No answer,,
5794,1447,5,2026-05-30,RPC,,
5795,1447,5,2026-04-05,No answer,,
5796,1447,5,2026-04-21,No answer,,
5797,1447,5,2026-06-01,No answer,,
5798,1447,5,2026-06-27,No answer,,
5799,1447,5,2026-03-23,RPC,,
5800,1447,5,2026-05-30,No answer,,
5801,1447,5,2026-06-25,No answer,,
5802,1448,1,2026-01-29,RPC,,
5803,1448,1,2026-03-05,No answer,,
5804,1449,4,2026-05-07,No answer,,
5805,1449,4,2026-05-27,No answer,,
5806,1449,4,2026-05-10,No answer,,
5807,1449,4,2026-04-16,RPC,,
5808,1449,4,2026-06-16,RPC,,
5809,1450,5,2026-06-07,RPC,,
5810,1450,5,2026-06-30,RPC,,
5811,1450,5,2026-04-29,No answer,,
5812,1450,5,2026-04-11,RPC,,
5813,1450,5,2026-04-18,PTP,2026-05-02,10000
5814,1450,5,2026-04-25,No answer,,
5815,1451,6,2026-05-11,No answer,,
5816,1451,6,2026-06-15,No answer,,
5817,1452,3,2026-06-27,RPC,,
5818,1452,3,2026-06-17,RPC,,
5819,1453,4,2026-06-05,No answer,,
5820,1454,4,2026-03-23,No answer,,
5821,1454,4,2026-05-22,PTP,2026-06-05,10000
5822,1454,4,2026-03-07,RPC,,
5823,1454,4,2026-03-25,RPC,,
5824,1454,4,2026-06-17,RPC,,
5825,1456,5,2026-06-05,No answer,,
5826,1456,5,2026-05-16,No answer,,
5827,1456,5,2026-05-02,No answer,,
5828,1457,4,2026-04-04,RPC,,
5829,1457,4,2026-05-21,No answer,,
5830,1457,4,2026-05-09,No answer,,
5831,1457,4,2026-06-28,No answer,,
5832,1457,4,2026-05-08,RPC,,
5833,1457,4,2026-05-19,RPC,,
5834,1458,5,2026-05-21,No answer,,
5835,1458,5,2026-05-31,No answer,,
5836,1458,5,2026-05-25,PTP,2026-06-08,10000
5837,1458,5,2026-06-16,No answer,,
5838,1458,5,2026-06-29,Wrong number,,
5839,1458,5,2026-06-03,RPC,,
5840,1459,1,2026-05-21,RPC,,
5841,1459,1,2026-05-08,RPC,,
5842,1459,1,2026-04-19,Wrong number,,
5843,1459,1,2026-02-19,RPC,,
5844,1459,1,2026-04-05,Wrong number,,
5845,1459,1,2026-04-15,Wrong number,,
5846,1459,1,2026-05-16,RPC,,
5847,1460,2,2026-01-19,RPC,,
5848,1461,5,2026-05-11,No answer,,
5849,1461,5,2026-06-11,No answer,,
5850,1461,5,2026-06-20,No answer,,
5851,1461,5,2026-06-07,No answer,,
5852,1461,5,2026-04-02,No answer,,
5853,1461,5,2026-05-23,No answer,,
5854,1461,5,2026-03-27,RPC,,
5855,1461,5,2026-04-02,No answer,,
5856,1462,6,2026-06-08,PTP,2026-06-22,10000
5857,1463,3,2026-05-08,No answer,,
5858,1463,3,2026-05-22,No answer,,
5859,1463,3,2026-06-09,No answer,,
5860,1463,3,2026-06-05,RPC,,
5861,1463,3,2026-05-30,No answer,,
5862,1463,3,2026-05-31,No answer,,
5863,1463,3,2026-05-11,RPC,,
5864,1464,5,2026-05-29,RPC,,
5865,1464,5,2026-06-25,No answer,,
5866,1464,5,2026-06-17,No answer,,
5867,1465,6,2026-06-19,No answer,,
5868,1465,6,2026-06-05,Wrong number,,
5869,1465,6,2026-05-01,No answer,,
5870,1466,4,2026-06-01,No answer,,
5871,1466,4,2026-04-25,No answer,,
5872,1466,4,2026-04-30,RPC,,
5873,1466,4,2026-04-02,RPC,,
5874,1467,5,2026-03-03,RPC,,
5875,1467,5,2026-05-29,No answer,,
5876,1467,5,2026-04-02,No answer,,
5877,1467,5,2026-05-08,RPC,,
5878,1468,5,2026-06-23,No answer,,
5879,1468,5,2026-05-20,No answer,,
5880,1468,5,2026-04-02,RPC,,
5881,1469,3,2026-04-21,No answer,,
5882,1469,3,2026-06-06,RPC,,
5883,1469,3,2026-06-06,Wrong number,,
5884,1469,3,2026-06-04,RPC,,
5885,1469,3,2026-03-25,PTP,2026-04-08,10000
5886,1470,1,2026-05-17,No answer,,
5887,1470,1,2026-02-15,Wrong number,,
5888,1470,1,2026-05-07,Wrong number,,
5889,1470,1,2026-01-23,No answer,,
5890,1470,1,2026-05-21,RPC,,
5891,1470,1,2026-05-08,No answer,,
5892,1470,1,2026-05-01,Wrong number,,
5893,1471,6,2026-03-21,RPC,,
5894,1471,6,2026-04-07,No answer,,
5895,1471,6,2026-03-25,Wrong number,,
5896,1471,6,2026-03-26,No answer,,
5897,1472,3,2026-04-06,PTP,2026-04-20,10000
5898,1472,3,2026-03-23,No answer,,
5899,1472,3,2026-04-29,No answer,,
5900,1472,3,2026-03-26,Wrong number,,
5901,1472,3,2026-05-02,No answer,,
5902,1472,3,2026-05-16,No answer,,
5903,1473,5,2026-03-04,No answer,,
5904,1473,5,2026-05-20,No answer,,
5905,1474,6,2026-04-16,PTP,2026-04-30,10000
5906,1474,6,2026-06-03,No answer,,
5907,1474,6,2026-02-20,No answer,,
5908,1474,6,2026-03-20,RPC,,
5909,1474,6,2026-02-15,Wrong number,,
5910,1474,6,2026-03-16,No answer,,
5911,1475,3,2026-06-08,No answer,,
5912,1475,3,2026-04-22,RPC,,
5913,1475,3,2026-06-02,Wrong number,,
5914,1475,3,2026-05-12,No answer,,
5915,1475,3,2026-06-19,RPC,,
5916,1475,3,2026-04-08,RPC,,
5917,1475,3,2026-06-06,No answer,,
5918,1475,3,2026-06-26,RPC,,
5919,1476,5,2026-02-13,Wrong number,,
5920,1476,5,2026-04-09,Wrong number,,
5921,1476,5,2026-06-15,No answer,,
5922,1477,2,2026-03-31,PTP,2026-04-14,10000
5923,1477,2,2026-02-06,RPC,,
5924,1478,4,2026-04-16,PTP,2026-04-30,10000
5925,1478,4,2026-05-12,RPC,,
5926,1478,4,2026-04-16,No answer,,
5927,1478,4,2026-04-15,No answer,,
5928,1480,1,2026-03-26,RPC,,
5929,1481,5,2026-05-24,No answer,,
5930,1481,5,2026-05-23,No answer,,
5931,1481,5,2026-06-25,RPC,,
5932,1482,2,2026-03-10,PTP,2026-03-24,10000
5933,1482,2,2026-03-15,No answer,,
5934,1482,2,2026-03-15,RPC,,
5935,1482,2,2026-05-25,RPC,,
5936,1483,1,2026-05-31,RPC,,
5937,1483,1,2026-04-24,No answer,,
5938,1484,3,2026-06-17,RPC,,
5939,1484,3,2026-02-13,RPC,,
5940,1484,3,2026-01-24,No answer,,
5941,1484,3,2026-03-21,No answer,,
5942,1484,3,2026-04-22,No answer,,
5943,1484,3,2026-02-24,Wrong number,,
5944,1484,3,2026-05-18,No answer,,
5945,1485,2,2026-06-19,PTP,2026-07-03,10000
5946,1485,2,2026-03-30,RPC,,
5947,1485,2,2026-03-15,No answer,,
5948,1486,3,2026-02-21,RPC,,
5949,1486,3,2026-02-28,No answer,,
5950,1486,3,2026-02-24,No answer,,
5951,1486,3,2026-04-04,No answer,,
5952,1486,3,2026-06-04,RPC,,
5953,1486,3,2026-05-04,RPC,,
5954,1487,4,2026-04-20,No answer,,
5955,1487,4,2026-06-05,No answer,,
5956,1487,4,2026-03-13,No answer,,
5957,1487,4,2026-04-27,No answer,,
5958,1487,4,2026-06-24,No answer,,
5959,1487,4,2026-06-20,No answer,,
5960,1487,4,2026-05-13,Wrong number,,
5961,1487,4,2026-05-15,Wrong number,,
5962,1488,6,2026-05-19,RPC,,
5963,1488,6,2026-05-12,RPC,,
5964,1489,5,2026-06-22,RPC,,
5965,1490,1,2026-06-25,RPC,,
5966,1490,1,2026-04-02,No answer,,
5967,1491,4,2026-06-24,No answer,,
5968,1491,4,2026-05-03,RPC,,
5969,1492,2,2026-04-16,RPC,,
5970,1492,2,2026-05-17,RPC,,
5971,1492,2,2026-06-20,No answer,,
5972,1492,2,2026-06-21,RPC,,
5973,1492,2,2026-06-06,RPC,,
5974,1492,2,2026-05-27,No answer,,
5975,1492,2,2026-05-04,Wrong number,,
5976,1493,6,2026-02-12,RPC,,
5977,1493,6,2026-03-12,Wrong number,,
5978,1493,6,2026-03-23,No answer,,
5979,1493,6,2026-04-06,No answer,,
5980,1493,6,2026-06-22,Wrong number,,
5981,1493,6,2026-06-01,Wrong number,,
5982,1493,6,2026-04-29,RPC,,
5983,1493,6,2026-05-31,No answer,,
5984,1494,5,2026-06-27,No answer,,
5985,1494,5,2026-05-03,No answer,,
5986,1494,5,2026-05-30,RPC,,
5987,1494,5,2026-04-25,PTP,2026-05-09,10000
5988,1494,5,2026-05-26,RPC,,
5989,1495,5,2026-05-14,RPC,,
5990,1495,5,2026-04-15,No answer,,
5991,1495,5,2026-05-06,RPC,,
5992,1495,5,2026-06-29,RPC,,
5993,1495,5,2026-06-12,RPC,,
5994,1495,5,2026-05-19,No answer,,
5995,1495,5,2026-04-23,No answer,,
5996,1495,5,2026-05-17,No answer,,
5997,1496,3,2026-05-18,Wrong number,,
5998,1496,3,2026-05-16,No answer,,
5999,1496,3,2026-06-23,No answer,,
6000,1496,3,2026-03-29,Wrong number,,
6001,1496,3,2026-04-18,No answer,,
6002,1496,3,2026-05-26,RPC,,
6003,1497,4,2026-03-01,PTP,2026-03-15,10000
6004,1497,4,2026-02-22,No answer,,
6005,1498,6,2026-05-07,RPC,,
6006,1498,6,2026-03-19,PTP,2026-04-02,10000
6007,1498,6,2026-06-23,RPC,,
6008,1498,6,2026-05-16,RPC,,
6009,1499,2,2026-06-27,RPC,,
6010,1500,6,2026-04-01,No answer,,
6011,1500,6,2026-02-28,No answer,,
6012,1500,6,2026-05-11,No answer,,
6013,1500,6,2026-04-17,No answer,,
