account_id,customer_id,collector_id,portfolio,placed_date,days_past_due,region,credit_score,collector_name,payment_count,attempts,rpc_count,ptp_count,aging_bucket,original_balance,collected,outstanding,score_band
1,1,4,Medical,2026-02-15,186,Northeast,432,Morgan,1,4,1,0,5 121+,23034.25,28.21,23006.04,Below 580
2,2,1,Auto,2026-02-18,157,Midwest,545,Alex,0,3,0,0,5 121+,5233.04,0.0,5233.04,Below 580
3,3,4,Medical,2026-01-12,138,South,491,Morgan,1,2,2,1,5 121+,17372.23,1987.57,15384.66,Below 580
4,4,5,Personal Loan,2026-05-28,60,Northeast,766,Riley,2,4,2,1,2 31-60,13875.79,974.99,12900.8,670+
5,5,3,Auto,2026-04-08,104,Northeast,722,Jordan,1,2,0,0,4 91-120,22497.57,1582.27,20915.3,670+
6,6,1,Auto,2026-02-06,106,West,436,Alex,4,7,4,0,4 91-120,19920.68,3981.76,15938.92,Below 580
7,7,1,Medical,2026-03-27,239,Northeast,467,Alex,1,7,3,0,5 121+,13216.62,317.53,12899.09,Below 580
8,8,6,Auto,2026-04-30,194,South,539,Taylor,2,0,0,0,5 121+,4635.92,358.19,4277.73,Below 580
9,9,6,Medical,2026-05-25,4,Northeast,707,Taylor,2,3,1,0,1 1-30,9780.9,1132.14,8648.76,670+
10,10,4,Auto,2026-03-28,117,South,786,Morgan,1,2,1,1,4 91-120,11293.06,933.2,10359.86,670+
11,11,5,Credit Card,2026-05-19,214,West,532,Riley,0,0,0,0,5 121+,2963.4,0.0,2963.4,Below 580
12,12,2,Medical,2026-01-02,17,West,721,Casey,1,8,4,1,1 1-30,17796.98,33.96,17763.02,670+
13,13,6,Auto,2026-01-05,206,Midwest,423,Taylor,1,8,2,1,5 121+,21564.46,571.07,20993.39,Below 580
14,14,4,Auto,2026-01-09,96,South,777,Morgan,4,6,4,1,4 91-120,4421.69,1284.03,3137.66,670+
15,15,5,Credit Card,2026-03-13,45,West,594,Riley,2,6,2,0,2 31-60,23276.35,858.06,22418.29,580-669
16,16,6,Personal Loan,2026-01-21,13,Midwest,499,Taylor,0,6,5,1,1 1-30,21504.77,0.0,21504.77,Below 580
17,17,2,Personal Loan,2026-04-26,141,South,810,Casey,3,1,0,0,5 121+,21077.4,5835.42,15241.98,670+
18,18,6,Auto,2026-04-08,81,Midwest,472,Taylor,2,7,1,0,3 61-90,6970.84,166.45,6804.39,Below 580
19,19,1,Personal Loan,2026-03-25,105,Northeast,614,Alex,3,8,2,0,4 91-120,16658.04,4609.0,12049.04,580-669
20,20,4,Credit Card,2026-05-07,34,Northeast,603,Morgan,2,6,4,1,2 31-60,8701.88,464.31,8237.57,580-669
21,21,3,Medical,2026-02-21,101,Midwest,729,Jordan,2,5,2,1,4 91-120,20591.12,3320.94,17270.18,670+
22,22,4,Personal Loan,2026-04-29,212,Midwest,442,Morgan,0,6,1,0,5 121+,9293.29,0.0,9293.29,Below 580
23,23,5,Auto,2026-04-13,139,West,694,Riley,0,5,1,0,5 121+,22912.99,0.0,22912.99,670+
24,24,4,Credit Card,2026-04-13,2,Northeast,613,Morgan,0,4,0,0,1 1-30,14408.17,0.0,14408.17,580-669
25,25,3,Credit Card,2026-05-09,123,Northeast,702,Jordan,0,4,1,1,5 121+,6822.7,0.0,6822.7,670+
26,26,4,Personal Loan,2026-02-22,121,Midwest,741,Morgan,0,7,2,1,5 121+,22357.14,0.0,22357.14,670+
27,27,2,Auto,2026-04-20,161,Midwest,715,Casey,1,6,1,0,5 121+,19879.95,498.6,19381.35,670+
28,28,4,Credit Card,2026-03-25,67,South,780,Morgan,3,6,3,1,3 61-90,8765.89,1641.85,7124.04,670+
29,29,1,Medical,2026-02-04,78,Northeast,443,Alex,0,2,1,0,3 61-90,13635.96,0.0,13635.96,Below 580
30,30,4,Auto,2026-02-05,47,South,815,Morgan,3,2,1,0,2 31-60,24609.11,8323.88,16285.23,670+
31,31,4,Medical,2026-04-02,49,Midwest,460,Morgan,3,7,0,0,2 31-60,901.95,283.65,618.3,Below 580
32,32,1,Personal Loan,2026-01-29,198,South,471,Alex,4,3,2,0,5 121+,24521.36,7275.05,17246.31,Below 580
33,33,1,Medical,2026-01-23,53,West,562,Alex,4,2,1,0,2 31-60,18915.92,6197.58,12718.34,Below 580
34,34,5,Medical,2026-05-17,82,West,745,Riley,2,1,1,1,3 61-90,12289.56,1479.28,10810.28,670+
35,35,3,Medical,2026-04-16,179,Midwest,503,Jordan,1,5,3,0,5 121+,2986.63,173.62,2813.01,Below 580
36,36,5,Personal Loan,2026-01-24,177,Midwest,601,Riley,2,0,0,0,5 121+,17396.78,2069.91,15326.87,580-669
37,37,6,Personal Loan,2026-01-24,217,South,763,Taylor,0,8,2,0,5 121+,19728.75,0.0,19728.75,670+
38,38,4,Credit Card,2026-02-10,109,Midwest,779,Morgan,1,4,2,0,4 91-120,19008.87,1815.1,17193.77,670+
39,39,4,Personal Loan,2026-02-12,185,Northeast,731,Morgan,1,1,0,0,5 121+,2672.11,150.65,2521.46,670+
40,40,5,Medical,2026-01-20,132,South,693,Riley,3,7,3,0,5 121+,6065.83,1046.02,5019.81,670+
41,41,5,Medical,2026-05-25,112,South,503,Riley,2,3,2,0,4 91-120,855.45,122.35,733.1,Below 580
42,42,2,Medical,2026-04-20,70,West,614,Casey,0,3,3,0,3 61-90,13691.23,0.0,13691.23,580-669
43,43,5,Medical,2026-03-19,191,Midwest,747,Riley,3,7,3,1,5 121+,9117.01,1529.31,7587.7,670+
44,44,1,Credit Card,2026-05-01,3,South,770,Alex,2,6,0,0,1 1-30,3561.49,201.0,3360.49,670+
45,45,5,Medical,2026-03-21,206,Midwest,813,Riley,1,6,4,1,5 121+,3814.4,361.52,3452.88,670+
46,46,5,Credit Card,2026-01-30,79,Northeast,537,Riley,1,2,0,0,3 61-90,19515.79,323.11,19192.68,Below 580
47,47,3,Medical,2026-03-08,191,Northeast,581,Jordan,2,6,2,0,5 121+,7502.93,213.2,7289.73,580-669
48,48,3,Credit Card,2026-04-05,228,West,557,Jordan,4,7,0,0,5 121+,7098.05,1236.34,5861.71,Below 580
49,49,6,Credit Card,2026-01-31,45,Northeast,528,Taylor,1,1,1,0,2 31-60,21557.12,250.79,21306.33,Below 580
50,50,1,Auto,2026-03-21,2,Midwest,528,Alex,2,4,2,1,1 1-30,14227.99,2024.02,12203.97,Below 580
51,51,2,Credit Card,2026-05-20,238,West,622,Casey,3,0,0,0,5 121+,10781.36,1025.94,9755.42,580-669
52,52,1,Medical,2026-04-07,135,West,493,Alex,1,0,0,0,5 121+,13397.93,1110.52,12287.41,Below 580
53,53,1,Credit Card,2026-02-06,235,Midwest,491,Alex,1,5,1,1,5 121+,12236.72,1372.51,10864.21,Below 580
54,54,3,Personal Loan,2026-02-03,217,South,801,Jordan,2,5,2,1,5 121+,10430.92,2152.23,8278.69,670+
55,55,1,Personal Loan,2026-03-22,197,Midwest,802,Alex,1,7,2,0,5 121+,17550.37,1194.67,16355.7,670+
56,56,5,Credit Card,2026-04-02,173,West,718,Riley,2,7,3,0,5 121+,17119.69,783.48,16336.21,670+
57,57,5,Personal Loan,2026-01-22,234,West,605,Riley,0,0,0,0,5 121+,24924.43,0.0,24924.43,580-669
58,58,6,Auto,2026-01-17,207,South,490,Taylor,1,1,1,1,5 121+,8794.25,130.55,8663.7,Below 580
59,59,5,Auto,2026-01-13,210,West,466,Riley,3,3,2,0,5 121+,7545.97,1408.43,6137.54,Below 580
60,60,4,Auto,2026-03-04,225,Northeast,476,Morgan,4,8,3,1,5 121+,12877.6,3628.74,9248.86,Below 580
61,61,5,Medical,2026-01-07,7,South,741,Riley,2,3,1,0,1 1-30,13874.69,1561.46,12313.23,670+
62,62,5,Auto,2026-01-15,90,South,768,Riley,1,5,4,1,3 61-90,9702.78,240.81,9461.97,670+
63,63,3,Medical,2026-05-07,125,West,725,Jordan,0,1,0,0,5 121+,23238.35,0.0,23238.35,670+
64,64,5,Auto,2026-02-26,0,Northeast,617,Riley,2,2,2,0,0 Current,1335.84,203.38,1132.46,580-669
65,65,1,Medical,2026-03-24,150,West,725,Alex,1,5,1,0,5 121+,2997.95,82.69,2915.26,670+
66,66,6,Personal Loan,2026-04-22,44,West,690,Taylor,4,2,2,0,2 31-60,20934.64,5359.35,15575.29,670+
67,67,2,Personal Loan,2026-05-26,235,Midwest,703,Casey,4,5,2,0,5 121+,1858.23,461.45,1396.78,670+
68,68,1,Auto,2026-01-28,112,Northeast,768,Alex,3,6,3,0,4 91-120,553.73,112.78,440.95,670+
69,69,3,Medical,2026-01-27,227,Northeast,769,Jordan,3,7,2,0,5 121+,3612.19,715.43,2896.76,670+
70,70,2,Credit Card,2026-03-14,12,Midwest,813,Casey,3,0,0,0,1 1-30,12973.88,2958.73,10015.15,670+
71,71,3,Auto,2026-04-20,51,Midwest,477,Jordan,0,0,0,0,2 31-60,4175.39,0.0,4175.39,Below 580
72,72,6,Personal Loan,2026-02-22,20,Midwest,642,Taylor,3,1,0,0,1 1-30,7665.22,1343.41,6321.81,580-669
73,73,2,Auto,2026-04-08,11,South,652,Casey,2,4,2,1,1 1-30,15993.82,1863.23,14130.59,580-669
74,74,1,Auto,2026-02-28,209,Northeast,789,Alex,4,6,3,0,5 121+,23719.74,7526.55,16193.19,670+
75,75,2,Medical,2026-02-14,32,Midwest,676,Casey,0,6,2,1,2 31-60,7511.39,0.0,7511.39,670+
76,76,4,Credit Card,2026-03-12,201,South,679,Morgan,4,1,0,0,5 121+,22297.3,7929.46,14367.84,670+
77,77,5,Personal Loan,2026-01-26,224,Northeast,740,Riley,3,2,1,0,5 121+,12499.6,3235.4,9264.2,670+
78,78,4,Personal Loan,2026-04-13,176,Midwest,747,Morgan,1,4,2,1,5 121+,2126.65,26.15,2100.5,670+
79,79,3,Auto,2026-02-28,198,South,498,Jordan,2,1,0,0,5 121+,6136.53,919.4,5217.13,Below 580
80,80,5,Personal Loan,2026-04-15,210,Midwest,810,Riley,0,8,3,1,5 121+,20819.73,0.0,20819.73,670+
81,81,4,Credit Card,2026-04-29,174,South,696,Morgan,0,3,0,0,5 121+,21686.53,0.0,21686.53,670+
82,82,3,Medical,2026-05-22,214,Northeast,726,Jordan,2,6,4,0,5 121+,15169.99,2573.07,12596.92,670+
83,83,2,Medical,2026-01-03,153,Midwest,670,Casey,0,3,2,0,5 121+,20385.07,0.0,20385.07,670+
84,84,4,Personal Loan,2026-04-07,55,Northeast,477,Morgan,3,0,0,0,2 31-60,15125.92,3988.98,11136.94,Below 580
85,85,5,Personal Loan,2026-05-11,76,Midwest,577,Riley,0,7,3,1,3 61-90,16196.33,0.0,16196.33,Below 580
86,86,6,Medical,2026-04-14,184,South,449,Taylor,0,7,4,1,5 121+,13904.39,0.0,13904.39,Below 580
87,87,3,Medical,2026-04-02,215,South,710,Jordan,4,5,0,0,5 121+,21778.32,3131.98,18646.34,670+
88,88,1,Credit Card,2026-01-31,120,Northeast,463,Alex,1,6,2,0,4 91-120,20235.73,1321.97,18913.76,Below 580
89,89,4,Personal Loan,2026-02-16,161,West,455,Morgan,1,0,0,0,5 121+,3889.47,215.39,3674.08,Below 580
90,90,2,Medical,2026-04-26,147,South,485,Casey,1,2,1,0,5 121+,11972.59,1293.39,10679.2,Below 580
91,91,1,Credit Card,2026-05-03,136,West,701,Alex,1,0,0,0,5 121+,16577.45,1925.37,14652.08,670+
92,92,2,Credit Card,2026-03-24,173,South,555,Casey,0,3,1,0,5 121+,22773.17,0.0,22773.17,Below 580
93,93,1,Credit Card,2026-03-20,76,West,528,Alex,2,8,3,1,3 61-90,7505.33,1299.54,6205.79,Below 580
94,94,2,Credit Card,2026-01-06,93,South,785,Casey,0,6,2,1,4 91-120,21665.86,0.0,21665.86,670+
95,95,5,Personal Loan,2026-04-08,121,Midwest,624,Riley,1,0,0,0,5 121+,5683.95,279.34,5404.61,580-669
96,96,6,Credit Card,2026-03-19,169,Midwest,644,Taylor,4,8,2,0,5 121+,18152.62,4872.41,13280.21,580-669
97,97,3,Medical,2026-02-23,0,West,481,Jordan,0,1,1,0,0 Current,20660.5,0.0,20660.5,Below 580
98,98,1,Credit Card,2026-05-07,185,South,535,Alex,0,4,1,0,5 121+,6755.57,0.0,6755.57,Below 580
99,99,6,Personal Loan,2026-03-16,109,Northeast,593,Taylor,0,1,1,0,4 91-120,15608.49,0.0,15608.49,580-669
100,100,6,Medical,2026-01-03,84,Northeast,721,Taylor,2,5,2,0,3 61-90,6304.68,945.39,5359.29,670+
101,101,2,Credit Card,2026-02-12,216,South,721,Casey,1,7,2,0,5 121+,5241.93,77.96,5163.97,670+
102,102,6,Medical,2026-03-22,171,South,423,Taylor,2,1,1,0,5 121+,1018.42,217.8,800.62,Below 580
103,103,3,Auto,2026-03-05,38,Northeast,782,Jordan,4,7,3,1,2 31-60,20713.59,5533.46,15180.13,670+
104,104,4,Auto,2026-01-21,22,Northeast,537,Morgan,3,1,0,0,1 1-30,19755.82,3466.73,16289.09,Below 580
105,105,1,Credit Card,2026-05-23,202,Northeast,436,Alex,4,7,2,0,5 121+,23530.87,4793.06,18737.81,Below 580
106,106,1,Medical,2026-04-06,126,Midwest,456,Alex,1,1,1,0,5 121+,4959.47,548.6,4410.87,Below 580
107,107,4,Medical,2026-02-18,117,South,562,Morgan,1,6,2,1,4 91-120,5564.44,452.93,5111.51,Below 580
108,108,5,Medical,2026-04-21,177,West,529,Riley,4,6,3,1,5 121+,20755.63,3811.81,16943.82,Below 580
109,109,2,Medical,2026-05-22,159,South,790,Casey,2,2,1,0,5 121+,9616.0,1801.24,7814.76,670+
110,110,4,Auto,2026-04-01,172,West,544,Morgan,4,0,0,0,5 121+,24083.74,4161.09,19922.65,Below 580
111,111,3,Medical,2026-01-15,73,West,628,Jordan,2,3,1,0,3 61-90,8884.51,1117.09,7767.42,580-669
112,112,2,Personal Loan,2026-05-24,177,South,468,Casey,0,6,3,1,5 121+,16811.08,0.0,16811.08,Below 580
113,113,6,Medical,2026-05-20,75,Northeast,757,Taylor,3,1,0,0,3 61-90,8740.51,1471.1,7269.41,670+
114,114,3,Medical,2026-03-13,41,West,601,Jordan,4,0,0,0,2 31-60,23845.43,4727.57,19117.86,580-669
115,115,5,Personal Loan,2026-03-19,18,West,630,Riley,2,8,3,1,1 1-30,21075.19,1530.67,19544.52,580-669
116,116,6,Personal Loan,2026-01-03,114,West,793,Taylor,1,3,1,0,4 91-120,5311.78,602.77,4709.01,670+
117,117,1,Personal Loan,2026-05-19,131,Northeast,764,Alex,4,1,1,1,5 121+,12362.7,3174.74,9187.96,670+
118,118,1,Credit Card,2026-05-18,53,Northeast,451,Alex,1,3,3,0,2 31-60,22864.27,2234.07,20630.2,Below 580
119,119,4,Personal Loan,2026-02-09,9,West,792,Morgan,0,1,0,0,1 1-30,1496.27,0.0,1496.27,670+
120,120,1,Medical,2026-03-06,233,Midwest,475,Alex,2,6,4,0,5 121+,23907.74,4522.35,19385.39,Below 580
121,121,5,Credit Card,2026-01-19,74,South,518,Riley,2,6,2,0,3 61-90,15503.03,2348.05,13154.98,Below 580
122,122,5,Medical,2026-04-06,31,South,694,Riley,0,0,0,0,2 31-60,967.67,0.0,967.67,670+
123,123,5,Credit Card,2026-05-27,78,West,491,Riley,1,3,1,1,3 61-90,17028.98,1971.61,15057.37,Below 580
124,124,1,Medical,2026-03-06,171,West,513,Alex,4,4,0,0,5 121+,8650.63,2420.71,6229.92,Below 580
125,125,3,Credit Card,2026-03-02,230,Midwest,656,Jordan,1,7,4,0,5 121+,4696.19,218.26,4477.93,580-669
126,126,3,Medical,2026-04-22,173,South,458,Jordan,2,4,3,0,5 121+,12104.79,2445.64,9659.15,Below 580
127,127,6,Credit Card,2026-02-20,186,West,701,Taylor,0,0,0,0,5 121+,11540.86,0.0,11540.86,670+
128,128,5,Auto,2026-05-10,196,Northeast,445,Riley,4,2,0,0,5 121+,1808.38,623.22,1185.16,Below 580
129,129,4,Credit Card,2026-03-16,101,Northeast,467,Morgan,2,2,0,0,4 91-120,6115.38,991.3,5124.08,Below 580
130,130,6,Medical,2026-05-25,188,South,505,Taylor,3,4,1,0,5 121+,24231.89,4273.39,19958.5,Below 580
131,131,1,Personal Loan,2026-01-11,213,West,668,Alex,2,6,3,1,5 121+,14092.52,3031.48,11061.04,580-669
132,132,4,Credit Card,2026-03-30,128,West,529,Morgan,1,3,0,0,5 121+,20920.45,1163.16,19757.29,Below 580
133,133,4,Personal Loan,2026-01-31,184,West,450,Morgan,0,7,1,0,5 121+,10161.42,0.0,10161.42,Below 580
134,134,2,Auto,2026-02-12,153,South,614,Casey,4,3,2,0,5 121+,11332.19,2753.8,8578.39,580-669
135,135,5,Credit Card,2026-03-29,58,Northeast,619,Riley,3,8,1,0,2 31-60,19519.91,1855.51,17664.4,580-669
136,136,5,Auto,2026-01-01,94,Midwest,652,Riley,0,8,2,0,4 91-120,18598.28,0.0,18598.28,580-669
137,137,6,Credit Card,2026-02-18,147,Midwest,636,Taylor,4,1,0,0,5 121+,729.4,170.2,559.2,580-669
138,138,3,Auto,2026-05-30,144,West,499,Jordan,2,8,4,0,5 121+,11138.12,1276.33,9861.79,Below 580
139,139,2,Auto,2026-05-21,162,South,571,Casey,0,1,0,0,5 121+,2683.25,0.0,2683.25,Below 580
140,140,1,Personal Loan,2026-04-22,56,South,449,Alex,2,6,3,1,2 31-60,4196.88,547.25,3649.63,Below 580
141,141,6,Medical,2026-05-11,157,Northeast,802,Taylor,1,3,1,0,5 121+,22134.79,199.06,21935.73,670+
142,142,4,Medical,2026-04-01,132,Midwest,449,Morgan,0,1,0,0,5 121+,17073.5,0.0,17073.5,Below 580
143,143,3,Personal Loan,2026-05-24,208,Northeast,719,Jordan,2,0,0,0,5 121+,24949.95,3590.68,21359.27,670+
144,144,4,Credit Card,2026-03-08,143,West,677,Morgan,0,8,5,1,5 121+,7841.49,0.0,7841.49,670+
145,145,5,Credit Card,2026-04-28,123,South,449,Riley,0,4,3,1,5 121+,19824.01,0.0,19824.01,Below 580
146,146,1,Personal Loan,2026-05-13,63,Northeast,515,Alex,2,8,2,0,3 61-90,22966.86,2300.65,20666.21,Below 580
147,147,2,Credit Card,2026-03-05,30,Northeast,724,Casey,0,7,4,0,1 1-30,15432.87,0.0,15432.87,670+
148,148,3,Auto,2026-02-16,56,Northeast,765,Jordan,4,2,1,1,2 31-60,21938.49,4922.54,17015.95,670+
149,149,6,Medical,2026-01-03,97,South,626,Taylor,4,3,0,0,4 91-120,995.76,248.15,747.61,580-669
150,150,6,Personal Loan,2026-02-23,93,Northeast,711,Taylor,3,1,1,0,4 91-120,18078.03,2744.25,15333.78,670+
151,151,4,Medical,2026-05-23,37,South,716,Morgan,1,2,0,0,2 31-60,18628.56,1249.9,17378.66,670+
152,152,3,Personal Loan,2026-03-22,143,Northeast,737,Jordan,4,7,2,1,5 121+,20910.33,1417.53,19492.8,670+
153,153,5,Medical,2026-02-20,199,Northeast,634,Riley,2,7,2,0,5 121+,24695.0,4557.98,20137.02,580-669
154,154,6,Personal Loan,2026-03-23,154,Midwest,553,Taylor,3,7,3,1,5 121+,12720.37,3231.64,9488.73,Below 580
155,155,1,Credit Card,2026-05-02,197,South,762,Alex,3,2,1,0,5 121+,23502.97,4589.64,18913.33,670+
156,156,6,Personal Loan,2026-02-28,113,Midwest,542,Taylor,1,2,1,0,4 91-120,10876.56,354.13,10522.43,Below 580
157,157,4,Personal Loan,2026-03-25,140,Midwest,622,Morgan,3,7,3,1,5 121+,20471.37,3346.72,17124.65,580-669
158,158,1,Credit Card,2026-02-09,133,South,763,Alex,1,7,4,1,5 121+,13232.77,911.47,12321.3,670+
159,159,2,Medical,2026-04-22,183,Midwest,654,Casey,3,8,3,0,5 121+,17057.1,2818.09,14239.01,580-669
160,160,1,Credit Card,2026-01-05,47,Midwest,804,Alex,0,4,1,0,2 31-60,6881.6,0.0,6881.6,670+
161,161,3,Auto,2026-03-29,95,Northeast,424,Jordan,3,0,0,0,4 91-120,18126.27,4933.99,13192.28,Below 580
162,162,1,Auto,2026-03-10,46,West,738,Alex,1,6,3,0,2 31-60,16959.36,665.56,16293.8,670+
163,163,4,Auto,2026-05-14,174,Northeast,457,Morgan,2,0,0,0,5 121+,9242.9,1268.09,7974.81,Below 580
164,164,1,Personal Loan,2026-05-21,123,South,679,Alex,2,1,1,0,5 121+,22349.23,1334.96,21014.27,670+
165,165,2,Personal Loan,2026-03-25,149,Midwest,487,Casey,0,6,0,0,5 121+,1131.98,0.0,1131.98,Below 580
166,166,1,Personal Loan,2026-03-28,165,Midwest,455,Alex,1,2,1,0,5 121+,3018.77,361.5,2657.27,Below 580
167,167,6,Medical,2026-03-30,5,South,609,Taylor,3,7,1,1,1 1-30,18901.2,1425.61,17475.59,580-669
168,168,4,Personal Loan,2026-05-16,209,Midwest,500,Morgan,2,8,6,0,5 121+,7002.23,1325.06,5677.17,Below 580
169,169,3,Auto,2026-02-09,164,West,698,Jordan,2,0,0,0,5 121+,12375.29,1681.1,10694.19,670+
170,170,1,Medical,2026-02-03,27,Midwest,733,Alex,3,7,3,0,1 1-30,7992.65,1164.0,6828.65,670+
171,171,6,Credit Card,2026-04-17,210,Northeast,761,Taylor,4,1,1,0,5 121+,15979.86,2205.99,13773.87,670+
172,172,2,Medical,2026-05-17,134,Midwest,759,Casey,1,2,2,0,5 121+,16661.95,1504.29,15157.66,670+
173,173,6,Auto,2026-05-28,179,Northeast,488,Taylor,3,2,1,1,5 121+,15514.07,2098.8,13415.27,Below 580
174,174,4,Auto,2026-03-25,211,Midwest,479,Morgan,2,3,1,0,5 121+,16091.04,3091.16,12999.88,Below 580
175,175,6,Credit Card,2026-04-12,72,Northeast,800,Taylor,4,5,2,1,3 61-90,508.2,71.09,437.11,670+
176,176,3,Personal Loan,2026-02-09,227,South,559,Jordan,4,1,1,0,5 121+,6305.26,1569.69,4735.57,Below 580
177,177,6,Credit Card,2026-02-14,152,Midwest,729,Taylor,2,5,4,0,5 121+,20979.79,323.68,20656.11,670+
178,178,3,Credit Card,2026-04-08,81,South,787,Jordan,4,8,2,0,3 61-90,2770.29,825.13,1945.16,670+
179,179,2,Auto,2026-05-04,101,Midwest,524,Casey,4,6,1,0,4 91-120,23958.58,6483.05,17475.53,Below 580
180,180,3,Auto,2026-03-20,159,Midwest,678,Jordan,1,3,2,0,5 121+,7599.08,587.32,7011.76,670+
181,181,5,Medical,2026-01-14,222,West,548,Riley,2,7,3,0,5 121+,10694.18,347.7,10346.48,Below 580
182,182,3,Medical,2026-05-15,15,Northeast,467,Jordan,2,0,0,0,1 1-30,2323.76,288.25,2035.51,Below 580
183,183,1,Auto,2026-04-30,169,West,561,Alex,2,4,1,0,5 121+,849.56,96.68,752.88,Below 580
184,184,5,Credit Card,2026-03-22,47,Northeast,421,Riley,1,8,2,1,2 31-60,20828.2,1322.42,19505.78,Below 580
185,185,4,Credit Card,2026-01-16,142,Midwest,814,Morgan,2,2,2,1,5 121+,11307.85,1507.32,9800.53,670+
186,186,2,Medical,2026-02-28,109,South,746,Casey,2,2,1,0,4 91-120,18004.22,2784.4,15219.82,670+
187,187,3,Medical,2026-02-21,110,Midwest,502,Jordan,1,5,3,1,4 91-120,6292.73,750.35,5542.38,Below 580
188,188,6,Personal Loan,2026-03-19,38,West,702,Taylor,1,2,2,0,2 31-60,19080.95,289.89,18791.06,670+
189,189,5,Medical,2026-05-26,59,West,707,Riley,0,5,2,0,2 31-60,10185.12,0.0,10185.12,670+
190,190,2,Medical,2026-02-05,8,Northeast,477,Casey,3,3,2,0,1 1-30,7369.69,1470.98,5898.71,Below 580
191,191,4,Auto,2026-04-28,198,Northeast,773,Morgan,0,6,2,1,5 121+,10850.86,0.0,10850.86,670+
192,192,4,Credit Card,2026-01-11,48,South,699,Morgan,2,7,4,1,2 31-60,23891.67,3921.26,19970.41,670+
193,193,4,Auto,2026-05-20,82,Northeast,609,Morgan,3,1,0,0,3 61-90,6175.17,921.96,5253.21,580-669
194,194,1,Credit Card,2026-02-11,180,South,640,Alex,3,6,2,1,5 121+,5681.82,1862.93,3818.89,580-669
195,195,6,Medical,2026-04-25,30,South,441,Taylor,1,4,1,0,1 1-30,12612.33,541.76,12070.57,Below 580
196,196,4,Auto,2026-05-02,20,Midwest,606,Morgan,4,8,5,1,1 1-30,19531.17,5314.12,14217.05,580-669
197,197,6,Personal Loan,2026-02-15,156,Northeast,603,Taylor,4,5,2,0,5 121+,7266.88,1826.18,5440.7,580-669
198,198,2,Medical,2026-04-16,156,South,769,Casey,0,1,1,0,5 121+,22505.25,0.0,22505.25,670+
199,199,4,Personal Loan,2026-05-16,109,South,761,Morgan,4,7,4,0,4 91-120,4177.13,1085.17,3091.96,670+
200,200,4,Credit Card,2026-02-23,85,Northeast,601,Morgan,2,4,3,0,3 61-90,17890.93,1518.7,16372.23,580-669
201,201,6,Credit Card,2026-03-29,213,West,737,Taylor,1,5,3,0,5 121+,17111.51,518.6,16592.91,670+
202,202,6,Credit Card,2026-04-29,213,South,541,Taylor,4,3,2,1,5 121+,17862.44,4957.02,12905.42,Below 580
203,203,1,Personal Loan,2026-02-08,96,South,510,Alex,4,6,2,1,4 91-120,12263.34,1857.32,10406.02,Below 580
204,204,1,Auto,2026-04-24,231,West,432,Alex,4,8,2,1,5 121+,21722.95,5009.43,16713.52,Below 580
205,205,2,Medical,2026-02-23,73,South,797,Casey,2,4,0,0,3 61-90,13958.69,2571.67,11387.02,670+
206,206,6,Personal Loan,2026-03-11,146,Midwest,820,Taylor,1,4,1,0,5 121+,6437.32,234.49,6202.83,670+
207,207,1,Auto,2026-04-09,100,West,762,Alex,1,5,2,0,4 91-120,2756.53,302.18,2454.35,670+
208,208,4,Personal Loan,2026-04-30,175,South,556,Morgan,3,5,2,0,5 121+,4579.5,889.34,3690.16,Below 580
209,209,4,Auto,2026-01-29,216,South,779,Morgan,1,2,0,0,5 121+,15240.49,749.92,14490.57,670+
210,210,5,Auto,2026-01-19,102,Northeast,615,Riley,4,1,0,0,4 91-120,13171.75,5452.31,7719.44,580-669
211,211,5,Personal Loan,2026-04-21,139,Northeast,660,Riley,1,7,2,0,5 121+,18760.05,463.73,18296.32,580-669
212,212,2,Medical,2026-01-16,227,South,522,Casey,4,4,2,1,5 121+,4297.22,1264.87,3032.35,Below 580
213,213,1,Credit Card,2026-04-22,156,West,599,Alex,4,1,1,0,5 121+,14939.5,2840.85,12098.65,580-669
214,214,6,Auto,2026-03-02,160,Midwest,536,Taylor,2,6,2,1,5 121+,18607.46,2950.26,15657.2,Below 580
215,215,1,Credit Card,2026-02-02,165,South,432,Alex,0,2,1,0,5 121+,6132.0,0.0,6132.0,Below 580
216,216,6,Auto,2026-04-17,159,South,624,Taylor,1,6,2,0,5 121+,19627.22,1201.16,18426.06,580-669
217,217,3,Credit Card,2026-05-20,9,Midwest,562,Jordan,4,4,2,0,1 1-30,24673.96,6436.56,18237.4,Below 580
218,218,5,Personal Loan,2026-01-20,156,Northeast,815,Riley,0,5,1,0,5 121+,23115.57,0.0,23115.57,670+
219,219,6,Personal Loan,2026-01-10,15,Midwest,599,Taylor,3,0,0,0,1 1-30,13253.65,3812.08,9441.57,580-669
220,220,1,Medical,2026-03-15,129,West,767,Alex,0,4,1,0,5 121+,20832.31,0.0,20832.31,670+
221,221,3,Medical,2026-02-08,66,Midwest,434,Jordan,1,8,5,1,3 61-90,19233.99,1281.18,17952.81,Below 580
222,222,2,Auto,2026-01-30,102,Northeast,553,Casey,3,4,1,1,4 91-120,2702.98,636.26,2066.72,Below 580
223,223,5,Personal Loan,2026-01-11,216,South,717,Riley,3,4,2,0,5 121+,4583.75,1212.13,3371.62,670+
224,224,6,Medical,2026-05-14,80,Midwest,439,Taylor,4,1,0,0,3 61-90,14651.85,377.39,14274.46,Below 580
225,225,3,Medical,2026-02-26,8,Northeast,725,Jordan,0,1,1,1,1 1-30,12382.33,0.0,12382.33,670+
226,226,6,Credit Card,2026-02-25,22,West,596,Taylor,4,4,3,1,1 1-30,5608.24,839.23,4769.01,580-669
227,227,2,Credit Card,2026-03-24,70,Midwest,643,Casey,0,6,2,0,3 61-90,11293.47,0.0,11293.47,580-669
228,228,5,Auto,2026-01-28,55,Northeast,617,Riley,4,4,1,1,2 31-60,6534.45,656.71,5877.74,580-669
229,229,5,Credit Card,2026-03-26,131,South,550,Riley,3,8,3,1,5 121+,16913.58,4389.41,12524.17,Below 580
230,230,1,Auto,2026-05-17,194,Northeast,782,Alex,2,0,0,0,5 121+,14763.26,2181.13,12582.13,670+
231,231,3,Auto,2026-04-09,229,West,420,Jordan,0,5,0,0,5 121+,8511.25,0.0,8511.25,Below 580
232,232,5,Personal Loan,2026-04-10,127,South,606,Riley,4,1,1,0,5 121+,3142.1,423.5,2718.6,580-669
233,233,6,Medical,2026-05-14,189,West,455,Taylor,4,7,4,1,5 121+,19725.44,2832.57,16892.87,Below 580
234,234,4,Medical,2026-01-28,16,Midwest,739,Morgan,1,6,2,0,1 1-30,5289.04,289.32,4999.72,670+
235,235,2,Personal Loan,2026-02-06,141,Midwest,759,Casey,1,0,0,0,5 121+,17912.83,1159.92,16752.91,670+
236,236,6,Auto,2026-02-04,199,Northeast,788,Taylor,1,1,0,0,5 121+,4692.95,20.24,4672.71,670+
237,237,4,Auto,2026-01-23,177,Midwest,679,Morgan,1,4,2,1,5 121+,12400.56,550.43,11850.13,670+
238,238,6,Personal Loan,2026-05-08,89,Midwest,761,Taylor,3,1,0,0,3 61-90,4191.87,264.41,3927.46,670+
239,239,2,Auto,2026-05-19,197,West,587,Casey,1,3,2,0,5 121+,21787.8,1459.27,20328.53,580-669
240,240,6,Personal Loan,2026-01-12,72,West,776,Taylor,1,5,2,1,3 61-90,2766.08,294.86,2471.22,670+
241,241,2,Auto,2026-01-30,151,Midwest,703,Casey,4,1,1,0,5 121+,3472.06,748.37,2723.69,670+
242,242,2,Credit Card,2026-02-21,120,South,518,Casey,4,5,1,0,4 91-120,16250.96,3485.86,12765.1,Below 580
243,243,4,Auto,2026-01-29,43,West,760,Morgan,2,2,1,1,2 31-60,20025.92,2178.72,17847.2,670+
244,244,2,Auto,2026-05-14,214,West,766,Casey,3,3,2,1,5 121+,21019.09,4605.35,16413.74,670+
245,245,4,Credit Card,2026-05-27,10,South,735,Morgan,3,7,3,1,1 1-30,712.96,136.33,576.63,670+
246,246,6,Auto,2026-03-20,219,Midwest,627,Taylor,4,5,0,0,5 121+,7286.5,2114.17,5172.33,580-669
247,247,5,Medical,2026-03-11,201,Northeast,575,Riley,0,5,2,1,5 121+,23251.37,0.0,23251.37,Below 580
248,248,3,Medical,2026-01-11,165,Midwest,527,Jordan,4,1,0,0,5 121+,15833.16,4346.15,11487.01,Below 580
249,249,6,Medical,2026-05-29,82,West,716,Taylor,2,4,0,0,3 61-90,9299.39,1262.01,8037.38,670+
250,250,3,Auto,2026-05-17,158,Midwest,658,Jordan,2,1,1,0,5 121+,22849.57,2764.64,20084.93,580-669
251,251,1,Medical,2026-03-15,70,West,646,Alex,0,2,0,0,3 61-90,3727.4,0.0,3727.4,580-669
252,252,4,Medical,2026-01-06,121,South,681,Morgan,2,3,2,0,5 121+,12796.41,1177.65,11618.76,670+
253,253,3,Personal Loan,2026-04-16,124,West,796,Jordan,4,2,1,1,5 121+,24772.63,7440.09,17332.54,670+
254,254,3,Personal Loan,2026-01-13,116,South,757,Jordan,1,8,2,0,4 91-120,6721.76,820.85,5900.91,670+
255,255,3,Auto,2026-03-30,138,Northeast,565,Jordan,1,1,0,0,5 121+,6705.23,709.45,5995.78,Below 580
256,256,4,Personal Loan,2026-05-08,39,Midwest,467,Morgan,0,8,4,1,2 31-60,6597.84,0.0,6597.84,Below 580
257,257,6,Credit Card,2026-01-11,78,South,764,Taylor,0,6,1,0,3 61-90,6347.83,0.0,6347.83,670+
258,258,4,Credit Card,2026-01-22,131,Midwest,535,Morgan,3,5,1,0,5 121+,23082.64,5397.45,17685.19,Below 580
259,259,6,Auto,2026-01-23,189,South,495,Taylor,3,6,4,1,5 121+,9546.91,2517.72,7029.19,Below 580
260,260,4,Personal Loan,2026-01-23,106,Northeast,443,Morgan,1,2,0,0,4 91-120,777.61,85.71,691.9,Below 580
261,261,3,Personal Loan,2026-05-06,126,South,663,Jordan,4,4,2,0,5 121+,2271.37,665.73,1605.64,580-669
262,262,1,Personal Loan,2026-03-04,126,Northeast,653,Alex,0,5,3,0,5 121+,1692.96,0.0,1692.96,580-669
263,263,3,Medical,2026-05-28,148,West,742,Jordan,0,2,0,0,5 121+,1235.89,0.0,1235.89,670+
264,264,3,Auto,2026-01-14,162,South,787,Jordan,2,1,0,0,5 121+,11936.62,912.27,11024.35,670+
265,265,5,Medical,2026-02-16,139,West,673,Riley,2,1,1,0,5 121+,4463.98,405.13,4058.85,670+
266,266,5,Personal Loan,2026-01-04,95,West,544,Riley,3,8,5,1,4 91-120,6244.07,1069.25,5174.82,Below 580
267,267,4,Personal Loan,2026-04-03,44,South,755,Morgan,2,2,0,0,2 31-60,6330.66,349.13,5981.53,670+
268,268,6,Credit Card,2026-01-21,19,Northeast,804,Taylor,0,7,2,0,1 1-30,18317.61,0.0,18317.61,670+
269,269,2,Personal Loan,2026-02-22,7,Northeast,818,Casey,0,2,1,1,1 1-30,8889.63,0.0,8889.63,670+
270,270,5,Credit Card,2026-05-09,25,West,532,Riley,4,8,5,1,1 1-30,10642.77,1597.91,9044.86,Below 580
271,271,4,Credit Card,2026-05-12,194,South,776,Morgan,2,2,1,0,5 121+,10044.31,326.61,9717.7,670+
272,272,3,Auto,2026-01-11,29,West,445,Jordan,3,3,1,0,1 1-30,3949.72,1059.59,2890.13,Below 580
273,273,2,Credit Card,2026-05-02,172,South,482,Casey,3,1,0,0,5 121+,15911.6,4201.02,11710.58,Below 580
274,274,6,Medical,2026-04-13,16,West,488,Taylor,2,6,3,1,1 1-30,4766.53,281.71,4484.82,Below 580
275,275,3,Medical,2026-05-05,196,West,761,Jordan,3,2,1,0,5 121+,21950.27,4517.89,17432.38,670+
276,276,2,Auto,2026-05-08,154,Midwest,806,Casey,2,1,1,0,5 121+,1621.92,101.6,1520.32,670+
277,277,2,Personal Loan,2026-05-07,169,West,733,Casey,3,8,3,0,5 121+,20046.37,2901.85,17144.52,670+
278,278,4,Auto,2026-03-19,34,West,700,Morgan,2,7,2,1,2 31-60,7384.7,673.33,6711.37,670+
279,279,1,Credit Card,2026-03-14,151,West,501,Alex,0,2,1,0,5 121+,13942.02,0.0,13942.02,Below 580
280,280,4,Credit Card,2026-01-07,109,West,650,Morgan,2,3,1,0,4 91-120,14813.33,1877.64,12935.69,580-669
281,281,2,Credit Card,2026-01-30,137,Midwest,804,Casey,2,8,3,0,5 121+,14659.72,1842.27,12817.45,670+
282,282,5,Personal Loan,2026-03-28,93,South,746,Riley,3,4,2,0,4 91-120,7488.85,1829.64,5659.21,670+
283,283,5,Personal Loan,2026-05-29,69,Midwest,812,Riley,0,8,2,0,3 61-90,4473.41,0.0,4473.41,670+
284,284,5,Auto,2026-05-13,54,West,740,Riley,3,0,0,0,2 31-60,8324.01,2087.51,6236.5,670+
285,285,3,Auto,2026-05-14,37,South,560,Jordan,1,4,2,0,2 31-60,8915.78,207.22,8708.56,Below 580
286,286,4,Medical,2026-03-07,29,West,459,Morgan,1,3,1,0,1 1-30,10404.0,261.54,10142.46,Below 580
287,287,2,Personal Loan,2026-01-10,34,Midwest,540,Casey,0,4,4,1,2 31-60,8972.09,0.0,8972.09,Below 580
288,288,3,Personal Loan,2026-01-15,221,Midwest,591,Jordan,0,6,3,1,5 121+,4020.26,0.0,4020.26,580-669
289,289,4,Credit Card,2026-05-15,60,Midwest,696,Morgan,4,2,0,0,2 31-60,11061.59,3354.49,7707.1,670+
290,290,4,Personal Loan,2026-03-07,179,Northeast,490,Morgan,0,5,1,0,5 121+,2845.68,0.0,2845.68,Below 580
291,291,6,Credit Card,2026-03-20,215,South,538,Taylor,0,3,1,0,5 121+,1383.91,0.0,1383.91,Below 580
292,292,2,Auto,2026-02-01,99,West,775,Casey,0,6,4,1,4 91-120,22935.78,0.0,22935.78,670+
293,293,6,Auto,2026-05-06,237,South,781,Taylor,2,1,0,0,5 121+,20259.0,4198.95,16060.05,670+
294,294,1,Personal Loan,2026-03-08,107,South,452,Alex,4,7,3,1,4 91-120,21737.2,3133.05,18604.15,Below 580
295,295,3,Auto,2026-02-03,122,West,628,Jordan,1,5,2,1,5 121+,17709.9,693.35,17016.55,580-669
296,296,4,Medical,2026-02-28,67,Midwest,697,Morgan,1,6,3,1,3 61-90,4231.94,42.62,4189.32,670+
297,297,2,Medical,2026-05-07,48,West,632,Casey,2,2,1,0,2 31-60,5470.76,1045.14,4425.62,580-669
298,298,4,Medical,2026-03-14,104,Northeast,525,Morgan,1,4,2,0,4 91-120,8442.46,47.71,8394.75,Below 580
299,299,6,Auto,2026-02-04,175,West,619,Taylor,1,4,1,1,5 121+,14057.91,1015.31,13042.6,580-669
300,300,3,Auto,2026-01-12,77,Northeast,811,Jordan,3,2,1,1,3 61-90,724.85,99.17,625.68,670+
301,301,1,Personal Loan,2026-04-30,181,West,664,Alex,4,4,1,0,5 121+,6033.1,1526.95,4506.15,580-669
302,302,3,Auto,2026-03-09,228,Northeast,600,Jordan,1,7,3,1,5 121+,22183.4,1664.35,20519.05,580-669
303,303,1,Auto,2026-04-30,10,Midwest,805,Alex,3,1,1,0,1 1-30,18805.19,3634.81,15170.38,670+
304,304,3,Credit Card,2026-02-07,52,West,634,Jordan,2,3,0,0,2 31-60,5686.43,923.59,4762.84,580-669
305,305,3,Credit Card,2026-05-08,72,South,669,Jordan,0,6,3,1,3 61-90,4455.44,0.0,4455.44,580-669
306,306,1,Auto,2026-01-02,83,South,559,Alex,4,8,1,1,3 61-90,14317.16,1393.93,12923.23,Below 580
307,307,6,Medical,2026-04-21,91,West,668,Taylor,0,5,2,0,4 91-120,13506.59,0.0,13506.59,580-669
308,308,6,Auto,2026-02-17,23,Northeast,619,Taylor,0,8,5,1,1 1-30,18707.72,0.0,18707.72,580-669
309,309,3,Credit Card,2026-05-14,141,Midwest,762,Jordan,0,0,0,0,5 121+,18440.37,0.0,18440.37,670+
310,310,5,Auto,2026-05-12,105,West,790,Riley,0,7,3,0,4 91-120,5014.42,0.0,5014.42,670+
311,311,3,Auto,2026-04-17,193,South,659,Jordan,3,4,0,0,5 121+,12984.24,1700.77,11283.47,580-669
312,312,3,Personal Loan,2026-04-14,176,South,738,Jordan,3,3,2,0,5 121+,20914.62,2723.23,18191.39,670+
313,313,4,Medical,2026-02-07,22,Northeast,621,Morgan,2,0,0,0,1 1-30,10640.99,2477.37,8163.62,580-669
314,314,2,Auto,2026-01-30,124,Northeast,462,Casey,3,6,4,1,5 121+,7466.96,1086.67,6380.29,Below 580
315,315,5,Auto,2026-05-05,59,West,489,Riley,0,8,2,0,2 31-60,22031.69,0.0,22031.69,Below 580
316,316,3,Auto,2026-02-19,59,West,513,Jordan,4,6,5,0,2 31-60,20181.37,5271.3,14910.07,Below 580
317,317,4,Personal Loan,2026-01-26,60,Northeast,553,Morgan,1,0,0,0,2 31-60,17947.64,1469.69,16477.95,Below 580
318,318,3,Medical,2026-04-02,44,West,587,Jordan,4,8,6,0,2 31-60,11439.08,1902.16,9536.92,580-669
319,319,5,Credit Card,2026-01-29,210,South,652,Riley,4,5,3,0,5 121+,4941.42,1120.13,3821.29,580-669
320,320,2,Auto,2026-02-05,106,Midwest,592,Casey,0,3,0,0,4 91-120,5658.3,0.0,5658.3,580-669
321,321,6,Medical,2026-04-17,38,West,562,Taylor,4,5,3,1,2 31-60,15626.48,3793.56,11832.92,Below 580
322,322,1,Auto,2026-02-12,194,West,549,Alex,0,2,2,1,5 121+,18706.31,0.0,18706.31,Below 580
323,323,6,Personal Loan,2026-04-18,184,Northeast,660,Taylor,2,2,1,0,5 121+,17361.22,1655.6,15705.62,580-669
324,324,6,Auto,2026-04-24,198,Northeast,803,Taylor,1,0,0,0,5 121+,14980.86,800.44,14180.42,670+
325,325,4,Medical,2026-05-18,133,Northeast,599,Morgan,4,2,0,0,5 121+,14529.65,3840.73,10688.92,580-669
326,326,6,Auto,2026-03-03,129,South,752,Taylor,0,0,0,0,5 121+,13248.25,0.0,13248.25,670+
327,327,6,Personal Loan,2026-04-06,31,Northeast,819,Taylor,0,1,0,0,2 31-60,11394.97,0.0,11394.97,670+
328,328,3,Medical,2026-01-02,206,Northeast,806,Jordan,4,4,2,0,5 121+,19506.36,6094.07,13412.29,670+
329,329,2,Personal Loan,2026-05-13,116,Northeast,546,Casey,0,2,0,0,4 91-120,24926.32,0.0,24926.32,Below 580
330,330,2,Auto,2026-01-16,54,South,430,Casey,3,8,5,0,2 31-60,18321.04,3064.69,15256.35,Below 580
331,331,5,Credit Card,2026-02-03,177,South,542,Riley,1,0,0,0,5 121+,22024.55,2397.77,19626.78,Below 580
332,332,3,Credit Card,2026-02-10,154,South,662,Jordan,3,2,0,0,5 121+,23947.27,2757.35,21189.92,580-669
333,333,2,Medical,2026-05-05,200,Northeast,708,Casey,4,7,2,1,5 121+,1673.47,431.07,1242.4,670+
334,334,5,Auto,2026-02-03,194,South,658,Riley,3,3,2,1,5 121+,6310.04,1581.77,4728.27,580-669
335,335,6,Credit Card,2026-01-23,146,Midwest,812,Taylor,2,1,1,1,5 121+,7446.38,1599.36,5847.02,670+
336,336,1,Medical,2026-05-19,192,Midwest,505,Alex,3,0,0,0,5 121+,24695.07,6084.37,18610.7,Below 580
337,337,2,Auto,2026-03-12,21,Northeast,818,Casey,4,5,1,0,1 1-30,9132.08,2550.81,6581.27,670+
338,338,2,Personal Loan,2026-03-15,196,South,579,Casey,0,2,1,1,5 121+,6541.23,0.0,6541.23,Below 580
339,339,1,Credit Card,2026-03-25,76,Northeast,716,Alex,3,6,3,1,3 61-90,8110.89,771.09,7339.8,670+
340,340,4,Credit Card,2026-04-29,123,Northeast,579,Morgan,0,6,1,1,5 121+,23699.57,0.0,23699.57,Below 580
341,341,4,Credit Card,2026-05-26,216,West,623,Morgan,4,8,4,1,5 121+,17560.16,3401.94,14158.22,580-669
342,342,1,Medical,2026-05-11,189,South,458,Alex,4,8,6,1,5 121+,12299.05,3662.81,8636.24,Below 580
343,343,6,Medical,2026-03-26,165,South,472,Taylor,0,7,3,1,5 121+,1165.82,0.0,1165.82,Below 580
344,344,3,Auto,2026-04-24,211,Midwest,770,Jordan,4,7,3,1,5 121+,5676.42,1390.55,4285.87,670+
345,345,2,Auto,2026-02-23,28,Northeast,709,Casey,2,2,0,0,1 1-30,799.28,129.9,669.38,670+
346,346,5,Personal Loan,2026-05-26,49,Northeast,597,Riley,0,8,3,0,2 31-60,10061.55,0.0,10061.55,580-669
347,347,1,Personal Loan,2026-01-12,235,West,758,Alex,3,5,4,1,5 121+,9918.23,1655.95,8262.28,670+
348,348,1,Credit Card,2026-03-26,7,Midwest,455,Alex,3,3,1,0,1 1-30,13536.14,3591.95,9944.19,Below 580
349,349,5,Auto,2026-03-02,195,Midwest,426,Riley,0,7,3,1,5 121+,3558.1,0.0,3558.1,Below 580
350,350,1,Credit Card,2026-04-21,143,West,670,Alex,0,4,1,0,5 121+,3259.44,0.0,3259.44,670+
351,351,6,Credit Card,2026-01-26,116,Northeast,641,Taylor,4,3,0,0,4 91-120,14744.54,3234.31,11510.23,580-669
352,352,2,Medical,2026-04-24,204,Midwest,745,Casey,0,0,0,0,5 121+,8298.19,0.0,8298.19,670+
353,353,5,Auto,2026-02-02,131,West,782,Riley,2,7,3,0,5 121+,13572.25,1217.5,12354.75,670+
354,354,1,Personal Loan,2026-02-21,48,South,642,Alex,3,4,1,0,2 31-60,8941.5,2484.91,6456.59,580-669
355,355,5,Medical,2026-02-28,61,South,795,Riley,3,6,1,1,3 61-90,20067.96,5321.86,14746.1,670+
356,356,1,Credit Card,2026-05-30,50,Midwest,735,Alex,1,3,2,0,2 31-60,15595.68,754.75,14840.93,670+
357,357,3,Credit Card,2026-01-06,5,West,658,Jordan,1,1,1,1,1 1-30,7885.22,506.66,7378.56,580-669
358,358,2,Personal Loan,2026-03-20,207,West,794,Casey,2,6,2,0,5 121+,19634.56,3133.83,16500.73,670+
359,359,5,Medical,2026-03-04,218,Midwest,585,Riley,4,4,1,1,5 121+,2437.56,472.32,1965.24,580-669
360,360,2,Auto,2026-05-01,192,South,464,Casey,4,7,2,1,5 121+,3220.97,987.65,2233.32,Below 580
361,361,4,Auto,2026-02-25,146,Midwest,650,Morgan,1,8,1,0,5 121+,13334.52,990.69,12343.83,580-669
362,362,1,Medical,2026-03-11,113,South,804,Alex,1,1,1,1,4 91-120,16537.79,706.31,15831.48,670+
363,363,5,Credit Card,2026-03-17,201,West,711,Riley,2,5,2,0,5 121+,21545.54,1835.76,19709.78,670+
364,364,6,Personal Loan,2026-02-18,2,West,592,Taylor,2,0,0,0,1 1-30,6282.48,918.7,5363.78,580-669
365,365,2,Auto,2026-05-01,58,Northeast,673,Casey,1,3,2,0,2 31-60,22001.97,1110.34,20891.63,670+
366,366,3,Medical,2026-03-29,109,Midwest,513,Jordan,3,2,2,1,4 91-120,4101.89,481.96,3619.93,Below 580
367,367,6,Personal Loan,2026-01-03,86,West,528,Taylor,1,6,2,1,3 61-90,21463.14,2207.53,19255.61,Below 580
368,368,4,Medical,2026-05-27,100,Midwest,552,Morgan,0,8,2,0,4 91-120,16894.94,0.0,16894.94,Below 580
369,369,2,Medical,2026-04-09,74,Midwest,563,Casey,4,6,0,0,3 61-90,12404.17,2183.77,10220.4,Below 580
370,370,5,Personal Loan,2026-05-02,150,Midwest,704,Riley,1,7,1,1,5 121+,7159.76,668.6,6491.16,670+
371,371,6,Auto,2026-01-24,88,Northeast,684,Taylor,2,3,2,0,3 61-90,12575.89,1504.29,11071.6,670+
372,372,6,Credit Card,2026-01-25,61,South,463,Taylor,1,4,3,1,3 61-90,17006.73,727.68,16279.05,Below 580
373,373,1,Personal Loan,2026-04-05,104,South,788,Alex,3,0,0,0,4 91-120,3710.05,303.17,3406.88,670+
374,374,4,Personal Loan,2026-01-19,190,West,670,Morgan,3,1,0,0,5 121+,19873.65,3341.34,16532.31,670+
375,375,4,Credit Card,2026-04-29,21,South,773,Morgan,4,4,0,0,1 1-30,20832.27,6014.55,14817.72,670+
376,376,1,Credit Card,2026-04-11,173,West,750,Alex,2,3,2,0,5 121+,7565.44,690.54,6874.9,670+
377,377,4,Personal Loan,2026-05-14,113,West,649,Morgan,0,0,0,0,4 91-120,4811.46,0.0,4811.46,580-669
378,378,2,Medical,2026-01-13,95,Northeast,467,Casey,1,0,0,0,4 91-120,16329.11,534.25,15794.86,Below 580
379,379,1,Personal Loan,2026-04-18,210,Midwest,533,Alex,1,1,1,0,5 121+,1672.06,30.7,1641.36,Below 580
380,380,5,Credit Card,2026-01-12,208,West,774,Riley,2,3,0,0,5 121+,17934.88,2508.96,15425.92,670+
381,381,1,Auto,2026-03-24,167,South,576,Alex,2,3,2,0,5 121+,7782.21,314.57,7467.64,Below 580
382,382,3,Auto,2026-02-25,26,Midwest,662,Jordan,4,5,4,0,1 1-30,17742.65,4515.17,13227.48,580-669
383,383,1,Personal Loan,2026-03-23,4,Midwest,637,Alex,4,8,3,0,1 1-30,20722.01,6892.05,13829.96,580-669
384,384,2,Credit Card,2026-02-08,60,Midwest,600,Casey,4,4,1,0,2 31-60,16260.01,3753.0,12507.01,580-669
385,385,5,Personal Loan,2026-02-26,46,West,558,Riley,3,3,2,1,2 31-60,16500.67,3139.12,13361.55,Below 580
386,386,2,Credit Card,2026-05-21,109,Midwest,548,Casey,3,2,0,0,4 91-120,9072.03,1705.17,7366.86,Below 580
387,387,4,Credit Card,2026-02-21,92,South,481,Morgan,3,6,2,0,4 91-120,11902.66,3362.17,8540.49,Below 580
388,388,4,Auto,2026-02-14,78,South,581,Morgan,3,7,3,1,3 61-90,11291.59,2906.5,8385.09,580-669
389,389,1,Credit Card,2026-01-19,98,Northeast,800,Alex,4,5,4,0,4 91-120,17645.79,4470.68,13175.11,670+
390,390,5,Auto,2026-02-07,174,South,518,Riley,1,2,1,0,5 121+,11461.0,676.6,10784.4,Below 580
391,391,6,Credit Card,2026-04-09,132,South,798,Taylor,1,6,4,1,5 121+,17179.35,1118.72,16060.63,670+
392,392,3,Medical,2026-03-30,238,West,561,Jordan,3,1,0,0,5 121+,6485.83,656.61,5829.22,Below 580
393,393,6,Auto,2026-04-17,43,Midwest,471,Taylor,1,2,1,1,2 31-60,12593.86,992.12,11601.74,Below 580
394,394,2,Medical,2026-04-26,51,South,571,Casey,0,2,0,0,2 31-60,24285.56,0.0,24285.56,Below 580
395,395,1,Personal Loan,2026-01-28,21,South,604,Alex,3,3,1,0,1 1-30,7467.83,316.53,7151.3,580-669
396,396,1,Credit Card,2026-01-02,54,South,574,Alex,4,6,3,1,2 31-60,24929.53,7119.4,17810.13,Below 580
397,397,4,Auto,2026-01-26,185,Northeast,782,Morgan,1,1,0,0,5 121+,629.38,12.1,617.28,670+
398,398,4,Auto,2026-03-05,131,South,560,Morgan,3,5,2,0,5 121+,15953.06,2613.52,13339.54,Below 580
399,399,4,Auto,2026-01-21,168,Northeast,447,Morgan,0,6,5,0,5 121+,15110.18,0.0,15110.18,Below 580
400,400,2,Auto,2026-05-21,29,Midwest,777,Casey,3,1,0,0,1 1-30,20079.13,2953.37,17125.76,670+
401,401,3,Auto,2026-01-08,196,South,746,Jordan,2,1,0,0,5 121+,7220.75,1181.7,6039.05,670+
402,402,1,Personal Loan,2026-05-17,223,West,472,Alex,1,5,4,1,5 121+,21134.24,349.04,20785.2,Below 580
403,403,1,Credit Card,2026-03-16,87,Northeast,713,Alex,4,0,0,0,3 61-90,4177.58,685.77,3491.81,670+
404,404,5,Medical,2026-03-21,216,Midwest,660,Riley,3,3,1,0,5 121+,3095.64,629.66,2465.98,580-669
405,405,4,Auto,2026-03-17,37,West,645,Morgan,4,0,0,0,2 31-60,9681.5,3588.53,6092.97,580-669
406,406,5,Credit Card,2026-03-23,70,Midwest,514,Riley,4,5,4,1,3 61-90,13455.84,3610.87,9844.97,Below 580
407,407,3,Medical,2026-05-05,5,Northeast,549,Jordan,4,6,1,0,1 1-30,16933.61,5403.08,11530.53,Below 580
408,408,4,Medical,2026-01-14,147,West,478,Morgan,1,4,1,0,5 121+,13253.78,1168.37,12085.41,Below 580
409,409,4,Medical,2026-02-07,237,Northeast,625,Morgan,0,1,1,1,5 121+,16293.89,0.0,16293.89,580-669
410,410,1,Personal Loan,2026-02-15,151,West,457,Alex,3,1,0,0,5 121+,2700.84,633.48,2067.36,Below 580
411,411,6,Auto,2026-03-19,198,Northeast,497,Taylor,0,7,2,0,5 121+,7734.62,0.0,7734.62,Below 580
412,412,3,Credit Card,2026-05-27,203,South,708,Jordan,4,1,0,0,5 121+,20611.61,2826.81,17784.8,670+
413,413,5,Auto,2026-01-06,16,Midwest,463,Riley,4,2,1,0,1 1-30,17017.02,5495.58,11521.44,Below 580
414,414,1,Medical,2026-03-22,147,South,480,Alex,1,8,3,1,5 121+,5660.89,221.3,5439.59,Below 580
415,415,4,Medical,2026-03-17,147,West,730,Morgan,3,3,0,0,5 121+,22901.87,6338.54,16563.33,670+
416,416,2,Medical,2026-03-18,151,South,817,Casey,2,6,1,1,5 121+,9526.68,1339.23,8187.45,670+
417,417,6,Personal Loan,2026-02-22,162,West,650,Taylor,1,6,0,0,5 121+,3459.41,253.88,3205.53,580-669
418,418,2,Medical,2026-03-27,70,West,572,Casey,0,1,1,1,3 61-90,11961.06,0.0,11961.06,Below 580
419,419,1,Credit Card,2026-02-26,44,West,576,Alex,4,4,1,0,2 31-60,16380.99,5422.99,10958.0,Below 580
420,420,5,Auto,2026-03-30,122,Northeast,732,Riley,4,2,0,0,5 121+,22800.36,4266.41,18533.95,670+
421,421,6,Auto,2026-04-05,180,Northeast,810,Taylor,3,4,2,1,5 121+,10948.49,2754.54,8193.95,670+
422,422,1,Medical,2026-01-24,23,South,740,Alex,1,1,0,0,1 1-30,3833.41,387.03,3446.38,670+
423,423,4,Medical,2026-05-07,122,South,555,Morgan,3,0,0,0,5 121+,948.56,222.01,726.55,Below 580
424,424,6,Auto,2026-02-18,179,Northeast,500,Taylor,4,2,0,0,5 121+,805.77,342.32,463.45,Below 580
425,425,4,Auto,2026-01-14,43,South,508,Morgan,2,8,3,1,2 31-60,18230.25,2096.95,16133.3,Below 580
426,426,1,Auto,2026-01-15,84,Northeast,500,Alex,2,2,0,0,3 61-90,15420.98,961.21,14459.77,Below 580
427,427,5,Medical,2026-02-20,105,Northeast,629,Riley,0,7,1,0,4 91-120,4054.41,0.0,4054.41,580-669
428,428,2,Personal Loan,2026-04-23,191,West,772,Casey,3,0,0,0,5 121+,7287.82,546.2,6741.62,670+
429,429,4,Personal Loan,2026-02-04,230,West,569,Morgan,0,2,1,1,5 121+,17048.45,0.0,17048.45,Below 580
430,430,4,Medical,2026-05-06,83,Northeast,538,Morgan,3,0,0,0,3 61-90,23573.85,5275.17,18298.68,Below 580
431,431,3,Credit Card,2026-02-02,196,Midwest,781,Jordan,1,6,3,0,5 121+,7023.9,78.2,6945.7,670+
432,432,6,Auto,2026-03-09,50,Midwest,779,Taylor,3,2,0,0,2 31-60,10874.79,2091.97,8782.82,670+
433,433,4,Credit Card,2026-02-19,157,West,456,Morgan,1,6,0,0,5 121+,6632.45,129.19,6503.26,Below 580
434,434,2,Personal Loan,2026-03-31,229,South,555,Casey,0,2,1,0,5 121+,18035.3,0.0,18035.3,Below 580
435,435,4,Personal Loan,2026-02-24,232,South,637,Morgan,4,1,1,0,5 121+,12467.06,2952.85,9514.21,580-669
436,436,3,Personal Loan,2026-05-22,189,Northeast,698,Jordan,2,4,2,0,5 121+,5965.51,1200.24,4765.27,670+
437,437,6,Auto,2026-02-18,236,South,751,Taylor,0,1,0,0,5 121+,8591.96,0.0,8591.96,670+
438,438,5,Medical,2026-05-02,11,South,556,Riley,1,8,6,1,1 1-30,8972.45,261.27,8711.18,Below 580
439,439,2,Personal Loan,2026-05-09,178,South,456,Casey,1,0,0,0,5 121+,1417.49,104.91,1312.58,Below 580
440,440,4,Credit Card,2026-02-18,42,Northeast,504,Morgan,3,3,1,0,2 31-60,17172.09,4055.8,13116.29,Below 580
441,441,5,Personal Loan,2026-05-12,77,Midwest,724,Riley,1,4,0,0,3 61-90,19602.57,786.89,18815.68,670+
442,442,3,Credit Card,2026-03-13,164,Midwest,644,Jordan,1,1,1,0,5 121+,6077.22,285.21,5792.01,580-669
443,443,1,Personal Loan,2026-04-05,184,Northeast,659,Alex,1,4,2,1,5 121+,14113.11,1080.44,13032.67,580-669
444,444,6,Credit Card,2026-01-05,184,Midwest,778,Taylor,3,4,1,0,5 121+,23039.71,3616.86,19422.85,670+
445,445,4,Medical,2026-05-03,117,West,559,Morgan,1,2,0,0,4 91-120,4429.68,544.51,3885.17,Below 580
446,446,3,Medical,2026-03-14,226,West,644,Jordan,1,3,1,1,5 121+,1382.78,143.93,1238.85,580-669
447,447,2,Credit Card,2026-01-26,154,Northeast,726,Casey,0,6,2,1,5 121+,22594.69,0.0,22594.69,670+
448,448,6,Personal Loan,2026-01-28,218,Northeast,641,Taylor,0,3,1,0,5 121+,23248.65,0.0,23248.65,580-669
449,449,2,Credit Card,2026-05-03,139,Midwest,729,Casey,2,0,0,0,5 121+,6980.75,1003.76,5976.99,670+
450,450,3,Credit Card,2026-01-27,130,Midwest,433,Jordan,3,6,1,0,5 121+,23343.94,3138.09,20205.85,Below 580
451,451,3,Credit Card,2026-03-27,229,Northeast,537,Jordan,0,2,0,0,5 121+,5463.99,0.0,5463.99,Below 580
452,452,6,Personal Loan,2026-04-19,159,Northeast,811,Taylor,2,5,3,0,5 121+,6800.68,831.95,5968.73,670+
453,453,1,Auto,2026-05-03,186,Midwest,715,Alex,2,2,0,0,5 121+,3323.33,326.51,2996.82,670+
454,454,5,Personal Loan,2026-05-04,35,Northeast,810,Riley,1,8,1,0,2 31-60,17862.08,1014.49,16847.59,670+
455,455,1,Personal Loan,2026-01-01,142,South,660,Alex,3,4,1,1,5 121+,9026.16,756.16,8270.0,580-669
456,456,6,Medical,2026-02-05,96,West,562,Taylor,0,6,1,0,4 91-120,5417.22,0.0,5417.22,Below 580
457,457,2,Medical,2026-05-26,120,South,719,Casey,1,4,0,0,4 91-120,17969.06,1971.11,15997.95,670+
458,458,5,Medical,2026-01-09,2,West,745,Riley,3,4,1,0,1 1-30,7780.48,2061.39,5719.09,670+
459,459,2,Auto,2026-04-13,47,West,466,Casey,4,5,1,0,2 31-60,2848.67,776.95,2071.72,Below 580
460,460,2,Credit Card,2026-01-28,193,West,598,Casey,2,3,1,1,5 121+,3239.68,275.23,2964.45,580-669
461,461,1,Personal Loan,2026-05-04,23,West,590,Alex,2,6,2,1,1 1-30,2415.98,269.08,2146.9,580-669
462,462,1,Auto,2026-05-09,122,Midwest,763,Alex,4,3,1,0,5 121+,6799.28,1727.78,5071.5,670+
463,463,6,Personal Loan,2026-05-09,114,Northeast,502,Taylor,1,5,3,0,4 91-120,22155.22,1787.44,20367.78,Below 580
464,464,6,Auto,2026-02-09,24,Midwest,630,Taylor,0,2,0,0,1 1-30,24277.54,0.0,24277.54,580-669
465,465,2,Personal Loan,2026-04-27,41,West,567,Casey,0,4,1,1,2 31-60,13658.31,0.0,13658.31,Below 580
466,466,1,Auto,2026-04-24,10,West,809,Alex,2,7,4,0,1 1-30,6390.78,931.8,5458.98,670+
467,467,2,Credit Card,2026-05-24,74,Northeast,652,Casey,3,7,3,0,3 61-90,833.15,157.87,675.28,580-669
468,468,6,Auto,2026-05-05,29,Northeast,581,Taylor,2,7,5,1,1 1-30,9418.56,1330.26,8088.3,580-669
469,469,3,Medical,2026-04-19,21,Midwest,585,Jordan,1,6,1,0,1 1-30,11818.25,191.55,11626.7,580-669
470,470,2,Personal Loan,2026-03-18,107,Northeast,815,Casey,3,6,2,1,4 91-120,7401.02,1766.71,5634.31,670+
471,471,2,Auto,2026-03-23,239,West,683,Casey,1,1,0,0,5 121+,1095.03,91.82,1003.21,670+
472,472,4,Medical,2026-05-14,162,Northeast,756,Morgan,3,3,2,0,5 121+,654.21,108.22,545.99,670+
473,473,1,Personal Loan,2026-02-18,208,West,631,Alex,2,1,1,0,5 121+,24694.27,1714.26,22980.01,580-669
474,474,4,Personal Loan,2026-04-27,90,Northeast,516,Morgan,4,8,4,1,3 61-90,17866.67,3634.42,14232.25,Below 580
475,475,1,Personal Loan,2026-05-09,218,Midwest,738,Alex,3,3,2,1,5 121+,24878.7,5522.32,19356.38,670+
476,476,3,Medical,2026-04-12,129,West,740,Jordan,2,3,1,1,5 121+,818.98,114.2,704.78,670+
477,477,6,Personal Loan,2026-04-06,85,West,809,Taylor,1,8,1,0,3 61-90,22266.89,2264.54,20002.35,670+
478,478,1,Auto,2026-02-02,215,Northeast,524,Alex,2,1,0,0,5 121+,21650.07,1922.19,19727.88,Below 580
479,479,5,Credit Card,2026-02-09,146,Midwest,701,Riley,3,3,2,0,5 121+,1666.78,248.08,1418.7,670+
480,480,1,Medical,2026-01-14,160,South,567,Alex,0,1,0,0,5 121+,12032.86,0.0,12032.86,Below 580
481,481,2,Personal Loan,2026-02-01,67,West,777,Casey,1,7,3,1,3 61-90,4991.12,70.8,4920.32,670+
482,482,2,Personal Loan,2026-04-26,2,West,482,Casey,1,1,1,1,1 1-30,7257.17,874.63,6382.54,Below 580
483,483,1,Medical,2026-05-04,133,Northeast,742,Alex,2,0,0,0,5 121+,23421.14,812.45,22608.69,670+
484,484,2,Medical,2026-05-13,221,South,783,Casey,2,2,1,1,5 121+,21964.12,776.47,21187.65,670+
485,485,4,Medical,2026-03-10,23,South,579,Morgan,2,7,3,1,1 1-30,11978.4,2237.25,9741.15,Below 580
486,486,2,Auto,2026-03-21,110,Northeast,702,Casey,3,6,2,1,4 91-120,7447.99,1757.94,5690.05,670+
487,487,3,Auto,2026-03-17,7,West,467,Jordan,0,2,0,0,1 1-30,22750.7,0.0,22750.7,Below 580
488,488,2,Personal Loan,2026-03-04,95,South,478,Casey,1,0,0,0,4 91-120,3546.75,216.07,3330.68,Below 580
489,489,6,Personal Loan,2026-03-23,54,West,480,Taylor,3,4,1,0,2 31-60,957.22,171.93,785.29,Below 580
490,490,3,Personal Loan,2026-04-18,50,South,675,Jordan,1,7,2,1,2 31-60,18753.84,140.18,18613.66,670+
491,491,2,Auto,2026-04-29,9,Midwest,680,Casey,4,6,2,0,1 1-30,12427.16,3581.72,8845.44,670+
492,492,6,Credit Card,2026-04-27,215,Midwest,632,Taylor,2,0,0,0,5 121+,21192.03,1733.15,19458.88,580-669
493,493,3,Auto,2026-02-05,57,West,661,Jordan,1,5,2,1,2 31-60,4909.71,67.68,4842.03,580-669
494,494,6,Medical,2026-04-08,236,South,653,Taylor,1,2,2,0,5 121+,11820.93,1217.68,10603.25,580-669
495,495,6,Credit Card,2026-04-16,133,South,616,Taylor,4,3,1,0,5 121+,19239.3,4684.21,14555.09,580-669
496,496,6,Credit Card,2026-03-04,19,South,726,Taylor,3,6,3,1,1 1-30,9135.7,409.48,8726.22,670+
497,497,1,Medical,2026-02-09,56,South,455,Alex,2,6,2,1,2 31-60,21660.74,4733.55,16927.19,Below 580
498,498,3,Credit Card,2026-04-28,121,Midwest,815,Jordan,4,3,0,0,5 121+,8344.59,2167.21,6177.38,670+
499,499,1,Auto,2026-04-05,187,West,594,Alex,3,4,2,0,5 121+,4602.56,397.0,4205.56,580-669
500,500,5,Personal Loan,2026-01-14,61,Midwest,421,Riley,0,8,3,0,3 61-90,1996.86,0.0,1996.86,Below 580
501,501,2,Auto,2026-01-01,189,Midwest,791,Casey,2,1,0,0,5 121+,4452.81,582.4,3870.41,670+
502,502,1,Auto,2026-04-27,109,Midwest,720,Alex,2,2,0,0,4 91-120,6448.93,393.1,6055.83,670+
503,503,4,Credit Card,2026-05-06,11,West,496,Morgan,0,4,1,0,1 1-30,10881.33,0.0,10881.33,Below 580
504,504,4,Personal Loan,2026-03-27,139,West,695,Morgan,2,7,6,1,5 121+,19484.1,2423.71,17060.39,670+
505,505,3,Auto,2026-02-26,7,West,596,Jordan,1,6,3,1,1 1-30,6440.52,767.05,5673.47,580-669
506,506,2,Personal Loan,2026-04-26,233,Midwest,702,Casey,2,4,1,0,5 121+,22600.07,3944.23,18655.84,670+
507,507,1,Credit Card,2026-03-30,127,West,653,Alex,1,2,1,1,5 121+,12596.73,1232.42,11364.31,580-669
508,508,4,Personal Loan,2026-02-11,16,Midwest,516,Morgan,2,4,1,0,1 1-30,13235.81,168.22,13067.59,Below 580
509,509,3,Medical,2026-02-05,22,South,712,Jordan,2,4,1,0,1 1-30,15189.21,1526.52,13662.69,670+
510,510,2,Auto,2026-03-19,173,West,539,Casey,2,2,0,0,5 121+,13533.2,2058.62,11474.58,Below 580
511,511,6,Auto,2026-03-18,139,West,442,Taylor,1,6,3,1,5 121+,24267.65,1981.14,22286.51,Below 580
512,512,5,Credit Card,2026-04-29,196,Midwest,801,Riley,3,3,1,0,5 121+,1660.68,204.11,1456.57,670+
513,513,4,Medical,2026-03-17,103,West,781,Morgan,0,7,2,0,4 91-120,2745.46,0.0,2745.46,670+
514,514,1,Credit Card,2026-03-26,179,West,617,Alex,1,8,5,1,5 121+,3052.85,348.33,2704.52,580-669
515,515,5,Credit Card,2026-02-09,63,South,673,Riley,1,0,0,0,3 61-90,5576.55,145.79,5430.76,670+
516,516,4,Credit Card,2026-05-10,237,Northeast,484,Morgan,0,4,2,0,5 121+,19114.98,0.0,19114.98,Below 580
517,517,2,Credit Card,2026-02-01,47,Midwest,471,Casey,1,2,1,0,2 31-60,18634.22,2155.77,16478.45,Below 580
518,518,3,Credit Card,2026-05-03,150,West,471,Jordan,3,1,0,0,5 121+,12664.99,2725.72,9939.27,Below 580
519,519,1,Personal Loan,2026-04-19,117,West,427,Alex,0,6,3,1,4 91-120,6714.55,0.0,6714.55,Below 580
520,520,5,Medical,2026-02-10,89,South,629,Riley,4,7,4,1,3 61-90,15505.02,3870.36,11634.66,580-669
521,521,2,Personal Loan,2026-05-15,150,South,458,Casey,4,1,0,0,5 121+,11372.72,2546.01,8826.71,Below 580
522,522,2,Medical,2026-05-02,26,West,820,Casey,1,6,2,0,1 1-30,14075.25,1016.85,13058.4,670+
523,523,1,Auto,2026-02-14,96,Midwest,593,Alex,1,3,0,0,4 91-120,13970.39,1680.89,12289.5,580-669
524,524,1,Credit Card,2026-05-16,161,West,752,Alex,0,3,1,0,5 121+,8565.47,0.0,8565.47,670+
525,525,2,Auto,2026-01-19,48,Northeast,588,Casey,1,8,2,0,2 31-60,14790.46,1505.19,13285.27,580-669
526,526,1,Medical,2026-05-19,210,West,582,Alex,2,2,0,0,5 121+,14379.78,1617.2,12762.58,580-669
527,527,3,Auto,2026-05-13,158,West,697,Jordan,0,8,2,0,5 121+,21473.49,0.0,21473.49,670+
528,528,4,Credit Card,2026-01-16,206,Northeast,736,Morgan,4,1,0,0,5 121+,10382.5,3845.22,6537.28,670+
529,529,6,Credit Card,2026-02-03,26,Northeast,540,Taylor,0,7,2,0,1 1-30,11845.94,0.0,11845.94,Below 580
530,530,4,Credit Card,2026-01-05,99,Midwest,536,Morgan,3,7,1,0,4 91-120,23673.36,3646.74,20026.62,Below 580
531,531,1,Credit Card,2026-01-04,14,Northeast,642,Alex,1,4,3,1,1 1-30,10982.5,1159.64,9822.86,580-669
532,532,6,Credit Card,2026-05-03,19,Northeast,809,Taylor,2,3,3,0,1 1-30,5632.83,757.69,4875.14,670+
533,533,3,Personal Loan,2026-03-04,178,Northeast,647,Jordan,4,1,1,1,5 121+,22597.44,7665.67,14931.77,580-669
534,534,3,Medical,2026-05-14,31,South,775,Jordan,2,7,2,0,2 31-60,10169.37,1017.16,9152.21,670+
535,535,1,Medical,2026-04-09,52,Midwest,434,Alex,3,0,0,0,2 31-60,19123.53,3640.55,15482.98,Below 580
536,536,1,Personal Loan,2026-05-19,236,Northeast,586,Alex,2,6,4,0,5 121+,15087.97,1640.84,13447.13,580-669
537,537,2,Auto,2026-05-13,119,Northeast,570,Casey,1,4,2,1,4 91-120,11409.41,355.69,11053.72,Below 580
538,538,3,Personal Loan,2026-03-12,200,Midwest,611,Jordan,4,2,0,0,5 121+,15670.58,3302.43,12368.15,580-669
539,539,4,Medical,2026-01-10,104,West,494,Morgan,0,1,1,0,4 91-120,15545.96,0.0,15545.96,Below 580
540,540,1,Auto,2026-05-22,46,South,691,Alex,2,3,1,0,2 31-60,13671.22,2041.31,11629.91,670+
541,541,6,Auto,2026-01-10,148,West,709,Taylor,2,0,0,0,5 121+,8228.23,1015.24,7212.99,670+
542,542,1,Personal Loan,2026-03-08,138,South,507,Alex,0,3,0,0,5 121+,11298.02,0.0,11298.02,Below 580
543,543,5,Personal Loan,2026-02-22,212,South,460,Riley,3,5,3,1,5 121+,14164.58,1023.96,13140.62,Below 580
544,544,5,Medical,2026-01-07,206,West,737,Riley,2,5,1,1,5 121+,4955.69,868.2,4087.49,670+
545,545,5,Auto,2026-02-27,137,South,674,Riley,0,8,2,0,5 121+,24214.69,0.0,24214.69,670+
546,546,6,Medical,2026-03-22,113,South,538,Taylor,3,7,4,1,4 91-120,5340.93,1065.86,4275.07,Below 580
547,547,3,Personal Loan,2026-03-08,30,West,746,Jordan,0,6,2,0,1 1-30,12532.83,0.0,12532.83,670+
548,548,6,Auto,2026-03-09,190,Midwest,655,Taylor,0,2,0,0,5 121+,23760.71,0.0,23760.71,580-669
549,549,2,Auto,2026-02-12,231,Midwest,761,Casey,3,5,3,1,5 121+,3562.45,718.16,2844.29,670+
550,550,4,Medical,2026-04-22,187,Northeast,658,Morgan,1,1,1,0,5 121+,12633.74,1555.49,11078.25,580-669
551,551,4,Personal Loan,2026-04-05,112,Midwest,766,Morgan,1,4,0,0,4 91-120,19522.3,1343.44,18178.86,670+
552,552,3,Auto,2026-04-20,81,South,457,Jordan,1,3,0,0,3 61-90,12464.55,385.38,12079.17,Below 580
553,553,4,Auto,2026-03-15,57,West,596,Morgan,1,1,1,0,2 31-60,11986.03,766.22,11219.81,580-669
554,554,2,Medical,2026-02-06,7,Midwest,747,Casey,4,5,2,0,1 1-30,4525.52,968.51,3557.01,670+
555,555,4,Auto,2026-01-31,67,West,773,Morgan,0,2,2,1,3 61-90,19139.69,0.0,19139.69,670+
556,556,6,Credit Card,2026-01-21,83,Midwest,653,Taylor,1,4,4,0,3 61-90,9829.88,674.61,9155.27,580-669
557,557,1,Personal Loan,2026-01-10,48,Midwest,521,Alex,4,6,4,1,2 31-60,18677.17,4155.55,14521.62,Below 580
558,558,4,Credit Card,2026-02-24,125,West,667,Morgan,4,6,3,0,5 121+,634.12,207.75,426.37,580-669
559,559,5,Personal Loan,2026-05-06,139,Northeast,541,Riley,3,4,2,1,5 121+,16950.48,3357.4,13593.08,Below 580
560,560,6,Auto,2026-01-30,180,West,712,Taylor,1,6,0,0,5 121+,15078.5,1278.09,13800.41,670+
561,561,3,Auto,2026-03-08,186,Midwest,714,Jordan,1,0,0,0,5 121+,2791.48,232.71,2558.77,670+
562,562,4,Medical,2026-03-20,146,Midwest,778,Morgan,1,1,1,0,5 121+,19275.22,1415.12,17860.1,670+
563,563,1,Credit Card,2026-02-03,205,Midwest,431,Alex,3,8,3,1,5 121+,23139.48,2685.07,20454.41,Below 580
564,564,1,Auto,2026-01-06,202,West,560,Alex,3,3,2,0,5 121+,22585.33,1863.0,20722.33,Below 580
565,565,1,Credit Card,2026-02-03,18,Northeast,709,Alex,4,4,1,1,1 1-30,11824.56,2590.88,9233.68,670+
566,566,4,Personal Loan,2026-05-28,109,Northeast,730,Morgan,0,3,0,0,4 91-120,20271.96,0.0,20271.96,670+
567,567,6,Auto,2026-01-05,95,West,566,Taylor,4,5,1,0,4 91-120,21347.15,3129.99,18217.16,Below 580
568,568,1,Medical,2026-05-06,103,South,730,Alex,4,5,2,0,4 91-120,10984.46,4263.71,6720.75,670+
569,569,4,Personal Loan,2026-05-06,166,Midwest,532,Morgan,1,7,3,1,5 121+,23383.65,1697.35,21686.3,Below 580
570,570,1,Credit Card,2026-02-20,226,South,737,Alex,3,6,2,1,5 121+,18854.32,3336.18,15518.14,670+
571,571,5,Personal Loan,2026-04-06,120,Midwest,767,Riley,3,0,0,0,4 91-120,22284.36,4593.05,17691.31,670+
572,572,2,Medical,2026-03-23,120,South,741,Casey,0,0,0,0,4 91-120,17961.01,0.0,17961.01,670+
573,573,2,Credit Card,2026-03-21,137,Northeast,741,Casey,3,2,1,0,5 121+,8371.63,1158.3,7213.33,670+
574,574,2,Personal Loan,2026-03-30,72,Northeast,578,Casey,3,4,0,0,3 61-90,1092.63,311.58,781.05,Below 580
575,575,1,Medical,2026-03-09,204,West,437,Alex,4,3,1,0,5 121+,24141.6,6864.59,17277.01,Below 580
576,576,1,Credit Card,2026-01-01,35,Midwest,794,Alex,4,3,1,0,2 31-60,14061.77,5104.59,8957.18,670+
577,577,5,Credit Card,2026-05-14,226,South,466,Riley,4,7,3,0,5 121+,13794.76,4105.94,9688.82,Below 580
578,578,4,Personal Loan,2026-05-24,45,Midwest,587,Morgan,0,3,0,0,2 31-60,8510.45,0.0,8510.45,580-669
579,579,5,Credit Card,2026-04-05,155,West,509,Riley,2,7,3,1,5 121+,11143.47,828.65,10314.82,Below 580
580,580,1,Personal Loan,2026-05-20,7,South,487,Alex,4,1,0,0,1 1-30,4857.34,1713.53,3143.81,Below 580
581,581,1,Personal Loan,2026-01-16,218,Midwest,691,Alex,1,5,3,1,5 121+,13680.03,1619.57,12060.46,670+
582,582,2,Medical,2026-01-16,186,Midwest,504,Casey,2,4,1,0,5 121+,3224.4,365.6,2858.8,Below 580
583,583,1,Personal Loan,2026-05-24,119,Midwest,666,Alex,4,1,0,0,4 91-120,15208.78,3818.02,11390.76,580-669
584,584,1,Medical,2026-01-06,163,Midwest,802,Alex,2,3,1,0,5 121+,7602.45,946.77,6655.68,670+
585,585,4,Medical,2026-05-25,213,Midwest,478,Morgan,1,2,0,0,5 121+,13734.74,725.12,13009.62,Below 580
586,586,5,Personal Loan,2026-05-06,89,West,458,Riley,4,2,0,0,3 61-90,15396.2,4853.98,10542.22,Below 580
587,587,3,Personal Loan,2026-03-15,23,South,806,Jordan,4,8,3,1,1 1-30,9200.95,2046.37,7154.58,670+
588,588,3,Credit Card,2026-05-02,47,South,766,Jordan,2,2,1,0,2 31-60,14538.85,2046.67,12492.18,670+
589,589,6,Auto,2026-05-28,121,West,705,Taylor,1,5,3,0,5 121+,18743.9,672.1,18071.8,670+
590,590,5,Credit Card,2026-05-28,41,Midwest,466,Riley,4,0,0,0,2 31-60,17308.67,2901.51,14407.16,Below 580
591,591,2,Personal Loan,2026-01-24,117,West,427,Casey,3,4,1,0,4 91-120,13471.87,990.99,12480.88,Below 580
592,592,1,Auto,2026-05-23,40,Midwest,694,Alex,2,3,2,0,2 31-60,16197.51,1723.25,14474.26,670+
593,593,4,Personal Loan,2026-03-23,229,Northeast,652,Morgan,2,1,0,0,5 121+,6100.49,1092.74,5007.75,580-669
594,594,5,Medical,2026-01-07,196,Midwest,764,Riley,1,5,2,1,5 121+,9798.52,493.82,9304.7,670+
595,595,4,Credit Card,2026-02-24,86,Midwest,719,Morgan,3,7,4,0,3 61-90,13164.19,1712.2,11451.99,670+
596,596,2,Personal Loan,2026-04-14,32,West,746,Casey,4,6,4,1,2 31-60,1012.73,344.51,668.22,670+
597,597,4,Auto,2026-01-29,222,Midwest,475,Morgan,0,2,0,0,5 121+,8001.07,0.0,8001.07,Below 580
598,598,4,Credit Card,2026-05-12,118,South,661,Morgan,2,7,1,0,4 91-120,19583.63,2399.57,17184.06,580-669
599,599,6,Credit Card,2026-03-25,152,Northeast,737,Taylor,0,5,1,0,5 121+,12985.74,0.0,12985.74,670+
600,600,3,Auto,2026-04-21,176,Midwest,732,Jordan,4,0,0,0,5 121+,12021.59,3134.32,8887.27,670+
601,601,4,Credit Card,2026-02-07,86,South,751,Morgan,2,4,3,1,3 61-90,4741.39,311.56,4429.83,670+
602,602,6,Credit Card,2026-05-19,95,Northeast,745,Taylor,4,0,0,0,4 91-120,10723.71,4226.78,6496.93,670+
603,603,6,Personal Loan,2026-04-13,69,West,778,Taylor,0,6,2,0,3 61-90,8102.61,0.0,8102.61,670+
604,604,1,Personal Loan,2026-03-25,186,Midwest,752,Alex,4,6,2,1,5 121+,9771.83,3157.42,6614.41,670+
605,605,4,Credit Card,2026-04-10,169,West,479,Morgan,4,5,0,0,5 121+,11224.52,2970.75,8253.77,Below 580
606,606,1,Personal Loan,2026-04-21,142,South,443,Alex,3,1,0,0,5 121+,17922.84,3046.58,14876.26,Below 580
607,607,3,Medical,2026-01-29,221,Northeast,575,Jordan,1,6,3,1,5 121+,24438.78,2113.0,22325.78,Below 580
608,608,4,Personal Loan,2026-04-14,211,West,479,Morgan,3,5,3,1,5 121+,21254.8,2967.88,18286.92,Below 580
609,609,1,Auto,2026-02-05,5,Northeast,540,Alex,2,5,2,0,1 1-30,21612.5,3804.58,17807.92,Below 580
610,610,2,Personal Loan,2026-02-21,16,South,618,Casey,0,3,2,1,1 1-30,14036.03,0.0,14036.03,580-669
611,611,5,Personal Loan,2026-05-09,223,West,609,Riley,1,1,1,0,5 121+,5162.27,170.47,4991.8,580-669
612,612,4,Auto,2026-04-15,18,West,720,Morgan,3,7,3,0,1 1-30,22300.62,2151.95,20148.67,670+
613,613,6,Medical,2026-05-29,93,South,632,Taylor,3,3,1,0,4 91-120,5188.54,1074.65,4113.89,580-669
614,614,3,Auto,2026-03-08,84,Northeast,670,Jordan,3,2,0,0,3 61-90,14863.09,4911.68,9951.41,670+
615,615,3,Personal Loan,2026-04-05,78,West,563,Jordan,1,4,2,0,3 61-90,24136.55,2986.06,21150.49,Below 580
616,616,1,Medical,2026-03-07,149,Northeast,773,Alex,2,5,2,1,5 121+,10059.57,230.27,9829.3,670+
617,617,5,Personal Loan,2026-05-09,96,Midwest,531,Riley,3,6,3,0,4 91-120,13682.53,3566.31,10116.22,Below 580
618,618,4,Credit Card,2026-04-02,215,West,647,Morgan,4,8,5,0,5 121+,21420.77,3833.79,17586.98,580-669
619,619,2,Credit Card,2026-02-28,155,South,605,Casey,2,3,2,1,5 121+,19628.79,1706.46,17922.33,580-669
620,620,2,Medical,2026-01-16,149,Northeast,771,Casey,4,1,0,0,5 121+,9212.91,2236.52,6976.39,670+
621,621,4,Medical,2026-04-24,25,Midwest,698,Morgan,4,1,1,0,1 1-30,3997.47,1396.15,2601.32,670+
622,622,1,Personal Loan,2026-02-19,193,Midwest,451,Alex,3,7,1,0,5 121+,19636.69,3759.24,15877.45,Below 580
623,623,4,Medical,2026-05-11,45,West,561,Morgan,0,6,1,0,2 31-60,20234.46,0.0,20234.46,Below 580
624,624,5,Auto,2026-03-20,26,South,482,Riley,2,2,0,0,1 1-30,13922.43,3114.69,10807.74,Below 580
625,625,5,Medical,2026-02-13,83,West,466,Riley,4,2,1,0,3 61-90,7124.61,1756.53,5368.08,Below 580
626,626,3,Auto,2026-03-22,144,South,748,Jordan,3,6,4,1,5 121+,19362.11,3103.49,16258.62,670+
627,627,4,Auto,2026-01-07,83,Northeast,445,Morgan,4,1,0,0,3 61-90,13999.19,4108.08,9891.11,Below 580
628,628,1,Auto,2026-05-03,176,Midwest,544,Alex,3,1,1,0,5 121+,20207.84,3258.47,16949.37,Below 580
629,629,3,Auto,2026-03-12,236,South,709,Jordan,2,1,1,1,5 121+,23060.98,1306.15,21754.83,670+
630,630,2,Personal Loan,2026-04-16,146,South,455,Casey,1,7,5,1,5 121+,6865.8,746.41,6119.39,Below 580
631,631,6,Medical,2026-04-03,47,South,720,Taylor,2,5,2,0,2 31-60,19199.9,2455.64,16744.26,670+
632,632,1,Personal Loan,2026-01-13,4,South,539,Alex,4,1,0,0,1 1-30,22662.59,9305.1,13357.49,Below 580
633,633,5,Medical,2026-05-23,204,Midwest,816,Riley,4,6,3,0,5 121+,5211.66,1863.31,3348.35,670+
634,634,3,Credit Card,2026-04-13,159,South,725,Jordan,3,4,2,1,5 121+,24606.25,3549.28,21056.97,670+
635,635,2,Medical,2026-05-28,52,Northeast,561,Casey,2,2,2,1,2 31-60,6900.7,292.37,6608.33,Below 580
636,636,2,Personal Loan,2026-02-28,41,South,486,Casey,3,2,1,0,2 31-60,9258.01,1135.78,8122.23,Below 580
637,637,4,Medical,2026-04-07,97,Midwest,509,Morgan,0,7,4,1,4 91-120,1566.35,0.0,1566.35,Below 580
638,638,6,Personal Loan,2026-05-06,106,Northeast,758,Taylor,1,8,4,1,4 91-120,15531.98,561.36,14970.62,670+
639,639,6,Credit Card,2026-03-18,166,Northeast,487,Taylor,3,5,1,0,5 121+,10120.0,2155.21,7964.79,Below 580
640,640,6,Personal Loan,2026-01-16,95,Northeast,603,Taylor,4,5,3,1,4 91-120,9300.72,1560.59,7740.13,580-669
641,641,3,Credit Card,2026-01-08,227,South,721,Jordan,3,8,2,0,5 121+,1583.39,351.56,1231.83,670+
642,642,4,Auto,2026-01-01,230,Midwest,428,Morgan,2,1,0,0,5 121+,13562.35,1771.6,11790.75,Below 580
643,643,2,Medical,2026-05-27,131,South,555,Casey,1,3,1,0,5 121+,8732.87,1065.71,7667.16,Below 580
644,644,6,Personal Loan,2026-03-06,84,Northeast,484,Taylor,3,4,2,1,3 61-90,8243.8,2343.98,5899.82,Below 580
645,645,6,Credit Card,2026-01-09,203,West,689,Taylor,1,2,0,0,5 121+,16649.32,487.55,16161.77,670+
646,646,5,Auto,2026-03-24,123,Northeast,801,Riley,2,7,3,0,5 121+,991.25,145.32,845.93,670+
647,647,6,Personal Loan,2026-04-27,195,Northeast,663,Taylor,4,1,1,1,5 121+,4547.64,1360.31,3187.33,580-669
648,648,5,Personal Loan,2026-01-29,32,West,818,Riley,2,1,0,0,2 31-60,5544.81,994.11,4550.7,670+
649,649,2,Medical,2026-05-11,198,Midwest,682,Casey,0,3,2,0,5 121+,8673.77,0.0,8673.77,670+
650,650,1,Personal Loan,2026-05-16,138,Northeast,651,Alex,1,5,1,0,5 121+,22521.99,2793.28,19728.71,580-669
651,651,1,Auto,2026-02-21,75,South,734,Alex,3,4,0,0,3 61-90,12177.83,3490.85,8686.98,670+
652,652,2,Auto,2026-05-04,201,Northeast,792,Casey,1,6,1,1,5 121+,7221.49,856.83,6364.66,670+
653,653,4,Medical,2026-02-08,172,Midwest,654,Morgan,2,8,1,0,5 121+,9133.18,1031.02,8102.16,580-669
654,654,5,Medical,2026-04-30,224,Northeast,451,Riley,3,5,3,1,5 121+,18363.98,2877.24,15486.74,Below 580
655,655,3,Personal Loan,2026-03-13,107,West,625,Jordan,2,7,1,0,4 91-120,12070.64,988.84,11081.8,580-669
656,656,5,Credit Card,2026-04-08,151,West,771,Riley,0,1,1,1,5 121+,2265.85,0.0,2265.85,670+
657,657,5,Auto,2026-03-03,208,Northeast,671,Riley,3,7,3,0,5 121+,15628.88,3713.75,11915.13,670+
658,658,3,Auto,2026-03-26,205,West,457,Jordan,0,7,2,1,5 121+,4644.14,0.0,4644.14,Below 580
659,659,6,Auto,2026-05-21,192,Northeast,584,Taylor,2,5,2,0,5 121+,14000.67,703.99,13296.68,580-669
660,660,2,Personal Loan,2026-02-17,219,South,453,Casey,3,2,0,0,5 121+,16551.44,4075.22,12476.22,Below 580
661,661,3,Medical,2026-05-10,101,South,560,Jordan,4,5,3,1,4 91-120,24008.45,3813.29,20195.16,Below 580
662,662,3,Medical,2026-05-26,113,Midwest,615,Jordan,0,3,1,0,4 91-120,3948.2,0.0,3948.2,580-669
663,663,2,Auto,2026-02-26,165,Midwest,652,Casey,1,4,2,1,5 121+,10790.79,391.09,10399.7,580-669
664,664,4,Medical,2026-05-26,217,West,470,Morgan,4,4,0,0,5 121+,8563.09,3528.71,5034.38,Below 580
665,665,5,Medical,2026-03-05,24,Northeast,755,Riley,4,8,2,1,1 1-30,23076.9,7198.55,15878.35,670+
666,666,1,Personal Loan,2026-05-03,16,South,640,Alex,2,7,3,1,1 1-30,6702.54,802.92,5899.62,580-669
667,667,5,Personal Loan,2026-04-15,220,West,536,Riley,0,0,0,0,5 121+,6549.57,0.0,6549.57,Below 580
668,668,1,Credit Card,2026-04-02,135,West,593,Alex,3,0,0,0,5 121+,5519.88,802.45,4717.43,580-669
669,669,3,Credit Card,2026-05-07,24,West,624,Jordan,3,5,1,0,1 1-30,5512.19,1693.85,3818.34,580-669
670,670,6,Credit Card,2026-02-28,86,West,793,Taylor,3,8,2,0,3 61-90,15230.42,2541.21,12689.21,670+
671,671,5,Medical,2026-05-08,88,Northeast,580,Riley,0,2,1,0,3 61-90,8124.68,0.0,8124.68,580-669
672,672,2,Auto,2026-02-15,7,West,580,Casey,4,2,1,1,1 1-30,21778.9,3388.25,18390.65,580-669
673,673,6,Auto,2026-03-28,200,Midwest,611,Taylor,3,5,2,1,5 121+,19570.11,2675.5,16894.61,580-669
674,674,1,Personal Loan,2026-01-26,233,South,771,Alex,4,4,0,0,5 121+,22303.82,7856.2,14447.62,670+
675,675,4,Personal Loan,2026-04-10,197,West,454,Morgan,0,8,3,1,5 121+,13330.27,0.0,13330.27,Below 580
676,676,6,Medical,2026-01-14,130,Northeast,463,Taylor,2,7,3,1,5 121+,18695.06,2367.83,16327.23,Below 580
677,677,6,Personal Loan,2026-01-02,45,Northeast,641,Taylor,3,3,2,0,2 31-60,10582.57,2091.12,8491.45,580-669
678,678,6,Credit Card,2026-03-11,106,Northeast,801,Taylor,3,4,2,0,4 91-120,17663.23,3558.06,14105.17,670+
679,679,6,Credit Card,2026-02-27,29,Midwest,486,Taylor,1,2,1,0,1 1-30,3458.0,330.16,3127.84,Below 580
680,680,5,Personal Loan,2026-04-12,72,Northeast,720,Riley,4,3,0,0,3 61-90,12445.66,3022.6,9423.06,670+
681,681,2,Credit Card,2026-01-10,195,Midwest,763,Casey,0,3,2,0,5 121+,16776.57,0.0,16776.57,670+
682,682,2,Medical,2026-01-11,185,Northeast,630,Casey,2,5,1,1,5 121+,21623.32,323.91,21299.41,580-669
683,683,6,Medical,2026-02-27,85,Midwest,760,Taylor,3,8,2,1,3 61-90,8215.97,962.72,7253.25,670+
684,684,1,Auto,2026-01-27,0,West,789,Alex,4,8,2,1,0 Current,10300.49,2279.9,8020.59,670+
685,685,2,Personal Loan,2026-04-03,163,Northeast,567,Casey,1,2,2,0,5 121+,9888.52,519.15,9369.37,Below 580
686,686,4,Auto,2026-02-06,181,Midwest,600,Morgan,4,7,2,1,5 121+,2284.88,361.51,1923.37,580-669
687,687,5,Auto,2026-04-04,95,Northeast,715,Riley,2,1,1,0,4 91-120,19935.39,950.2,18985.19,670+
688,688,1,Medical,2026-03-18,55,South,499,Alex,2,8,1,0,2 31-60,17785.47,3195.46,14590.01,Below 580
689,689,4,Medical,2026-04-16,222,West,534,Morgan,1,8,4,1,5 121+,13774.58,1285.81,12488.77,Below 580
690,690,5,Auto,2026-04-03,121,Northeast,599,Riley,2,8,4,1,5 121+,13733.03,1274.24,12458.79,580-669
691,691,1,Credit Card,2026-02-07,34,Midwest,478,Alex,3,5,3,1,2 31-60,19160.62,4530.56,14630.06,Below 580
692,692,2,Personal Loan,2026-01-18,173,Midwest,713,Casey,3,4,0,0,5 121+,7933.79,1933.95,5999.84,670+
693,693,5,Personal Loan,2026-03-06,133,South,639,Riley,0,7,4,1,5 121+,8554.03,0.0,8554.03,580-669
694,694,5,Credit Card,2026-01-21,33,Northeast,731,Riley,4,6,3,0,2 31-60,14463.62,2348.64,12114.98,670+
695,695,5,Medical,2026-03-30,125,Midwest,434,Riley,2,1,1,1,5 121+,11471.79,1898.37,9573.42,Below 580
696,696,1,Medical,2026-05-11,206,South,559,Alex,0,3,1,0,5 121+,5261.59,0.0,5261.59,Below 580
697,697,6,Credit Card,2026-01-20,188,Midwest,593,Taylor,2,7,4,1,5 121+,904.55,146.75,757.8,580-669
698,698,3,Medical,2026-01-21,121,Midwest,423,Jordan,1,2,1,0,5 121+,16727.8,1866.6,14861.2,Below 580
699,699,2,Credit Card,2026-01-16,20,South,493,Casey,1,2,1,0,1 1-30,19060.48,528.31,18532.17,Below 580
700,700,2,Personal Loan,2026-01-20,193,West,455,Casey,1,4,1,0,5 121+,8393.61,222.89,8170.72,Below 580
701,701,2,Credit Card,2026-03-06,15,South,799,Casey,0,7,4,1,1 1-30,12304.83,0.0,12304.83,670+
702,702,5,Personal Loan,2026-04-03,186,Northeast,466,Riley,2,7,1,0,5 121+,3263.15,630.28,2632.87,Below 580
703,703,2,Medical,2026-04-29,188,South,612,Casey,3,5,2,1,5 121+,19465.65,1559.62,17906.03,580-669
704,704,1,Credit Card,2026-02-17,100,West,652,Alex,3,6,1,0,4 91-120,9601.37,697.0,8904.37,580-669
705,705,3,Auto,2026-01-28,155,Midwest,500,Jordan,2,3,2,0,5 121+,3306.24,452.68,2853.56,Below 580
706,706,5,Medical,2026-04-20,135,Midwest,579,Riley,2,7,4,1,5 121+,5610.64,635.02,4975.62,Below 580
707,707,2,Personal Loan,2026-03-26,200,Midwest,817,Casey,4,7,2,0,5 121+,8652.79,2068.15,6584.64,670+
708,708,6,Medical,2026-02-19,93,Northeast,446,Taylor,0,7,4,1,4 91-120,12085.1,0.0,12085.1,Below 580
709,709,6,Credit Card,2026-01-31,188,South,500,Taylor,1,4,2,0,5 121+,12899.18,1382.32,11516.86,Below 580
710,710,6,Auto,2026-01-07,20,Northeast,765,Taylor,2,6,2,1,1 1-30,1708.85,318.71,1390.14,670+
711,711,1,Credit Card,2026-03-24,222,Northeast,559,Alex,2,5,1,0,5 121+,1211.19,170.95,1040.24,Below 580
712,712,5,Credit Card,2026-03-14,226,West,758,Riley,4,1,0,0,5 121+,14090.13,1066.32,13023.81,670+
713,713,3,Personal Loan,2026-03-02,86,West,668,Jordan,0,6,2,0,3 61-90,4352.86,0.0,4352.86,580-669
714,714,2,Credit Card,2026-02-23,195,West,632,Casey,2,0,0,0,5 121+,19311.37,764.24,18547.13,580-669
715,715,1,Credit Card,2026-02-27,56,Midwest,530,Alex,1,2,1,0,2 31-60,20577.84,2500.27,18077.57,Below 580
716,716,5,Personal Loan,2026-04-12,126,Northeast,596,Riley,0,6,0,0,5 121+,1307.64,0.0,1307.64,580-669
717,717,2,Medical,2026-02-12,137,West,476,Casey,0,4,1,0,5 121+,17158.99,0.0,17158.99,Below 580
718,718,4,Credit Card,2026-03-25,166,Midwest,767,Morgan,2,8,4,0,5 121+,11419.52,2371.93,9047.59,670+
719,719,1,Medical,2026-04-03,145,West,689,Alex,2,0,0,0,5 121+,19952.33,650.76,19301.57,670+
720,720,3,Medical,2026-02-25,127,Midwest,443,Jordan,3,2,0,0,5 121+,8088.29,2085.98,6002.31,Below 580
721,721,5,Credit Card,2026-03-05,226,South,622,Riley,0,0,0,0,5 121+,3757.88,0.0,3757.88,580-669
722,722,3,Credit Card,2026-01-13,77,Northeast,423,Jordan,3,3,1,0,3 61-90,970.26,127.39,842.87,Below 580
723,723,3,Credit Card,2026-04-17,230,South,574,Jordan,0,4,1,0,5 121+,1439.29,0.0,1439.29,Below 580
724,724,6,Medical,2026-01-29,116,South,812,Taylor,4,2,0,0,4 91-120,4111.09,1003.59,3107.5,670+
725,725,4,Auto,2026-05-08,44,South,811,Morgan,0,0,0,0,2 31-60,18639.84,0.0,18639.84,670+
726,726,6,Personal Loan,2026-01-17,184,Midwest,568,Taylor,3,7,4,1,5 121+,12278.56,1118.36,11160.2,Below 580
727,727,3,Personal Loan,2026-05-20,185,Midwest,481,Jordan,4,6,3,0,5 121+,7374.24,1851.7,5522.54,Below 580
728,728,3,Personal Loan,2026-03-06,165,Northeast,674,Jordan,3,0,0,0,5 121+,6273.1,1542.9,4730.2,670+
729,729,6,Medical,2026-03-29,153,West,509,Taylor,2,6,4,1,5 121+,21737.97,1587.35,20150.62,Below 580
730,730,4,Credit Card,2026-02-28,83,South,614,Morgan,2,6,3,1,3 61-90,14546.71,2493.09,12053.62,580-669
731,731,5,Credit Card,2026-02-18,126,South,676,Riley,1,3,1,1,5 121+,525.0,15.91,509.09,670+
732,732,1,Credit Card,2026-02-18,75,Midwest,456,Alex,0,3,2,1,3 61-90,1485.89,0.0,1485.89,Below 580
733,733,6,Auto,2026-04-19,2,West,799,Taylor,4,0,0,0,1 1-30,15495.23,3513.21,11982.02,670+
734,734,4,Personal Loan,2026-05-06,89,Northeast,643,Morgan,0,4,2,0,3 61-90,1821.96,0.0,1821.96,580-669
735,735,1,Auto,2026-03-31,9,Northeast,655,Alex,3,3,1,0,1 1-30,21065.02,2289.85,18775.17,580-669
736,736,3,Personal Loan,2026-05-01,141,Northeast,580,Jordan,3,2,1,0,5 121+,1940.41,238.87,1701.54,580-669
737,737,1,Medical,2026-05-10,118,West,713,Alex,2,8,3,1,4 91-120,19140.74,2865.06,16275.68,670+
738,738,4,Auto,2026-01-20,63,West,783,Morgan,0,6,3,0,3 61-90,8851.82,0.0,8851.82,670+
739,739,6,Credit Card,2026-02-05,112,West,568,Taylor,3,1,0,0,4 91-120,6036.43,1020.23,5016.2,Below 580
740,740,5,Auto,2026-03-13,17,Northeast,627,Riley,0,1,1,0,1 1-30,18799.37,0.0,18799.37,580-669
741,741,4,Medical,2026-04-02,232,Northeast,586,Morgan,1,2,0,0,5 121+,20407.23,327.22,20080.01,580-669
742,742,5,Personal Loan,2026-05-20,122,South,736,Riley,0,2,0,0,5 121+,16158.04,0.0,16158.04,670+
743,743,3,Medical,2026-02-21,191,West,773,Jordan,3,8,1,0,5 121+,6681.86,271.08,6410.78,670+
744,744,2,Credit Card,2026-02-02,122,Midwest,465,Casey,4,6,3,0,5 121+,21885.4,4633.66,17251.74,Below 580
745,745,6,Medical,2026-05-11,61,West,474,Taylor,4,6,3,0,3 61-90,17551.18,4478.78,13072.4,Below 580
746,746,5,Personal Loan,2026-03-29,235,South,643,Riley,2,8,6,0,5 121+,13229.58,2530.54,10699.04,580-669
747,747,3,Personal Loan,2026-05-12,232,West,688,Jordan,1,5,0,0,5 121+,10056.39,751.88,9304.51,670+
748,748,2,Personal Loan,2026-02-05,182,Northeast,622,Casey,4,4,0,0,5 121+,12873.83,4005.0,8868.83,580-669
749,749,4,Personal Loan,2026-03-11,37,Midwest,801,Morgan,2,8,4,1,2 31-60,24331.59,1050.11,23281.48,670+
750,750,4,Auto,2026-05-06,99,Midwest,533,Morgan,2,5,2,0,4 91-120,5033.16,216.95,4816.21,Below 580
751,751,1,Credit Card,2026-04-19,2,Midwest,818,Alex,0,5,2,1,1 1-30,9093.82,0.0,9093.82,670+
752,752,2,Medical,2026-05-30,206,South,459,Casey,3,7,3,1,5 121+,13784.1,2480.45,11303.65,Below 580
753,753,2,Medical,2026-04-09,25,Northeast,691,Casey,0,6,1,0,1 1-30,19213.52,0.0,19213.52,670+
754,754,5,Auto,2026-01-06,214,South,817,Riley,3,6,3,1,5 121+,21430.92,3844.96,17585.96,670+
755,755,4,Credit Card,2026-03-04,99,Midwest,599,Morgan,4,6,2,1,4 91-120,3213.5,1129.47,2084.03,580-669
756,756,1,Auto,2026-05-16,93,South,540,Alex,0,3,1,0,4 91-120,8708.76,0.0,8708.76,Below 580
757,757,5,Personal Loan,2026-03-06,115,Northeast,494,Riley,1,6,3,0,4 91-120,3824.21,202.12,3622.09,Below 580
758,758,5,Auto,2026-02-15,108,Midwest,521,Riley,1,3,0,0,4 91-120,12589.78,629.3,11960.48,Below 580
759,759,3,Medical,2026-04-29,39,South,728,Jordan,4,0,0,0,2 31-60,23712.89,3393.77,20319.12,670+
760,760,1,Auto,2026-05-09,34,South,809,Alex,1,2,1,0,2 31-60,21660.67,263.46,21397.21,670+
761,761,4,Medical,2026-05-27,116,Northeast,510,Morgan,1,2,0,0,4 91-120,12213.72,298.03,11915.69,Below 580
762,762,5,Auto,2026-03-15,173,West,657,Riley,3,7,3,1,5 121+,19826.2,5706.3,14119.9,580-669
763,763,1,Personal Loan,2026-01-10,215,West,768,Alex,2,6,3,0,5 121+,9177.72,711.98,8465.74,670+
764,764,2,Medical,2026-03-19,4,Midwest,741,Casey,1,7,3,1,1 1-30,17124.57,1160.88,15963.69,670+
765,765,4,Auto,2026-03-31,19,Midwest,497,Morgan,4,1,0,0,1 1-30,20007.26,4515.24,15492.02,Below 580
766,766,2,Credit Card,2026-03-21,25,West,454,Casey,1,0,0,0,1 1-30,21753.27,1423.52,20329.75,Below 580
767,767,6,Personal Loan,2026-05-11,6,West,646,Taylor,3,5,3,0,1 1-30,9672.68,2208.69,7463.99,580-669
768,768,5,Credit Card,2026-05-21,39,Midwest,560,Riley,3,1,0,0,2 31-60,24254.46,3906.93,20347.53,Below 580
769,769,1,Credit Card,2026-04-11,77,Northeast,600,Alex,0,2,0,0,3 61-90,9737.43,0.0,9737.43,580-669
770,770,5,Personal Loan,2026-02-08,234,Northeast,578,Riley,1,2,1,0,5 121+,18405.96,11.48,18394.48,Below 580
771,771,2,Auto,2026-02-26,29,West,651,Casey,0,7,5,1,1 1-30,20142.2,0.0,20142.2,580-669
772,772,2,Personal Loan,2026-03-25,206,Northeast,449,Casey,4,4,1,1,5 121+,22591.78,5697.43,16894.35,Below 580
773,773,2,Medical,2026-02-07,225,Midwest,566,Casey,1,1,0,0,5 121+,23778.97,2444.51,21334.46,Below 580
774,774,4,Personal Loan,2026-04-16,76,Northeast,750,Morgan,0,3,2,0,3 61-90,17270.95,0.0,17270.95,670+
775,775,4,Auto,2026-04-21,7,Northeast,734,Morgan,2,7,1,1,1 1-30,6961.15,909.17,6051.98,670+
776,776,2,Auto,2026-01-22,126,West,656,Casey,0,2,0,0,5 121+,856.09,0.0,856.09,580-669
777,777,6,Personal Loan,2026-03-16,170,Northeast,650,Taylor,4,1,1,0,5 121+,15883.32,1670.05,14213.27,580-669
778,778,4,Auto,2026-02-19,27,South,584,Morgan,2,4,1,0,1 1-30,7627.56,1604.4,6023.16,580-669
779,779,3,Medical,2026-01-09,177,West,676,Jordan,3,6,4,0,5 121+,17000.11,3319.99,13680.12,670+
780,780,1,Auto,2026-01-31,32,South,451,Alex,1,5,3,1,2 31-60,6694.14,106.26,6587.88,Below 580
781,781,6,Credit Card,2026-02-23,93,West,472,Taylor,1,5,1,0,4 91-120,20348.63,1034.44,19314.19,Below 580
782,782,6,Personal Loan,2026-03-25,234,Midwest,785,Taylor,4,5,1,1,5 121+,18214.57,2795.41,15419.16,670+
783,783,6,Personal Loan,2026-01-10,182,Northeast,678,Taylor,2,1,1,0,5 121+,886.93,175.98,710.95,670+
784,784,2,Medical,2026-05-09,85,South,440,Casey,4,6,1,1,3 61-90,8960.46,2486.9,6473.56,Below 580
785,785,4,Auto,2026-04-15,237,South,782,Morgan,3,4,2,0,5 121+,3133.95,757.41,2376.54,670+
786,786,2,Auto,2026-02-28,61,West,644,Casey,3,4,3,1,3 61-90,2200.54,71.31,2129.23,580-669
787,787,4,Medical,2026-03-20,136,South,606,Morgan,4,5,0,0,5 121+,2647.3,659.23,1988.07,580-669
788,788,2,Personal Loan,2026-02-03,171,Midwest,564,Casey,2,2,0,0,5 121+,11329.4,2227.31,9102.09,Below 580
789,789,6,Credit Card,2026-05-19,19,West,629,Taylor,1,3,3,1,1 1-30,23513.33,646.69,22866.64,580-669
790,790,5,Auto,2026-03-28,130,Midwest,767,Riley,0,7,4,1,5 121+,5593.52,0.0,5593.52,670+
791,791,2,Medical,2026-01-23,87,Northeast,743,Casey,1,3,2,1,3 61-90,3160.57,352.15,2808.42,670+
792,792,5,Auto,2026-04-21,54,Midwest,453,Riley,1,1,1,0,2 31-60,4844.01,134.61,4709.4,Below 580
793,793,4,Auto,2026-05-07,82,Midwest,468,Morgan,2,3,2,1,3 61-90,23881.47,1254.65,22626.82,Below 580
794,794,3,Auto,2026-04-17,21,West,565,Jordan,1,8,3,0,1 1-30,811.96,25.72,786.24,Below 580
795,795,3,Medical,2026-01-28,178,Midwest,790,Jordan,2,6,3,1,5 121+,2803.21,452.69,2350.52,670+
796,796,3,Credit Card,2026-05-15,24,South,590,Jordan,2,2,0,0,1 1-30,4699.44,731.91,3967.53,580-669
797,797,5,Credit Card,2026-03-12,207,Northeast,718,Riley,4,6,3,1,5 121+,13564.77,5212.96,8351.81,670+
798,798,4,Credit Card,2026-01-02,120,South,599,Morgan,2,2,1,1,4 91-120,4980.72,356.11,4624.61,580-669
799,799,6,Credit Card,2026-02-13,161,Midwest,755,Taylor,0,7,2,0,5 121+,8264.88,0.0,8264.88,670+
800,800,2,Personal Loan,2026-02-24,88,West,486,Casey,1,6,3,1,3 61-90,16792.4,1070.42,15721.98,Below 580
801,801,6,Personal Loan,2026-04-14,176,Northeast,578,Taylor,1,1,0,0,5 121+,8518.03,765.78,7752.25,Below 580
802,802,2,Credit Card,2026-01-11,187,West,749,Casey,0,6,3,1,5 121+,10182.78,0.0,10182.78,670+
803,803,6,Credit Card,2026-02-06,222,Midwest,485,Taylor,2,4,1,0,5 121+,6665.1,942.53,5722.57,Below 580
804,804,1,Personal Loan,2026-03-12,0,Northeast,750,Alex,3,0,0,0,0 Current,18848.01,3736.5,15111.51,670+
805,805,3,Medical,2026-04-28,105,West,680,Jordan,0,4,0,0,4 91-120,22489.98,0.0,22489.98,670+
806,806,6,Medical,2026-03-31,115,Midwest,429,Taylor,1,6,1,0,4 91-120,13216.94,732.5,12484.44,Below 580
807,807,3,Personal Loan,2026-02-07,133,Midwest,578,Jordan,2,4,1,0,5 121+,5106.36,650.26,4456.1,Below 580
808,808,5,Medical,2026-05-23,160,South,529,Riley,3,6,2,0,5 121+,24592.65,5298.03,19294.62,Below 580
809,809,3,Credit Card,2026-05-25,97,Midwest,812,Jordan,3,7,0,0,4 91-120,24156.79,4523.83,19632.96,670+
810,810,6,Auto,2026-01-19,183,West,518,Taylor,1,3,0,0,5 121+,4803.99,154.65,4649.34,Below 580
811,811,2,Credit Card,2026-03-13,87,South,490,Casey,1,1,0,0,3 61-90,19367.52,1613.72,17753.8,Below 580
812,812,1,Auto,2026-05-18,176,South,459,Alex,2,3,1,0,5 121+,10617.08,474.53,10142.55,Below 580
813,813,1,Auto,2026-05-28,178,Midwest,471,Alex,2,0,0,0,5 121+,12146.32,2413.86,9732.46,Below 580
814,814,1,Personal Loan,2026-01-25,49,Northeast,758,Alex,1,0,0,0,2 31-60,24479.01,832.89,23646.12,670+
815,815,2,Medical,2026-02-15,33,Midwest,812,Casey,2,3,1,0,2 31-60,8714.79,1491.3,7223.49,670+
816,816,6,Credit Card,2026-04-21,213,South,725,Taylor,1,0,0,0,5 121+,6956.27,630.92,6325.35,670+
817,817,1,Medical,2026-02-13,175,West,498,Alex,3,2,1,0,5 121+,16209.16,2873.54,13335.62,Below 580
818,818,6,Personal Loan,2026-02-12,226,South,512,Taylor,3,7,3,1,5 121+,11662.72,2121.55,9541.17,Below 580
819,819,2,Credit Card,2026-02-02,143,South,789,Casey,3,3,1,0,5 121+,2756.2,495.03,2261.17,670+
820,820,5,Credit Card,2026-03-03,86,West,442,Riley,4,2,1,0,3 61-90,23107.41,6674.74,16432.67,Below 580
821,821,6,Credit Card,2026-02-05,132,West,606,Taylor,1,1,1,0,5 121+,9748.76,828.99,8919.77,580-669
822,822,6,Personal Loan,2026-05-20,117,South,647,Taylor,1,5,3,0,4 91-120,3862.02,456.52,3405.5,580-669
823,823,1,Medical,2026-05-30,123,Midwest,805,Alex,0,7,4,0,5 121+,3900.03,0.0,3900.03,670+
824,824,4,Personal Loan,2026-05-28,125,West,539,Morgan,4,7,1,0,5 121+,23149.8,5638.64,17511.16,Below 580
825,825,4,Credit Card,2026-02-08,60,South,578,Morgan,3,0,0,0,2 31-60,17494.62,2605.81,14888.81,Below 580
826,826,2,Auto,2026-04-04,186,West,519,Casey,0,8,3,1,5 121+,13507.64,0.0,13507.64,Below 580
827,827,3,Credit Card,2026-01-17,237,Midwest,767,Jordan,0,6,5,1,5 121+,3046.43,0.0,3046.43,670+
828,828,2,Medical,2026-05-02,96,West,656,Casey,1,4,2,0,4 91-120,21406.39,346.41,21059.98,580-669
829,829,6,Personal Loan,2026-05-14,104,Midwest,818,Taylor,2,2,1,0,4 91-120,24467.1,2124.01,22343.09,670+
830,830,3,Credit Card,2026-01-27,118,West,677,Jordan,0,6,3,1,4 91-120,13484.93,0.0,13484.93,670+
831,831,2,Credit Card,2026-02-17,171,West,502,Casey,0,7,3,1,5 121+,12824.25,0.0,12824.25,Below 580
832,832,6,Medical,2026-03-12,119,South,729,Taylor,4,4,2,0,4 91-120,14406.26,3527.12,10879.14,670+
833,833,6,Credit Card,2026-03-07,101,South,548,Taylor,1,1,0,0,4 91-120,13715.15,380.71,13334.44,Below 580
834,834,4,Credit Card,2026-04-27,139,Northeast,748,Morgan,0,3,0,0,5 121+,22570.9,0.0,22570.9,670+
835,835,1,Auto,2026-03-24,218,West,610,Alex,0,1,1,1,5 121+,9967.28,0.0,9967.28,580-669
836,836,3,Auto,2026-05-10,24,Northeast,784,Jordan,3,0,0,0,1 1-30,21331.69,3667.99,17663.7,670+
837,837,3,Auto,2026-01-08,28,Northeast,565,Jordan,4,7,3,1,1 1-30,4977.24,846.09,4131.15,Below 580
838,838,5,Personal Loan,2026-01-19,27,Northeast,810,Riley,4,2,1,1,1 1-30,5666.27,1870.31,3795.96,670+
839,839,1,Medical,2026-05-10,115,South,559,Alex,2,1,1,1,4 91-120,6702.63,1007.57,5695.06,Below 580
840,840,5,Auto,2026-03-17,240,West,682,Riley,0,5,2,1,5 121+,5954.79,0.0,5954.79,670+
841,841,1,Medical,2026-05-13,109,South,643,Alex,0,0,0,0,4 91-120,4525.91,0.0,4525.91,580-669
842,842,5,Medical,2026-02-19,92,Northeast,533,Riley,3,1,1,1,4 91-120,2823.11,409.51,2413.6,Below 580
843,843,2,Medical,2026-02-24,65,West,598,Casey,2,8,5,1,3 61-90,4692.02,788.85,3903.17,580-669
844,844,2,Personal Loan,2026-01-11,229,Northeast,632,Casey,4,8,1,0,5 121+,5358.2,1393.19,3965.01,580-669
845,845,3,Medical,2026-01-17,239,Northeast,622,Jordan,0,7,5,1,5 121+,12636.2,0.0,12636.2,580-669
846,846,5,Personal Loan,2026-04-27,37,Midwest,540,Riley,4,1,0,0,2 31-60,4260.38,1446.72,2813.66,Below 580
847,847,5,Medical,2026-05-09,44,West,461,Riley,1,3,2,1,2 31-60,13485.28,294.04,13191.24,Below 580
848,848,5,Credit Card,2026-01-15,142,Midwest,534,Riley,3,0,0,0,5 121+,17605.17,3313.13,14292.04,Below 580
849,849,6,Medical,2026-04-24,79,Northeast,583,Taylor,4,8,5,1,3 61-90,7794.5,2950.25,4844.25,580-669
850,850,6,Personal Loan,2026-02-07,23,Northeast,785,Taylor,4,0,0,0,1 1-30,18709.38,5772.33,12937.05,670+
851,851,4,Credit Card,2026-05-24,172,Midwest,494,Morgan,1,8,4,0,5 121+,20713.57,2019.31,18694.26,Below 580
852,852,2,Credit Card,2026-02-12,1,South,439,Casey,4,8,4,0,1 1-30,20566.27,4027.13,16539.14,Below 580
853,853,4,Auto,2026-03-24,198,Midwest,661,Morgan,1,7,0,0,5 121+,2778.49,138.38,2640.11,580-669
854,854,6,Auto,2026-04-25,195,South,808,Taylor,3,7,3,1,5 121+,6360.72,1380.08,4980.64,670+
855,855,3,Medical,2026-02-03,51,West,649,Jordan,2,1,0,0,2 31-60,13678.5,2296.72,11381.78,580-669
856,856,1,Medical,2026-02-12,0,Northeast,460,Alex,3,5,1,0,0 Current,4763.78,751.49,4012.29,Below 580
857,857,5,Personal Loan,2026-01-13,12,Northeast,551,Riley,1,8,5,1,1 1-30,7575.52,528.5,7047.02,Below 580
858,858,2,Medical,2026-05-08,19,South,496,Casey,0,2,1,0,1 1-30,22033.17,0.0,22033.17,Below 580
859,859,1,Medical,2026-05-18,66,West,476,Alex,4,7,3,0,3 61-90,8150.07,2744.98,5405.09,Below 580
860,860,4,Auto,2026-04-26,103,Midwest,541,Morgan,0,7,3,0,4 91-120,1461.27,0.0,1461.27,Below 580
861,861,6,Medical,2026-02-06,46,Midwest,482,Taylor,1,5,2,1,2 31-60,4038.0,422.33,3615.67,Below 580
862,862,5,Medical,2026-03-09,187,Northeast,542,Riley,0,8,3,0,5 121+,17484.19,0.0,17484.19,Below 580
863,863,5,Credit Card,2026-05-19,40,West,747,Riley,1,0,0,0,2 31-60,12613.32,109.05,12504.27,670+
864,864,4,Personal Loan,2026-02-28,129,West,452,Morgan,2,8,3,0,5 121+,23244.96,2472.14,20772.82,Below 580
865,865,4,Auto,2026-05-20,122,Northeast,675,Morgan,1,0,0,0,5 121+,17346.56,1423.66,15922.9,670+
866,866,4,Credit Card,2026-04-26,157,Northeast,743,Morgan,0,7,3,0,5 121+,12030.14,0.0,12030.14,670+
867,867,3,Credit Card,2026-01-10,102,South,787,Jordan,1,0,0,0,4 91-120,22819.59,1255.08,21564.51,670+
868,868,6,Personal Loan,2026-03-10,193,South,569,Taylor,3,0,0,0,5 121+,1754.0,507.46,1246.54,Below 580
869,869,2,Personal Loan,2026-01-08,230,West,420,Casey,4,7,3,0,5 121+,5735.56,1776.99,3958.57,Below 580
870,870,5,Credit Card,2026-02-26,87,Midwest,543,Riley,3,5,2,1,3 61-90,8660.76,1241.83,7418.93,Below 580
871,871,4,Medical,2026-05-28,222,West,515,Morgan,1,5,1,1,5 121+,7708.21,460.0,7248.21,Below 580
872,872,3,Credit Card,2026-04-09,156,Northeast,688,Jordan,2,0,0,0,5 121+,23932.94,3949.4,19983.54,670+
873,873,6,Credit Card,2026-02-19,224,Midwest,454,Taylor,4,3,2,0,5 121+,13360.54,3851.49,9509.05,Below 580
874,874,3,Credit Card,2026-02-23,83,Northeast,619,Jordan,2,3,1,0,3 61-90,17047.81,2065.88,14981.93,580-669
875,875,1,Medical,2026-05-02,204,West,442,Alex,3,4,2,0,5 121+,22500.16,4123.13,18377.03,Below 580
876,876,2,Auto,2026-01-10,98,West,611,Casey,4,2,0,0,4 91-120,15341.94,6096.81,9245.13,580-669
877,877,5,Personal Loan,2026-05-12,102,Midwest,802,Riley,1,8,2,1,4 91-120,22594.88,727.48,21867.4,670+
878,878,5,Personal Loan,2026-03-28,187,Northeast,602,Riley,4,4,3,1,5 121+,12227.85,4049.1,8178.75,580-669
879,879,1,Medical,2026-01-02,205,Northeast,596,Alex,2,3,3,1,5 121+,2152.64,217.28,1935.36,580-669
880,880,2,Credit Card,2026-03-23,82,South,795,Casey,2,6,2,1,3 61-90,3404.24,676.86,2727.38,670+
881,881,4,Medical,2026-05-06,108,Northeast,815,Morgan,3,0,0,0,4 91-120,6542.83,1533.4,5009.43,670+
882,882,5,Medical,2026-02-03,235,Midwest,488,Riley,2,3,3,0,5 121+,15863.48,957.17,14906.31,Below 580
883,883,5,Medical,2026-02-02,224,Northeast,600,Riley,0,4,1,0,5 121+,8896.2,0.0,8896.2,580-669
884,884,4,Personal Loan,2026-02-22,6,Midwest,749,Morgan,4,7,0,0,1 1-30,23683.84,6361.72,17322.12,670+
885,885,6,Credit Card,2026-05-22,100,South,818,Taylor,0,8,4,1,4 91-120,10612.0,0.0,10612.0,670+
886,886,6,Auto,2026-05-26,225,West,776,Taylor,1,5,2,0,5 121+,9479.94,142.13,9337.81,670+
887,887,5,Medical,2026-03-04,81,West,743,Riley,4,7,3,0,3 61-90,24726.51,8837.88,15888.63,670+
888,888,5,Auto,2026-02-16,0,South,489,Riley,1,7,2,0,0 Current,19241.27,1506.95,17734.32,Below 580
889,889,6,Credit Card,2026-02-08,34,Northeast,786,Taylor,2,2,2,0,2 31-60,1677.69,329.69,1348.0,670+
890,890,5,Auto,2026-05-06,89,West,438,Riley,1,5,2,0,3 61-90,20028.76,1827.49,18201.27,Below 580
891,891,1,Personal Loan,2026-01-11,77,Midwest,523,Alex,1,1,1,0,3 61-90,8972.29,518.36,8453.93,Below 580
892,892,1,Auto,2026-05-27,17,Northeast,522,Alex,2,0,0,0,1 1-30,13952.56,1942.87,12009.69,Below 580
893,893,2,Personal Loan,2026-02-08,169,Northeast,581,Casey,0,1,0,0,5 121+,24709.03,0.0,24709.03,580-669
894,894,2,Credit Card,2026-03-12,156,Midwest,683,Casey,1,6,2,0,5 121+,21948.87,35.75,21913.12,670+
895,895,1,Auto,2026-02-23,104,West,698,Alex,3,1,0,0,4 91-120,7102.02,1759.51,5342.51,670+
896,896,2,Credit Card,2026-01-27,30,West,549,Casey,4,3,0,0,1 1-30,5931.72,1279.58,4652.14,Below 580
897,897,4,Personal Loan,2026-01-04,198,Northeast,805,Morgan,4,8,3,0,5 121+,8000.99,1050.0,6950.99,670+
898,898,6,Auto,2026-04-04,214,South,566,Taylor,0,0,0,0,5 121+,15179.02,0.0,15179.02,Below 580
899,899,5,Personal Loan,2026-02-24,32,Midwest,819,Riley,4,2,0,0,2 31-60,24360.14,5621.29,18738.85,670+
900,900,3,Auto,2026-03-25,78,Northeast,755,Jordan,1,4,2,1,3 61-90,23134.11,1121.55,22012.56,670+
901,901,2,Auto,2026-02-11,71,Midwest,559,Casey,0,2,0,0,3 61-90,20603.73,0.0,20603.73,Below 580
902,902,2,Medical,2026-01-06,32,Northeast,608,Casey,2,5,3,1,2 31-60,17794.84,1692.69,16102.15,580-669
903,903,1,Personal Loan,2026-01-16,232,West,624,Alex,3,1,0,0,5 121+,5730.07,1827.05,3903.02,580-669
904,904,3,Auto,2026-03-31,215,West,617,Jordan,1,7,1,0,5 121+,16101.54,655.12,15446.42,580-669
905,905,2,Credit Card,2026-04-16,115,Midwest,515,Casey,3,0,0,0,4 91-120,23729.87,6263.56,17466.31,Below 580
906,906,5,Credit Card,2026-05-20,207,West,774,Riley,2,0,0,0,5 121+,1050.67,117.62,933.05,670+
907,907,6,Credit Card,2026-01-28,118,West,608,Taylor,0,3,0,0,4 91-120,14874.67,0.0,14874.67,580-669
908,908,1,Credit Card,2026-02-28,208,Midwest,462,Alex,2,4,1,0,5 121+,14430.93,1688.98,12741.95,Below 580
909,909,5,Personal Loan,2026-03-31,114,West,460,Riley,3,1,0,0,4 91-120,22800.76,3767.78,19032.98,Below 580
910,910,5,Auto,2026-02-20,40,West,728,Riley,3,1,0,0,2 31-60,8903.94,1958.11,6945.83,670+
911,911,2,Auto,2026-05-15,4,South,699,Casey,0,0,0,0,1 1-30,10589.3,0.0,10589.3,670+
912,912,4,Auto,2026-03-10,25,Midwest,584,Morgan,2,1,0,0,1 1-30,17402.38,2430.79,14971.59,580-669
913,913,6,Auto,2026-04-25,31,Northeast,460,Taylor,2,3,1,0,2 31-60,20869.79,2081.42,18788.37,Below 580
914,914,2,Credit Card,2026-01-17,65,Midwest,758,Casey,4,8,4,1,3 61-90,13781.93,3818.21,9963.72,670+
915,915,4,Auto,2026-03-15,146,Midwest,576,Morgan,2,5,3,1,5 121+,2559.57,373.61,2185.96,Below 580
916,916,1,Personal Loan,2026-04-25,42,West,728,Alex,3,8,3,0,2 31-60,1114.9,219.04,895.86,670+
917,917,2,Credit Card,2026-05-30,21,West,505,Casey,3,8,4,1,1 1-30,19314.81,3960.09,15354.72,Below 580
918,918,2,Credit Card,2026-01-03,207,West,599,Casey,0,4,1,0,5 121+,23111.48,0.0,23111.48,580-669
919,919,1,Personal Loan,2026-04-08,152,West,441,Alex,3,4,0,0,5 121+,24131.92,3628.88,20503.04,Below 580
920,920,3,Credit Card,2026-05-03,150,Midwest,734,Jordan,2,1,0,0,5 121+,2598.21,133.77,2464.44,670+
921,921,4,Credit Card,2026-01-29,126,West,560,Morgan,4,5,2,0,5 121+,15373.42,4395.93,10977.49,Below 580
922,922,4,Medical,2026-03-14,184,Northeast,458,Morgan,2,7,2,1,5 121+,16283.77,1690.96,14592.81,Below 580
923,923,5,Medical,2026-04-15,0,West,606,Riley,4,6,2,1,0 Current,12043.44,4017.44,8026.0,580-669
924,924,1,Medical,2026-01-19,91,South,435,Alex,4,3,1,0,4 91-120,9494.76,3033.06,6461.7,Below 580
925,925,5,Credit Card,2026-03-07,102,South,731,Riley,2,4,2,0,4 91-120,13972.84,1022.03,12950.81,670+
926,926,1,Auto,2026-03-16,102,West,437,Alex,0,7,3,1,4 91-120,11975.61,0.0,11975.61,Below 580
927,927,4,Medical,2026-01-01,24,South,454,Morgan,2,8,6,0,1 1-30,17306.77,938.77,16368.0,Below 580
928,928,3,Auto,2026-05-21,145,South,818,Jordan,2,4,2,0,5 121+,18969.47,2683.41,16286.06,670+
929,929,3,Medical,2026-01-15,178,Midwest,605,Jordan,3,1,1,0,5 121+,20538.56,3466.16,17072.4,580-669
930,930,5,Auto,2026-01-16,53,West,710,Riley,3,8,0,0,2 31-60,10023.97,1145.34,8878.63,670+
931,931,6,Personal Loan,2026-04-07,201,Northeast,729,Taylor,4,4,0,0,5 121+,16230.51,4711.56,11518.95,670+
932,932,4,Personal Loan,2026-01-08,196,South,767,Morgan,2,0,0,0,5 121+,24458.29,3832.37,20625.92,670+
933,933,2,Personal Loan,2026-04-19,66,West,609,Casey,3,0,0,0,3 61-90,5988.49,1212.37,4776.12,580-669
934,934,6,Personal Loan,2026-01-28,154,Midwest,647,Taylor,4,1,0,0,5 121+,17130.01,3331.93,13798.08,580-669
935,935,4,Auto,2026-02-16,177,Northeast,713,Morgan,3,6,2,0,5 121+,19455.16,2804.06,16651.1,670+
936,936,5,Credit Card,2026-01-16,27,South,691,Riley,3,1,0,0,1 1-30,756.66,196.85,559.81,670+
937,937,1,Personal Loan,2026-04-02,114,Midwest,623,Alex,1,4,2,1,4 91-120,19126.41,1892.92,17233.49,580-669
938,938,6,Auto,2026-03-06,87,Midwest,752,Taylor,1,6,3,1,3 61-90,10096.88,573.71,9523.17,670+
939,939,6,Medical,2026-02-01,128,Midwest,547,Taylor,2,0,0,0,5 121+,23882.91,2754.54,21128.37,Below 580
940,940,3,Personal Loan,2026-04-20,73,Northeast,433,Jordan,3,3,2,1,3 61-90,11173.02,1725.41,9447.61,Below 580
941,941,4,Auto,2026-05-06,230,South,675,Morgan,3,2,1,0,5 121+,4059.57,1023.4,3036.17,670+
942,942,4,Medical,2026-05-23,209,West,707,Morgan,0,7,4,1,5 121+,23102.93,0.0,23102.93,670+
943,943,6,Medical,2026-02-28,68,Northeast,554,Taylor,4,1,0,0,3 61-90,14131.47,2137.92,11993.55,Below 580
944,944,4,Personal Loan,2026-04-12,131,Midwest,780,Morgan,0,6,2,1,5 121+,18977.65,0.0,18977.65,670+
945,945,5,Medical,2026-01-17,115,West,529,Riley,4,2,0,0,4 91-120,20427.61,4196.58,16231.03,Below 580
946,946,6,Auto,2026-03-07,205,Midwest,775,Taylor,4,5,2,0,5 121+,23101.7,6169.98,16931.72,670+
947,947,6,Auto,2026-01-10,181,West,522,Taylor,2,8,2,1,5 121+,4255.65,221.33,4034.32,Below 580
948,948,2,Credit Card,2026-05-26,182,Northeast,489,Casey,4,0,0,0,5 121+,9311.82,2218.62,7093.2,Below 580
949,949,2,Credit Card,2026-02-17,4,Northeast,651,Casey,0,8,2,0,1 1-30,10147.71,0.0,10147.71,580-669
950,950,3,Personal Loan,2026-03-02,166,South,785,Jordan,1,8,2,0,5 121+,23695.86,455.91,23239.95,670+
951,951,2,Credit Card,2026-01-09,117,West,464,Casey,3,6,2,1,4 91-120,653.08,102.23,550.85,Below 580
952,952,3,Credit Card,2026-04-11,181,Midwest,761,Jordan,0,3,0,0,5 121+,16059.54,0.0,16059.54,670+
953,953,1,Credit Card,2026-03-10,94,Midwest,783,Alex,4,2,0,0,4 91-120,20189.47,5368.17,14821.3,670+
954,954,4,Auto,2026-04-14,200,Northeast,701,Morgan,0,8,3,1,5 121+,7181.76,0.0,7181.76,670+
955,955,5,Auto,2026-04-27,229,Midwest,573,Riley,3,6,4,1,5 121+,3752.02,185.21,3566.81,Below 580
956,956,5,Personal Loan,2026-04-03,30,South,784,Riley,3,7,1,0,1 1-30,14576.68,3826.91,10749.77,670+
957,957,2,Auto,2026-02-15,85,South,605,Casey,4,1,1,0,3 61-90,7324.92,2094.72,5230.2,580-669
958,958,1,Personal Loan,2026-04-06,111,South,482,Alex,4,7,3,1,4 91-120,20888.78,5171.29,15717.49,Below 580
959,959,2,Medical,2026-03-13,235,South,491,Casey,4,0,0,0,5 121+,20213.34,7023.29,13190.05,Below 580
960,960,5,Medical,2026-01-23,41,South,672,Riley,2,2,1,1,2 31-60,20862.28,2529.88,18332.4,670+
961,961,4,Credit Card,2026-04-06,15,Northeast,604,Morgan,2,5,3,1,1 1-30,762.01,48.69,713.32,580-669
962,962,2,Auto,2026-01-12,13,Midwest,659,Casey,4,5,0,0,1 1-30,15713.88,2851.68,12862.2,580-669
963,963,2,Medical,2026-03-25,204,South,733,Casey,4,5,2,1,5 121+,12790.8,4506.34,8284.46,670+
964,964,4,Medical,2026-05-12,206,Northeast,453,Morgan,2,1,0,0,5 121+,6424.48,1005.17,5419.31,Below 580
965,965,3,Auto,2026-01-12,56,Midwest,623,Jordan,1,4,2,1,2 31-60,6947.86,100.07,6847.79,580-669
966,966,5,Credit Card,2026-02-08,103,West,689,Riley,2,7,2,1,4 91-120,18144.46,1552.46,16592.0,670+
967,967,2,Credit Card,2026-03-18,84,West,813,Casey,2,4,1,1,3 61-90,17524.35,2299.01,15225.34,670+
968,968,5,Medical,2026-02-10,186,West,714,Riley,0,0,0,0,5 121+,9139.84,0.0,9139.84,670+
969,969,3,Credit Card,2026-05-19,10,Northeast,484,Jordan,3,3,2,1,1 1-30,14479.88,3324.05,11155.83,Below 580
970,970,2,Personal Loan,2026-01-25,206,Midwest,748,Casey,2,0,0,0,5 121+,1300.96,247.09,1053.87,670+
971,971,6,Credit Card,2026-02-15,103,Northeast,650,Taylor,4,0,0,0,4 91-120,7554.4,2749.64,4804.76,580-669
972,972,2,Auto,2026-01-22,230,West,768,Casey,2,2,1,0,5 121+,6172.09,839.73,5332.36,670+
973,973,2,Medical,2026-01-29,232,Midwest,485,Casey,2,5,2,1,5 121+,14645.73,2416.79,12228.94,Below 580
974,974,3,Personal Loan,2026-05-21,164,South,813,Jordan,0,3,0,0,5 121+,2576.91,0.0,2576.91,670+
975,975,2,Credit Card,2026-03-19,0,South,641,Casey,2,6,3,1,0 Current,1011.9,82.19,929.71,580-669
976,976,5,Personal Loan,2026-03-28,88,Northeast,483,Riley,1,5,0,0,3 61-90,7809.09,499.94,7309.15,Below 580
977,977,5,Auto,2026-01-05,233,South,575,Riley,4,0,0,0,5 121+,17184.24,4758.98,12425.26,Below 580
978,978,5,Personal Loan,2026-03-03,177,South,502,Riley,1,3,1,0,5 121+,20589.96,1888.67,18701.29,Below 580
979,979,1,Credit Card,2026-04-06,100,Midwest,783,Alex,3,0,0,0,4 91-120,9938.37,2063.45,7874.92,670+
980,980,6,Personal Loan,2026-02-25,212,South,597,Taylor,0,1,0,0,5 121+,7239.41,0.0,7239.41,580-669
981,981,3,Medical,2026-04-08,230,Midwest,460,Jordan,3,2,1,0,5 121+,13632.51,2197.0,11435.51,Below 580
982,982,2,Medical,2026-05-27,78,Midwest,520,Casey,2,0,0,0,3 61-90,6768.45,164.8,6603.65,Below 580
983,983,3,Medical,2026-04-18,1,Midwest,484,Jordan,4,1,0,0,1 1-30,2445.94,518.6,1927.34,Below 580
984,984,5,Credit Card,2026-02-26,72,Midwest,734,Riley,2,8,3,0,3 61-90,6207.65,1355.76,4851.89,670+
985,985,6,Medical,2026-02-15,117,Northeast,677,Taylor,2,4,2,1,4 91-120,855.31,108.51,746.8,670+
986,986,2,Credit Card,2026-03-30,46,South,723,Casey,1,2,2,0,2 31-60,7299.07,575.5,6723.57,670+
987,987,3,Credit Card,2026-02-13,133,South,507,Jordan,4,6,2,0,5 121+,3332.21,957.93,2374.28,Below 580
988,988,5,Credit Card,2026-01-25,181,Midwest,708,Riley,0,5,2,0,5 121+,16510.48,0.0,16510.48,670+
989,989,2,Personal Loan,2026-05-29,84,Northeast,434,Casey,2,8,2,0,3 61-90,20615.54,4013.99,16601.55,Below 580
990,990,6,Medical,2026-05-05,187,Northeast,443,Taylor,1,1,0,0,5 121+,12192.08,1385.99,10806.09,Below 580
991,991,5,Medical,2026-04-03,179,Midwest,753,Riley,0,2,1,0,5 121+,24712.64,0.0,24712.64,670+
992,992,3,Medical,2026-02-23,56,South,812,Jordan,1,7,2,0,2 31-60,2626.83,52.78,2574.05,670+
993,993,1,Credit Card,2026-04-12,88,West,736,Alex,4,8,4,1,3 61-90,8764.51,2174.03,6590.48,670+
994,994,1,Credit Card,2026-05-16,67,Northeast,674,Alex,1,4,2,1,3 61-90,9650.7,1113.81,8536.89,670+
995,995,1,Credit Card,2026-04-18,93,Midwest,748,Alex,3,7,2,1,4 91-120,20919.88,6236.13,14683.75,670+
996,996,4,Auto,2026-01-10,50,Midwest,667,Morgan,2,6,2,0,2 31-60,18995.84,3485.37,15510.47,580-669
997,997,2,Auto,2026-02-07,170,South,770,Casey,1,5,4,1,5 121+,11225.94,910.52,10315.42,670+
998,998,2,Medical,2026-01-26,185,West,572,Casey,2,6,3,1,5 121+,17594.46,3896.25,13698.21,Below 580
999,999,2,Personal Loan,2026-03-02,51,West,457,Casey,0,3,0,0,2 31-60,9933.52,0.0,9933.52,Below 580
1000,1000,3,Personal Loan,2026-04-14,94,Northeast,500,Jordan,3,6,5,1,4 91-120,1673.96,354.32,1319.64,Below 580
1001,1001,4,Auto,2026-03-11,206,West,632,Morgan,0,6,2,1,5 121+,16984.76,0.0,16984.76,580-669
1002,1002,1,Personal Loan,2026-03-20,47,West,657,Alex,3,4,1,0,2 31-60,21808.97,4722.88,17086.09,580-669
1003,1003,2,Auto,2026-01-31,31,South,594,Casey,2,3,2,1,2 31-60,11644.05,1585.26,10058.79,580-669
1004,1004,2,Credit Card,2026-03-23,115,South,580,Casey,4,8,3,1,4 91-120,13458.14,2642.73,10815.41,580-669
1005,1005,3,Personal Loan,2026-02-10,189,Midwest,795,Jordan,1,7,3,0,5 121+,9270.92,577.47,8693.45,670+
1006,1006,4,Medical,2026-04-24,147,Midwest,624,Morgan,3,0,0,0,5 121+,19911.2,2656.72,17254.48,580-669
1007,1007,1,Credit Card,2026-01-29,236,South,809,Alex,2,0,0,0,5 121+,12187.73,1827.5,10360.23,670+
1008,1008,6,Credit Card,2026-04-05,9,Midwest,683,Taylor,0,2,2,0,1 1-30,14151.77,0.0,14151.77,670+
1009,1009,2,Personal Loan,2026-01-17,118,Northeast,583,Casey,1,0,0,0,4 91-120,13468.31,324.35,13143.96,580-669
1010,1010,5,Credit Card,2026-03-19,196,South,658,Riley,1,8,6,1,5 121+,10008.87,1010.16,8998.71,580-669
1011,1011,5,Auto,2026-01-07,200,Northeast,556,Riley,1,5,2,0,5 121+,8321.83,460.84,7860.99,Below 580
1012,1012,5,Medical,2026-02-18,0,West,546,Riley,2,3,1,1,0 Current,22403.17,3090.49,19312.68,Below 580
1013,1013,1,Credit Card,2026-05-01,141,South,469,Alex,3,1,0,0,5 121+,17155.41,2232.34,14923.07,Below 580
1014,1014,4,Credit Card,2026-02-10,25,Northeast,568,Morgan,0,7,4,1,1 1-30,8884.55,0.0,8884.55,Below 580
1015,1015,4,Medical,2026-03-08,83,West,735,Morgan,3,2,1,1,3 61-90,17383.63,2899.41,14484.22,670+
1016,1016,3,Medical,2026-01-28,88,West,547,Jordan,4,2,1,1,3 61-90,12748.91,3083.75,9665.16,Below 580
1017,1017,2,Credit Card,2026-03-04,218,South,587,Casey,0,8,2,0,5 121+,20581.84,0.0,20581.84,580-669
1018,1018,6,Credit Card,2026-02-08,56,Midwest,517,Taylor,3,6,2,0,2 31-60,1068.41,250.24,818.17,Below 580
1019,1019,3,Credit Card,2026-02-14,109,South,675,Jordan,2,5,0,0,4 91-120,3322.46,438.27,2884.19,670+
1020,1020,1,Auto,2026-04-02,205,West,675,Alex,0,2,1,1,5 121+,8253.7,0.0,8253.7,670+
1021,1021,5,Auto,2026-01-04,24,Midwest,674,Riley,1,4,2,1,1 1-30,3483.01,68.85,3414.16,670+
1022,1022,6,Auto,2026-05-17,103,Northeast,466,Taylor,0,8,2,1,4 91-120,24261.96,0.0,24261.96,Below 580
1023,1023,5,Auto,2026-05-16,166,West,678,Riley,4,1,0,0,5 121+,22929.67,6197.01,16732.66,670+
1024,1024,3,Medical,2026-04-08,7,West,543,Jordan,4,0,0,0,1 1-30,14291.52,4274.72,10016.8,Below 580
1025,1025,5,Credit Card,2026-02-10,90,South,718,Riley,0,5,3,1,3 61-90,5577.26,0.0,5577.26,670+
1026,1026,4,Auto,2026-04-18,78,Midwest,444,Morgan,2,4,1,1,3 61-90,24041.05,5478.7,18562.35,Below 580
1027,1027,6,Credit Card,2026-03-30,65,Northeast,564,Taylor,2,5,2,0,3 61-90,18394.17,1172.72,17221.45,Below 580
1028,1028,1,Credit Card,2026-04-29,225,West,725,Alex,4,3,1,0,5 121+,19012.79,4512.44,14500.35,670+
1029,1029,2,Medical,2026-03-31,118,West,566,Casey,3,5,4,1,4 91-120,5118.84,905.38,4213.46,Below 580
1030,1030,2,Personal Loan,2026-04-16,84,Northeast,475,Casey,2,4,2,0,3 61-90,18729.47,4266.69,14462.78,Below 580
1031,1031,3,Auto,2026-03-04,72,West,488,Jordan,1,6,2,0,3 61-90,11341.38,716.84,10624.54,Below 580
1032,1032,5,Personal Loan,2026-05-03,25,Midwest,792,Riley,1,0,0,0,1 1-30,9665.65,216.69,9448.96,670+
1033,1033,2,Credit Card,2026-05-27,176,Midwest,811,Casey,1,0,0,0,5 121+,19187.43,311.84,18875.59,670+
1034,1034,3,Personal Loan,2026-05-03,49,West,607,Jordan,2,5,2,0,2 31-60,14207.97,2754.4,11453.57,580-669
1035,1035,1,Medical,2026-03-19,185,Northeast,625,Alex,4,2,1,0,5 121+,16501.33,2072.29,14429.04,580-669
1036,1036,3,Auto,2026-03-27,48,Northeast,711,Jordan,2,7,2,1,2 31-60,17003.84,3192.86,13810.98,670+
1037,1037,4,Medical,2026-03-25,21,South,605,Morgan,0,3,2,0,1 1-30,17132.46,0.0,17132.46,580-669
1038,1038,2,Medical,2026-02-18,8,Midwest,457,Casey,1,7,2,0,1 1-30,17587.41,520.92,17066.49,Below 580
1039,1039,5,Personal Loan,2026-03-22,97,West,678,Riley,4,7,2,1,4 91-120,6408.44,1236.84,5171.6,670+
1040,1040,4,Personal Loan,2026-03-13,46,West,811,Morgan,3,3,1,0,2 31-60,18205.17,5902.58,12302.59,670+
1041,1041,3,Auto,2026-01-05,146,Midwest,739,Jordan,0,3,1,0,5 121+,6138.9,0.0,6138.9,670+
1042,1042,1,Credit Card,2026-04-30,171,Northeast,485,Alex,3,7,1,0,5 121+,18995.75,5179.28,13816.47,Below 580
1043,1043,2,Personal Loan,2026-01-21,208,Northeast,621,Casey,3,0,0,0,5 121+,7757.88,646.71,7111.17,580-669
1044,1044,3,Auto,2026-02-02,17,Midwest,593,Jordan,4,5,3,1,1 1-30,23156.94,4898.48,18258.46,580-669
1045,1045,3,Personal Loan,2026-05-02,105,Midwest,806,Jordan,0,2,0,0,4 91-120,21269.86,0.0,21269.86,670+
1046,1046,5,Auto,2026-05-19,39,South,521,Riley,3,2,1,0,2 31-60,10037.42,2442.52,7594.9,Below 580
1047,1047,4,Auto,2026-05-30,194,West,676,Morgan,4,7,4,1,5 121+,14896.61,3409.55,11487.06,670+
1048,1048,4,Credit Card,2026-01-13,220,Northeast,443,Morgan,3,5,2,0,5 121+,3601.01,1025.4,2575.61,Below 580
1049,1049,2,Auto,2026-02-14,99,Northeast,490,Casey,2,2,0,0,4 91-120,7861.12,1078.18,6782.94,Below 580
1050,1050,2,Auto,2026-01-29,173,Midwest,662,Casey,2,3,2,0,5 121+,16257.18,3365.48,12891.7,580-669
1051,1051,3,Auto,2026-03-16,224,West,496,Jordan,0,4,2,1,5 121+,12849.19,0.0,12849.19,Below 580
1052,1052,1,Personal Loan,2026-01-06,157,South,587,Alex,3,3,1,0,5 121+,7471.35,1955.34,5516.01,580-669
1053,1053,5,Personal Loan,2026-02-23,106,Midwest,503,Riley,1,7,0,0,4 91-120,7209.13,361.28,6847.85,Below 580
1054,1054,6,Medical,2026-04-05,38,West,735,Taylor,4,5,3,0,2 31-60,24520.97,4285.28,20235.69,670+
1055,1055,6,Medical,2026-02-14,10,Midwest,723,Taylor,3,8,4,0,1 1-30,12942.77,3245.39,9697.38,670+
1056,1056,2,Credit Card,2026-02-08,95,Midwest,679,Casey,2,8,4,1,4 91-120,4457.79,821.23,3636.56,670+
1057,1057,6,Credit Card,2026-03-20,10,West,782,Taylor,3,8,5,1,1 1-30,6102.13,1501.11,4601.02,670+
1058,1058,3,Medical,2026-02-03,28,Midwest,663,Jordan,4,0,0,0,1 1-30,9631.48,1772.66,7858.82,580-669
1059,1059,1,Personal Loan,2026-03-20,41,Northeast,608,Alex,4,1,0,0,2 31-60,3182.83,740.08,2442.75,580-669
1060,1060,4,Personal Loan,2026-04-25,147,Midwest,764,Morgan,4,6,2,0,5 121+,6935.07,1059.9,5875.17,670+
1061,1061,3,Credit Card,2026-01-25,83,Northeast,633,Jordan,1,8,5,1,3 61-90,661.43,32.13,629.3,580-669
1062,1062,4,Auto,2026-04-21,238,Midwest,791,Morgan,1,8,5,1,5 121+,7379.24,307.71,7071.53,670+
1063,1063,4,Auto,2026-04-14,26,Northeast,725,Morgan,1,4,2,1,1 1-30,7925.3,578.92,7346.38,670+
1064,1064,6,Medical,2026-02-09,89,West,555,Taylor,1,8,3,0,3 61-90,4658.62,312.17,4346.45,Below 580
1065,1065,1,Medical,2026-03-10,119,South,789,Alex,4,6,3,0,4 91-120,10875.12,3120.72,7754.4,670+
1066,1066,4,Personal Loan,2026-02-08,178,Northeast,718,Morgan,3,1,0,0,5 121+,16890.88,5034.89,11855.99,670+
1067,1067,5,Medical,2026-02-22,87,West,507,Riley,2,7,1,0,3 61-90,13420.46,1746.66,11673.8,Below 580
1068,1068,5,Auto,2026-05-24,78,West,495,Riley,3,4,3,1,3 61-90,661.36,102.99,558.37,Below 580
1069,1069,4,Personal Loan,2026-03-04,52,South,436,Morgan,3,8,3,1,2 31-60,12620.5,3950.51,8669.99,Below 580
1070,1070,1,Auto,2026-02-05,102,Northeast,517,Alex,2,2,0,0,4 91-120,19738.47,1516.72,18221.75,Below 580
1071,1071,1,Medical,2026-01-27,223,Northeast,645,Alex,0,5,2,0,5 121+,9787.84,0.0,9787.84,580-669
1072,1072,1,Medical,2026-04-17,236,Midwest,634,Alex,3,3,2,0,5 121+,10422.14,2324.72,8097.42,580-669
1073,1073,1,Personal Loan,2026-04-02,99,South,631,Alex,2,3,2,1,4 91-120,9027.26,489.42,8537.84,580-669
1074,1074,5,Auto,2026-05-26,233,South,630,Riley,0,1,0,0,5 121+,2672.07,0.0,2672.07,580-669
1075,1075,1,Credit Card,2026-04-17,161,West,796,Alex,1,1,0,0,5 121+,1964.62,150.15,1814.47,670+
1076,1076,3,Medical,2026-03-17,153,Northeast,781,Jordan,4,5,2,0,5 121+,13209.41,3785.45,9423.96,670+
1077,1077,2,Personal Loan,2026-04-22,238,South,685,Casey,3,5,0,0,5 121+,20535.63,2853.9,17681.73,670+
1078,1078,3,Medical,2026-03-15,153,South,707,Jordan,3,3,0,0,5 121+,14160.02,1745.47,12414.55,670+
1079,1079,1,Medical,2026-03-31,179,Midwest,759,Alex,4,1,1,1,5 121+,9650.35,2465.05,7185.3,670+
1080,1080,6,Medical,2026-05-01,162,West,689,Taylor,3,8,2,0,5 121+,10433.3,1591.0,8842.3,670+
1081,1081,1,Personal Loan,2026-01-26,125,West,580,Alex,2,0,0,0,5 121+,17532.23,2808.08,14724.15,580-669
1082,1082,5,Credit Card,2026-03-28,92,South,655,Riley,2,7,2,0,4 91-120,2690.49,301.01,2389.48,580-669
1083,1083,6,Auto,2026-05-29,51,Midwest,699,Taylor,2,3,0,0,2 31-60,13094.66,874.66,12220.0,670+
1084,1084,1,Medical,2026-04-18,61,Midwest,766,Alex,4,2,0,0,3 61-90,3987.39,1381.5,2605.89,670+
1085,1085,1,Personal Loan,2026-05-02,211,Midwest,732,Alex,4,7,3,1,5 121+,8733.38,1344.01,7389.37,670+
1086,1086,4,Auto,2026-01-28,48,West,518,Morgan,2,7,2,1,2 31-60,15441.8,2053.65,13388.15,Below 580
1087,1087,3,Personal Loan,2026-04-07,13,South,562,Jordan,4,8,3,1,1 1-30,18535.99,5217.42,13318.57,Below 580
1088,1088,4,Personal Loan,2026-02-13,188,Midwest,535,Morgan,4,7,5,1,5 121+,12865.18,5213.67,7651.51,Below 580
1089,1089,3,Medical,2026-01-19,163,Midwest,814,Jordan,4,4,2,0,5 121+,6273.83,2361.61,3912.22,670+
1090,1090,1,Credit Card,2026-04-11,46,Midwest,780,Alex,1,8,4,0,2 31-60,22451.73,165.63,22286.1,670+
1091,1091,1,Auto,2026-05-27,119,South,773,Alex,4,3,2,0,4 91-120,7501.29,1804.02,5697.27,670+
1092,1092,6,Personal Loan,2026-04-29,49,West,582,Taylor,1,0,0,0,2 31-60,998.64,120.31,878.33,580-669
1093,1093,5,Medical,2026-02-01,201,West,598,Riley,4,2,1,0,5 121+,5611.2,1256.86,4354.34,580-669
1094,1094,1,Personal Loan,2026-01-11,211,Midwest,567,Alex,4,4,2,1,5 121+,24573.95,3020.47,21553.48,Below 580
1095,1095,2,Auto,2026-04-08,20,Northeast,713,Casey,1,8,4,1,1 1-30,17363.49,1819.33,15544.16,670+
1096,1096,1,Personal Loan,2026-04-26,220,West,622,Alex,3,1,0,0,5 121+,10831.0,3228.11,7602.89,580-669
1097,1097,6,Credit Card,2026-03-05,168,Midwest,815,Taylor,1,3,0,0,5 121+,16978.89,1341.84,15637.05,670+
1098,1098,4,Credit Card,2026-04-18,87,South,568,Morgan,1,8,3,1,3 61-90,16363.29,783.28,15580.01,Below 580
1099,1099,3,Credit Card,2026-03-09,9,Northeast,567,Jordan,1,8,1,0,1 1-30,2297.41,229.3,2068.11,Below 580
1100,1100,5,Personal Loan,2026-05-29,203,Northeast,597,Riley,1,6,1,1,5 121+,10143.4,1224.46,8918.94,580-669
1101,1101,3,Credit Card,2026-03-11,219,West,755,Jordan,1,7,4,1,5 121+,13917.62,871.53,13046.09,670+
1102,1102,2,Personal Loan,2026-03-11,53,Midwest,802,Casey,4,7,4,1,2 31-60,1972.82,609.95,1362.87,670+
1103,1103,5,Credit Card,2026-01-03,89,West,529,Riley,1,6,2,1,3 61-90,1022.45,93.99,928.46,Below 580
1104,1104,5,Credit Card,2026-03-01,185,South,695,Riley,2,4,1,0,5 121+,4064.84,402.82,3662.02,670+
1105,1105,5,Medical,2026-03-11,40,Midwest,707,Riley,2,8,3,1,2 31-60,4681.92,420.7,4261.22,670+
1106,1106,3,Auto,2026-02-08,52,Midwest,490,Jordan,1,1,1,0,2 31-60,16848.33,475.19,16373.14,Below 580
1107,1107,3,Credit Card,2026-02-06,67,Northeast,735,Jordan,1,1,0,0,3 61-90,8281.36,235.95,8045.41,670+
1108,1108,2,Personal Loan,2026-01-14,97,South,544,Casey,4,2,0,0,4 91-120,1986.71,632.81,1353.9,Below 580
1109,1109,1,Personal Loan,2026-02-08,199,Northeast,762,Alex,1,2,0,0,5 121+,1974.21,138.09,1836.12,670+
1110,1110,1,Credit Card,2026-05-20,86,South,746,Alex,3,7,4,1,3 61-90,24969.25,4479.71,20489.54,670+
1111,1111,5,Auto,2026-01-28,144,South,446,Riley,0,8,4,1,5 121+,9064.51,0.0,9064.51,Below 580
1112,1112,1,Auto,2026-01-18,65,Northeast,631,Alex,2,3,0,0,3 61-90,20379.36,802.94,19576.42,580-669
1113,1113,2,Personal Loan,2026-04-12,46,Midwest,787,Casey,1,1,1,1,2 31-60,1145.78,106.29,1039.49,670+
1114,1114,3,Personal Loan,2026-01-05,189,West,471,Jordan,3,2,1,0,5 121+,24967.09,4606.44,20360.65,Below 580
1115,1115,4,Auto,2026-02-27,20,South,422,Morgan,3,5,2,0,1 1-30,5975.66,1329.22,4646.44,Below 580
1116,1116,5,Credit Card,2026-03-23,43,South,628,Riley,3,4,2,1,2 31-60,23024.42,7170.2,15854.22,580-669
1117,1117,5,Personal Loan,2026-01-03,79,West,664,Riley,3,1,0,0,3 61-90,21479.9,3060.95,18418.95,580-669
1118,1118,2,Credit Card,2026-03-16,111,South,807,Casey,2,8,4,1,4 91-120,24292.34,2365.01,21927.33,670+
1119,1119,2,Credit Card,2026-01-11,57,Midwest,584,Casey,4,1,0,0,2 31-60,21646.4,4662.94,16983.46,580-669
1120,1120,1,Personal Loan,2026-05-06,231,Midwest,750,Alex,2,0,0,0,5 121+,6723.69,307.43,6416.26,670+
1121,1121,5,Auto,2026-01-06,63,Northeast,813,Riley,2,1,0,0,3 61-90,1262.26,216.15,1046.11,670+
1122,1122,5,Credit Card,2026-05-13,31,Northeast,753,Riley,2,1,0,0,2 31-60,22356.19,658.37,21697.82,670+
1123,1123,2,Auto,2026-02-08,51,South,693,Casey,3,6,1,1,2 31-60,10360.68,3211.42,7149.26,670+
1124,1124,6,Medical,2026-05-12,63,Northeast,509,Taylor,3,8,3,0,3 61-90,12132.06,1197.95,10934.11,Below 580
1125,1125,3,Medical,2026-01-04,82,West,510,Jordan,1,6,2,1,3 61-90,3369.47,192.01,3177.46,Below 580
1126,1126,1,Medical,2026-01-14,68,Northeast,623,Alex,0,2,1,1,3 61-90,4505.16,0.0,4505.16,580-669
1127,1127,5,Auto,2026-02-05,152,West,515,Riley,2,2,1,0,5 121+,9831.99,1188.9,8643.09,Below 580
1128,1128,6,Personal Loan,2026-05-08,231,Midwest,439,Taylor,1,5,1,1,5 121+,11492.42,1235.7,10256.72,Below 580
1129,1129,2,Personal Loan,2026-01-25,27,Northeast,572,Casey,4,4,0,0,1 1-30,23988.67,5689.0,18299.67,Below 580
1130,1130,1,Credit Card,2026-04-15,32,Northeast,591,Alex,4,3,0,0,2 31-60,1486.98,224.14,1262.84,580-669
1131,1131,6,Personal Loan,2026-03-09,2,Midwest,652,Taylor,3,6,2,0,1 1-30,22828.44,5341.21,17487.23,580-669
1132,1132,5,Credit Card,2026-01-07,85,West,488,Riley,1,7,2,1,3 61-90,4990.88,14.48,4976.4,Below 580
1133,1133,4,Medical,2026-01-26,100,West,559,Morgan,3,6,5,1,4 91-120,5793.94,1056.55,4737.39,Below 580
1134,1134,4,Credit Card,2026-03-17,169,South,477,Morgan,1,3,2,1,5 121+,20351.84,1525.66,18826.18,Below 580
1135,1135,5,Auto,2026-03-19,77,Midwest,503,Riley,1,5,2,0,3 61-90,21496.62,668.26,20828.36,Below 580
1136,1136,1,Personal Loan,2026-01-29,202,West,751,Alex,3,2,2,1,5 121+,6825.67,912.34,5913.33,670+
1137,1137,1,Auto,2026-01-23,198,Midwest,787,Alex,1,2,0,0,5 121+,5689.39,115.26,5574.13,670+
1138,1138,6,Personal Loan,2026-02-27,128,South,427,Taylor,4,6,2,0,5 121+,14650.03,3571.18,11078.85,Below 580
1139,1139,3,Medical,2026-02-11,168,Midwest,571,Jordan,2,1,0,0,5 121+,16063.8,883.48,15180.32,Below 580
1140,1140,1,Medical,2026-05-16,127,South,509,Alex,1,8,2,1,5 121+,18278.98,273.4,18005.58,Below 580
1141,1141,3,Auto,2026-01-04,208,West,638,Jordan,0,3,3,0,5 121+,9302.02,0.0,9302.02,580-669
1142,1142,1,Credit Card,2026-05-23,226,Midwest,464,Alex,3,4,3,0,5 121+,17903.88,4122.29,13781.59,Below 580
1143,1143,1,Medical,2026-01-03,112,West,762,Alex,2,0,0,0,4 91-120,5553.31,529.99,5023.32,670+
1144,1144,5,Auto,2026-05-01,133,Northeast,514,Riley,0,7,5,1,5 121+,7482.16,0.0,7482.16,Below 580
1145,1145,2,Medical,2026-05-01,173,South,664,Casey,4,3,0,0,5 121+,6985.59,2103.07,4882.52,580-669
1146,1146,2,Personal Loan,2026-01-28,140,Midwest,547,Casey,0,8,5,1,5 121+,792.51,0.0,792.51,Below 580
1147,1147,5,Credit Card,2026-02-01,202,Northeast,553,Riley,3,6,2,0,5 121+,16887.27,4250.09,12637.18,Below 580
1148,1148,4,Personal Loan,2026-01-15,210,West,540,Morgan,1,0,0,0,5 121+,5341.9,519.07,4822.83,Below 580
1149,1149,2,Medical,2026-05-03,93,West,805,Casey,0,8,1,0,4 91-120,904.59,0.0,904.59,670+
1150,1150,1,Personal Loan,2026-02-26,233,Midwest,588,Alex,0,6,4,1,5 121+,1489.23,0.0,1489.23,580-669
1151,1151,4,Personal Loan,2026-04-04,103,Midwest,718,Morgan,1,5,2,1,4 91-120,23570.74,1221.56,22349.18,670+
1152,1152,2,Auto,2026-04-18,129,Northeast,553,Casey,4,1,0,0,5 121+,11387.43,3522.01,7865.42,Below 580
1153,1153,4,Personal Loan,2026-01-20,206,Midwest,774,Morgan,0,2,0,0,5 121+,19334.1,0.0,19334.1,670+
1154,1154,3,Personal Loan,2026-01-26,39,South,451,Jordan,3,3,2,0,2 31-60,14817.93,4677.26,10140.67,Below 580
1155,1155,4,Auto,2026-04-05,119,Northeast,658,Morgan,1,1,0,0,4 91-120,12251.75,106.15,12145.6,580-669
1156,1156,1,Auto,2026-04-28,31,Midwest,501,Alex,2,8,3,0,2 31-60,9038.52,1512.86,7525.66,Below 580
1157,1157,1,Medical,2026-02-16,144,West,771,Alex,1,6,2,1,5 121+,16577.71,881.18,15696.53,670+
1158,1158,2,Auto,2026-04-07,17,Midwest,773,Casey,1,8,3,1,1 1-30,9176.94,453.36,8723.58,670+
1159,1159,5,Medical,2026-05-14,45,Northeast,747,Riley,0,5,3,0,2 31-60,16999.73,0.0,16999.73,670+
1160,1160,3,Auto,2026-04-18,109,Midwest,608,Jordan,2,6,0,0,4 91-120,4015.16,151.51,3863.65,580-669
1161,1161,5,Personal Loan,2026-01-08,37,South,532,Riley,1,6,1,0,2 31-60,10618.34,1260.05,9358.29,Below 580
1162,1162,4,Credit Card,2026-04-05,125,South,664,Morgan,0,6,0,0,5 121+,21056.1,0.0,21056.1,580-669
1163,1163,1,Auto,2026-04-06,148,South,652,Alex,0,3,2,0,5 121+,7870.29,0.0,7870.29,580-669
1164,1164,1,Credit Card,2026-05-26,227,Midwest,632,Alex,2,1,0,0,5 121+,23551.6,2395.13,21156.47,580-669
1165,1165,4,Auto,2026-01-07,226,West,807,Morgan,0,3,1,0,5 121+,3496.95,0.0,3496.95,670+
1166,1166,3,Medical,2026-01-03,53,South,810,Jordan,1,2,1,1,2 31-60,1879.84,145.41,1734.43,670+
1167,1167,2,Personal Loan,2026-01-29,200,South,768,Casey,3,0,0,0,5 121+,18978.82,4036.51,14942.31,670+
1168,1168,3,Credit Card,2026-04-12,40,Northeast,689,Jordan,2,1,0,0,2 31-60,14135.53,3076.13,11059.4,670+
1169,1169,4,Medical,2026-02-27,194,West,690,Morgan,3,6,0,0,5 121+,5836.01,534.69,5301.32,670+
1170,1170,4,Medical,2026-03-26,141,Midwest,459,Morgan,2,4,3,0,5 121+,7699.33,1257.33,6442.0,Below 580
1171,1171,1,Auto,2026-04-22,191,Northeast,451,Alex,3,0,0,0,5 121+,13139.64,1156.37,11983.27,Below 580
1172,1172,2,Credit Card,2026-01-27,42,South,713,Casey,1,4,2,1,2 31-60,24199.69,417.65,23782.04,670+
1173,1173,2,Medical,2026-02-10,52,South,504,Casey,1,3,1,0,2 31-60,15116.97,27.19,15089.78,Below 580
1174,1174,5,Medical,2026-01-16,86,Midwest,686,Riley,2,8,3,0,3 61-90,5261.46,383.45,4878.01,670+
1175,1175,3,Medical,2026-05-18,31,West,479,Jordan,1,1,1,0,2 31-60,1617.87,98.29,1519.58,Below 580
1176,1176,3,Auto,2026-01-15,80,South,787,Jordan,4,6,2,1,3 61-90,19136.59,2912.22,16224.37,670+
1177,1177,4,Personal Loan,2026-05-25,159,West,466,Morgan,0,2,1,0,5 121+,9020.7,0.0,9020.7,Below 580
1178,1178,3,Medical,2026-01-26,184,West,448,Jordan,3,2,1,0,5 121+,20700.5,3848.19,16852.31,Below 580
1179,1179,6,Credit Card,2026-01-27,227,West,487,Taylor,4,2,2,1,5 121+,6450.33,1969.12,4481.21,Below 580
1180,1180,2,Medical,2026-03-11,180,West,653,Casey,0,1,1,0,5 121+,3062.06,0.0,3062.06,580-669
1181,1181,1,Personal Loan,2026-03-26,24,Northeast,706,Alex,2,1,0,0,1 1-30,15374.08,936.07,14438.01,670+
1182,1182,4,Auto,2026-01-13,234,West,764,Morgan,4,4,2,0,5 121+,22202.36,6298.09,15904.27,670+
1183,1183,1,Medical,2026-03-24,188,Midwest,790,Alex,0,4,1,0,5 121+,23136.68,0.0,23136.68,670+
1184,1184,2,Auto,2026-02-23,90,Northeast,622,Casey,0,5,3,1,3 61-90,10334.72,0.0,10334.72,580-669
1185,1185,5,Medical,2026-04-02,212,Midwest,421,Riley,4,8,3,0,5 121+,22616.21,4842.02,17774.19,Below 580
1186,1186,1,Credit Card,2026-02-16,136,South,716,Alex,1,2,0,0,5 121+,15195.29,934.49,14260.8,670+
1187,1187,6,Credit Card,2026-03-06,23,Northeast,443,Taylor,1,4,2,0,1 1-30,8061.49,223.02,7838.47,Below 580
1188,1188,2,Auto,2026-04-17,10,West,596,Casey,1,0,0,0,1 1-30,17043.13,1084.55,15958.58,580-669
1189,1189,1,Personal Loan,2026-03-09,110,Northeast,697,Alex,1,7,2,0,4 91-120,14873.5,495.25,14378.25,670+
1190,1190,2,Personal Loan,2026-02-15,214,Northeast,455,Casey,3,6,2,1,5 121+,6140.02,451.55,5688.47,Below 580
1191,1191,4,Personal Loan,2026-04-22,55,West,436,Morgan,4,4,3,1,2 31-60,5944.16,1049.82,4894.34,Below 580
1192,1192,1,Credit Card,2026-02-20,164,Midwest,629,Alex,4,1,0,0,5 121+,17712.02,4087.53,13624.49,580-669
1193,1193,6,Medical,2026-03-15,117,South,813,Taylor,1,6,3,0,4 91-120,5378.15,618.07,4760.08,670+
1194,1194,4,Credit Card,2026-01-12,121,South,812,Morgan,2,7,4,1,5 121+,12136.81,2252.88,9883.93,670+
1195,1195,4,Medical,2026-03-10,56,West,611,Morgan,2,3,2,0,2 31-60,3761.88,466.02,3295.86,580-669
1196,1196,3,Personal Loan,2026-01-03,197,West,649,Jordan,4,4,1,1,5 121+,7441.9,2312.85,5129.05,580-669
1197,1197,2,Personal Loan,2026-01-01,160,West,612,Casey,2,6,1,0,5 121+,14714.64,1739.89,12974.75,580-669
1198,1198,6,Credit Card,2026-05-06,75,Northeast,769,Taylor,1,8,3,0,3 61-90,17720.35,1204.35,16516.0,670+
1199,1199,2,Auto,2026-02-03,141,South,754,Casey,0,5,2,0,5 121+,16761.29,0.0,16761.29,670+
1200,1200,5,Credit Card,2026-05-02,2,Midwest,480,Riley,4,0,0,0,1 1-30,7501.85,1829.9,5671.95,Below 580
1201,844,3,Auto,2026-03-16,8,Northeast,632,Jordan,2,3,0,0,1 1-30,10406.43,1497.59,8908.84,580-669
1202,902,6,Medical,2026-04-12,5,Northeast,608,Taylor,3,6,3,1,1 1-30,20760.45,3181.04,17579.41,580-669
1203,96,3,Auto,2026-02-25,120,Midwest,644,Jordan,1,4,3,0,4 91-120,21571.4,2184.27,19387.13,580-669
1204,645,6,Personal Loan,2026-04-13,217,West,689,Taylor,0,4,1,0,5 121+,1509.58,0.0,1509.58,670+
1205,907,4,Credit Card,2026-01-20,104,West,608,Morgan,3,0,0,0,4 91-120,23361.68,3539.28,19822.4,580-669
1206,1191,5,Medical,2026-05-02,196,West,436,Riley,4,1,0,0,5 121+,8538.71,2641.58,5897.13,Below 580
1207,950,2,Credit Card,2026-03-24,117,South,785,Casey,0,8,4,0,4 91-120,9059.46,0.0,9059.46,670+
1208,40,3,Credit Card,2026-03-02,72,South,693,Jordan,2,0,0,0,3 61-90,14208.45,2599.82,11608.63,670+
1209,697,1,Auto,2026-04-08,48,Midwest,593,Alex,0,5,3,1,2 31-60,8034.32,0.0,8034.32,580-669
1210,301,6,Credit Card,2026-03-04,119,West,664,Taylor,4,4,1,0,4 91-120,2777.65,672.79,2104.86,580-669
1211,518,4,Medical,2026-01-14,230,West,471,Morgan,4,0,0,0,5 121+,4818.29,471.09,4347.2,Below 580
1212,612,6,Credit Card,2026-02-09,114,West,720,Taylor,0,3,0,0,4 91-120,17791.7,0.0,17791.7,670+
1213,340,5,Auto,2026-04-13,140,Northeast,579,Riley,1,8,4,1,5 121+,6800.79,397.95,6402.84,Below 580
1214,231,4,Auto,2026-05-19,219,West,420,Morgan,0,2,0,0,5 121+,591.52,0.0,591.52,Below 580
1215,35,2,Medical,2026-01-09,159,Midwest,503,Casey,0,7,2,1,5 121+,22745.9,0.0,22745.9,Below 580
1216,993,5,Credit Card,2026-03-06,20,West,736,Riley,1,4,2,0,1 1-30,14509.3,38.71,14470.59,670+
1217,457,2,Auto,2026-01-05,93,South,719,Casey,1,8,2,0,4 91-120,4275.91,15.86,4260.05,670+
1218,871,2,Personal Loan,2026-04-01,128,West,515,Casey,0,8,3,0,5 121+,15383.89,0.0,15383.89,Below 580
1219,820,6,Auto,2026-04-05,38,West,442,Taylor,1,6,2,1,2 31-60,12094.95,343.37,11751.58,Below 580
1220,104,2,Personal Loan,2026-05-05,47,Northeast,537,Casey,4,0,0,0,2 31-60,7805.62,2320.07,5485.55,Below 580
1221,149,4,Auto,2026-04-09,238,South,626,Morgan,4,2,2,1,5 121+,17988.27,4536.67,13451.6,580-669
1222,657,2,Auto,2026-05-21,221,Northeast,671,Casey,3,6,2,0,5 121+,10899.7,3169.14,7730.56,670+
1223,259,2,Auto,2026-02-18,2,South,495,Casey,0,0,0,0,1 1-30,4049.96,0.0,4049.96,Below 580
1224,102,3,Auto,2026-01-18,238,South,423,Jordan,3,4,0,0,5 121+,12646.4,1185.94,11460.46,Below 580
1225,272,4,Credit Card,2026-02-08,151,West,445,Morgan,4,0,0,0,5 121+,23298.72,6855.34,16443.38,Below 580
1226,1063,1,Medical,2026-03-26,59,Northeast,725,Alex,2,6,4,1,2 31-60,6847.31,1071.65,5775.66,670+
1227,1094,4,Medical,2026-01-09,225,Midwest,567,Morgan,0,1,1,0,5 121+,16019.82,0.0,16019.82,Below 580
1228,837,4,Auto,2026-03-04,25,Northeast,565,Morgan,4,4,2,0,1 1-30,616.52,177.7,438.82,Below 580
1229,398,1,Auto,2026-03-23,169,South,560,Alex,4,3,1,1,5 121+,9959.76,1291.33,8668.43,Below 580
1230,368,5,Credit Card,2026-04-18,37,Midwest,552,Riley,2,8,3,0,2 31-60,4113.85,814.81,3299.04,Below 580
1231,264,4,Medical,2026-04-24,80,South,787,Morgan,0,0,0,0,3 61-90,22920.44,0.0,22920.44,670+
1232,157,3,Credit Card,2026-05-01,201,Midwest,622,Jordan,3,1,1,0,5 121+,17845.07,5532.87,12312.2,580-669
1233,711,5,Credit Card,2026-02-12,68,Northeast,559,Riley,2,1,0,0,3 61-90,23074.28,3371.87,19702.41,Below 580
1234,162,5,Credit Card,2026-03-30,82,West,738,Riley,3,3,2,0,3 61-90,15025.57,4090.08,10935.49,670+
1235,24,3,Medical,2026-01-01,228,Northeast,613,Jordan,0,4,3,1,5 121+,2621.41,0.0,2621.41,580-669
1236,167,2,Credit Card,2026-05-20,174,South,609,Casey,1,6,4,1,5 121+,6775.15,781.44,5993.71,580-669
1237,311,1,Auto,2026-05-17,82,South,659,Alex,1,6,4,0,3 61-90,23169.57,1781.81,21387.76,580-669
1238,43,3,Credit Card,2026-04-30,195,Midwest,747,Jordan,3,7,5,1,5 121+,13082.11,4219.29,8862.82,670+
1239,409,1,Medical,2026-02-26,207,Northeast,625,Alex,3,8,3,1,5 121+,3807.66,693.17,3114.49,580-669
1240,463,3,Auto,2026-02-07,173,Northeast,502,Jordan,0,7,4,1,5 121+,1258.72,0.0,1258.72,Below 580
1241,500,3,Personal Loan,2026-01-19,107,Midwest,421,Jordan,3,5,0,0,4 91-120,24503.78,3697.69,20806.09,Below 580
1242,1138,4,Auto,2026-02-03,1,South,427,Morgan,1,6,1,0,1 1-30,16185.45,1027.8,15157.65,Below 580
1243,17,3,Credit Card,2026-01-23,2,South,810,Jordan,1,1,0,0,1 1-30,18490.82,1547.84,16942.98,670+
1244,748,2,Medical,2026-03-02,5,Northeast,622,Casey,4,5,1,0,1 1-30,1708.48,394.02,1314.46,580-669
1245,273,1,Auto,2026-05-17,89,South,482,Alex,3,2,1,1,3 61-90,18551.57,3774.12,14777.45,Below 580
1246,462,3,Credit Card,2026-03-14,31,Midwest,763,Jordan,4,5,1,0,2 31-60,12466.9,4010.58,8456.32,670+
1247,1011,1,Auto,2026-04-05,13,Northeast,556,Alex,2,6,2,1,1 1-30,6766.62,569.8,6196.82,Below 580
1248,403,2,Personal Loan,2026-04-14,204,Northeast,713,Casey,0,5,1,0,5 121+,1172.57,0.0,1172.57,670+
1249,111,4,Personal Loan,2026-01-25,134,West,628,Morgan,3,4,1,0,5 121+,13755.4,2978.43,10776.97,580-669
1250,199,2,Personal Loan,2026-03-09,177,South,761,Casey,3,1,1,0,5 121+,15824.59,3603.21,12221.38,670+
1251,815,5,Auto,2026-05-15,190,Midwest,812,Riley,2,5,2,0,5 121+,24641.52,3267.56,21373.96,670+
1252,767,1,Auto,2026-04-12,12,West,646,Alex,1,7,2,0,1 1-30,23440.26,1283.42,22156.84,580-669
1253,273,6,Medical,2026-05-03,144,South,482,Taylor,3,2,1,0,5 121+,9421.34,1599.7,7821.64,Below 580
1254,383,5,Personal Loan,2026-04-28,42,Midwest,637,Riley,3,2,0,0,2 31-60,16273.18,3488.14,12785.04,580-669
1255,1,6,Credit Card,2026-01-25,108,Northeast,432,Taylor,4,4,3,0,4 91-120,11042.89,2088.08,8954.81,Below 580
1256,173,3,Personal Loan,2026-05-04,215,Northeast,488,Jordan,2,7,3,0,5 121+,14399.89,1936.53,12463.36,Below 580
1257,309,4,Medical,2026-02-09,126,Midwest,762,Morgan,3,8,5,1,5 121+,8230.31,1027.73,7202.58,670+
1258,590,6,Credit Card,2026-03-19,186,Midwest,466,Taylor,0,7,2,0,5 121+,6173.72,0.0,6173.72,Below 580
1259,1166,3,Credit Card,2026-04-18,215,South,810,Jordan,3,8,5,1,5 121+,6276.39,822.64,5453.75,670+
1260,1177,6,Personal Loan,2026-05-27,215,West,466,Taylor,4,5,2,0,5 121+,20817.42,5450.13,15367.29,Below 580
1261,208,4,Medical,2026-02-26,25,South,556,Morgan,1,1,1,0,1 1-30,11290.26,1408.97,9881.29,Below 580
1262,591,5,Personal Loan,2026-01-27,58,West,427,Riley,2,7,4,1,2 31-60,14322.08,254.65,14067.43,Below 580
1263,1007,6,Credit Card,2026-04-29,216,South,809,Taylor,4,8,4,1,5 121+,21639.95,6444.42,15195.53,670+
1264,958,3,Personal Loan,2026-04-05,100,South,482,Jordan,0,5,2,0,4 91-120,17311.35,0.0,17311.35,Below 580
1265,413,2,Auto,2026-01-01,205,Midwest,463,Casey,0,0,0,0,5 121+,19155.17,0.0,19155.17,Below 580
1266,289,5,Auto,2026-05-20,21,Midwest,696,Riley,3,5,2,1,1 1-30,2989.48,571.89,2417.59,670+
1267,205,3,Medical,2026-04-02,65,South,797,Jordan,3,8,2,0,3 61-90,21200.25,2593.63,18606.62,670+
1268,968,5,Personal Loan,2026-03-08,1,West,714,Riley,1,8,3,1,1 1-30,3381.95,142.19,3239.76,670+
1269,435,2,Auto,2026-03-18,15,South,637,Casey,1,5,3,0,1 1-30,11731.55,128.54,11603.01,580-669
1270,1185,6,Credit Card,2026-02-24,149,Midwest,421,Taylor,3,7,2,1,5 121+,11787.49,2721.25,9066.24,Below 580
1271,1008,4,Personal Loan,2026-02-22,130,Midwest,683,Morgan,0,5,2,0,5 121+,15345.21,0.0,15345.21,670+
1272,91,2,Medical,2026-03-06,23,West,701,Casey,2,8,3,0,1 1-30,11835.72,1777.3,10058.42,670+
1273,633,6,Credit Card,2026-04-04,131,Midwest,816,Taylor,3,3,2,0,5 121+,5268.03,1451.82,3816.21,670+
1274,1054,6,Personal Loan,2026-05-14,27,West,735,Taylor,4,0,0,0,1 1-30,17127.55,4233.62,12893.93,670+
1275,574,4,Medical,2026-04-03,117,Northeast,578,Morgan,3,3,2,0,4 91-120,23511.46,5773.96,17737.5,Below 580
1276,1085,1,Credit Card,2026-01-23,119,Midwest,732,Alex,4,4,3,1,4 91-120,16083.11,4016.51,12066.6,670+
1277,971,6,Credit Card,2026-02-06,115,Northeast,650,Taylor,4,0,0,0,4 91-120,9730.13,2086.54,7643.59,580-669
1278,1111,3,Auto,2026-04-20,14,South,446,Jordan,4,6,2,1,1 1-30,13769.03,4270.47,9498.56,Below 580
1279,133,5,Personal Loan,2026-01-17,126,West,450,Riley,4,6,1,1,5 121+,15295.08,4279.44,11015.64,Below 580
1280,310,1,Medical,2026-05-03,151,West,790,Alex,3,0,0,0,5 121+,17218.23,3944.48,13273.75,670+
1281,1120,5,Credit Card,2026-03-27,39,Midwest,750,Riley,4,8,3,0,2 31-60,4200.03,1574.27,2625.76,670+
1282,1134,4,Medical,2026-05-23,57,South,477,Morgan,2,7,3,1,2 31-60,6538.89,1088.45,5450.44,Below 580
1283,906,4,Medical,2026-04-25,189,West,774,Morgan,0,2,0,0,5 121+,1056.57,0.0,1056.57,670+
1284,68,4,Personal Loan,2026-01-11,32,Northeast,768,Morgan,0,8,3,1,2 31-60,13850.12,0.0,13850.12,670+
1285,661,2,Credit Card,2026-01-27,50,South,560,Casey,3,8,3,0,2 31-60,6891.46,1704.27,5187.19,Below 580
1286,844,3,Auto,2026-05-12,147,Northeast,632,Jordan,2,6,3,0,5 121+,12744.11,692.76,12051.35,580-669
1287,1193,3,Auto,2026-02-23,93,South,813,Jordan,3,8,3,1,4 91-120,5492.27,952.48,4539.79,670+
1288,507,5,Auto,2026-03-30,204,West,653,Riley,3,7,3,0,5 121+,11165.67,1400.75,9764.92,580-669
1289,690,1,Credit Card,2026-01-17,41,Northeast,599,Alex,1,1,0,0,2 31-60,19036.87,211.64,18825.23,580-669
1290,467,1,Personal Loan,2026-01-19,214,Northeast,652,Alex,2,4,1,0,5 121+,12524.19,1430.55,11093.64,580-669
1291,592,4,Medical,2026-02-02,51,Midwest,694,Morgan,0,2,2,1,2 31-60,22982.07,0.0,22982.07,670+
1292,1199,6,Auto,2026-01-08,181,South,754,Taylor,1,3,1,1,5 121+,24623.03,621.18,24001.85,670+
1293,4,1,Medical,2026-04-16,80,Northeast,766,Alex,3,2,0,0,3 61-90,18766.5,1468.72,17297.78,670+
1294,897,6,Auto,2026-01-19,141,Northeast,805,Taylor,1,5,2,0,5 121+,9255.89,561.78,8694.11,670+
1295,602,3,Credit Card,2026-04-14,157,Northeast,745,Jordan,1,5,4,1,5 121+,5545.64,286.94,5258.7,670+
1296,505,4,Auto,2026-01-29,192,West,596,Morgan,1,1,0,0,5 121+,23551.28,2000.24,21551.04,580-669
1297,686,5,Personal Loan,2026-04-02,149,Midwest,600,Riley,1,7,3,0,5 121+,16496.74,1686.04,14810.7,580-669
1298,524,3,Auto,2026-02-23,123,West,752,Jordan,1,0,0,0,5 121+,11870.17,483.34,11386.83,670+
1299,479,2,Credit Card,2026-03-18,64,Midwest,701,Casey,2,1,1,0,3 61-90,20163.81,2660.32,17503.49,670+
1300,305,2,Personal Loan,2026-03-16,23,South,669,Casey,0,4,1,0,1 1-30,24837.85,0.0,24837.85,580-669
1301,29,3,Personal Loan,2026-02-04,73,Northeast,443,Jordan,1,6,2,0,3 61-90,838.78,82.22,756.56,Below 580
1302,423,3,Credit Card,2026-03-04,83,South,555,Jordan,0,1,0,0,3 61-90,4097.62,0.0,4097.62,Below 580
1303,350,4,Credit Card,2026-05-04,204,West,670,Morgan,0,7,3,0,5 121+,22933.68,0.0,22933.68,670+
1304,5,6,Medical,2026-04-15,221,Northeast,722,Taylor,3,3,0,0,5 121+,23481.25,2826.03,20655.22,670+
1305,687,3,Credit Card,2026-05-09,172,Northeast,715,Jordan,2,1,0,0,5 121+,18608.37,2639.18,15969.19,670+
1306,838,4,Auto,2026-02-09,9,Northeast,810,Morgan,0,5,0,0,1 1-30,1645.4,0.0,1645.4,670+
1307,77,3,Credit Card,2026-02-04,81,Northeast,740,Jordan,1,2,1,0,3 61-90,6230.68,181.03,6049.65,670+
1308,234,1,Medical,2026-01-25,65,Midwest,739,Alex,4,5,2,0,3 61-90,2444.35,321.53,2122.82,670+
1309,624,2,Medical,2026-03-27,128,South,482,Casey,3,4,2,0,5 121+,5794.9,1007.91,4786.99,Below 580
1310,930,4,Auto,2026-04-02,160,West,710,Morgan,1,8,3,1,5 121+,10881.62,735.42,10146.2,670+
1311,505,3,Credit Card,2026-04-10,158,West,596,Jordan,3,3,1,0,5 121+,7114.67,1333.43,5781.24,580-669
1312,890,4,Personal Loan,2026-04-24,170,West,438,Morgan,1,8,3,1,5 121+,11857.96,896.21,10961.75,Below 580
1313,556,3,Medical,2026-05-21,240,Midwest,653,Jordan,2,6,1,0,5 121+,9920.63,989.07,8931.56,580-669
1314,197,4,Personal Loan,2026-05-20,220,Northeast,603,Morgan,1,1,0,0,5 121+,3736.49,451.58,3284.91,580-669
1315,946,6,Credit Card,2026-05-12,7,Midwest,775,Taylor,1,3,1,0,1 1-30,8751.63,40.3,8711.33,670+
1316,1099,3,Auto,2026-01-02,208,Northeast,567,Jordan,3,3,2,1,5 121+,4502.15,1010.68,3491.47,Below 580
1317,377,4,Personal Loan,2026-03-18,164,West,649,Morgan,2,2,1,0,5 121+,19039.72,4180.2,14859.52,580-669
1318,223,2,Auto,2026-04-14,35,South,717,Casey,4,4,3,1,2 31-60,9103.13,2456.81,6646.32,670+
1319,943,5,Credit Card,2026-04-09,158,Northeast,554,Riley,3,5,2,0,5 121+,12752.88,2880.51,9872.37,Below 580
1320,558,5,Credit Card,2026-04-13,194,West,667,Riley,0,3,1,0,5 121+,10855.67,0.0,10855.67,580-669
1321,206,5,Personal Loan,2026-02-22,11,Midwest,820,Riley,4,0,0,0,1 1-30,11976.95,3182.79,8794.16,670+
1322,187,5,Credit Card,2026-01-19,102,Midwest,502,Riley,0,4,4,0,4 91-120,11029.6,0.0,11029.6,Below 580
1323,1085,2,Auto,2026-02-11,218,Midwest,732,Casey,3,0,0,0,5 121+,2121.2,492.46,1628.74,670+
1324,250,2,Medical,2026-03-05,66,Midwest,658,Casey,4,3,0,0,3 61-90,12746.44,3311.82,9434.62,580-669
1325,783,5,Credit Card,2026-01-26,20,Northeast,678,Riley,2,7,4,1,1 1-30,9115.47,1181.4,7934.07,670+
1326,181,6,Personal Loan,2026-05-14,23,West,548,Taylor,0,2,0,0,1 1-30,23805.45,0.0,23805.45,Below 580
1327,154,6,Medical,2026-02-04,111,Midwest,553,Taylor,3,6,2,0,4 91-120,20824.71,4219.57,16605.14,Below 580
1328,511,2,Medical,2026-05-28,30,West,442,Casey,2,1,0,0,1 1-30,12506.95,963.96,11542.99,Below 580
1329,888,5,Medical,2026-01-14,99,South,489,Riley,0,6,1,0,4 91-120,17737.1,0.0,17737.1,Below 580
1330,134,4,Auto,2026-04-04,149,South,614,Morgan,4,3,1,0,5 121+,12369.7,3998.04,8371.66,580-669
1331,713,4,Auto,2026-03-29,53,West,668,Morgan,2,2,1,0,2 31-60,18648.16,1750.94,16897.22,580-669
1332,741,2,Auto,2026-04-10,93,Northeast,586,Casey,0,4,1,0,4 91-120,17453.68,0.0,17453.68,580-669
1333,1043,4,Auto,2026-02-26,220,Northeast,621,Morgan,1,8,4,1,5 121+,713.64,31.35,682.29,580-669
1334,967,1,Auto,2026-05-18,43,West,813,Alex,1,1,1,0,2 31-60,6402.16,667.32,5734.84,670+
1335,293,2,Medical,2026-02-11,46,South,781,Casey,1,4,1,1,2 31-60,6372.31,738.84,5633.47,670+
1336,559,1,Credit Card,2026-03-18,9,Northeast,541,Alex,4,1,0,0,1 1-30,1840.07,486.34,1353.73,Below 580
1337,61,6,Personal Loan,2026-03-05,49,South,741,Taylor,2,8,1,0,2 31-60,15055.46,1613.11,13442.35,670+
1338,36,5,Credit Card,2026-01-08,6,Midwest,601,Riley,2,3,2,0,1 1-30,5853.01,531.21,5321.8,580-669
1339,538,6,Personal Loan,2026-05-11,120,Midwest,611,Taylor,4,2,1,0,4 91-120,4510.04,1270.25,3239.79,580-669
1340,455,4,Personal Loan,2026-02-27,127,South,660,Morgan,4,3,2,1,5 121+,1446.77,208.28,1238.49,580-669
1341,1180,5,Credit Card,2026-03-03,81,West,653,Riley,2,7,3,1,3 61-90,17381.96,2371.5,15010.46,580-669
1342,611,6,Personal Loan,2026-05-26,228,West,609,Taylor,1,6,0,0,5 121+,2548.45,180.33,2368.12,580-669
1343,849,4,Credit Card,2026-03-23,237,Northeast,583,Morgan,1,8,2,0,5 121+,6535.67,558.21,5977.46,580-669
1344,370,4,Personal Loan,2026-03-19,205,Midwest,704,Morgan,0,8,2,0,5 121+,19786.75,0.0,19786.75,670+
1345,222,5,Personal Loan,2026-03-05,136,Northeast,553,Riley,2,0,0,0,5 121+,17206.76,1585.29,15621.47,Below 580
1346,1154,4,Auto,2026-04-09,3,South,451,Morgan,1,5,2,0,1 1-30,7803.0,373.79,7429.21,Below 580
1347,1102,3,Medical,2026-02-26,134,Midwest,802,Jordan,3,6,2,1,5 121+,3963.1,453.16,3509.94,670+
1348,179,3,Auto,2026-02-03,118,Midwest,524,Jordan,4,7,3,1,4 91-120,1609.09,398.65,1210.44,Below 580
1349,196,4,Credit Card,2026-02-08,27,Midwest,606,Morgan,4,1,0,0,1 1-30,2390.92,550.97,1839.95,580-669
1350,1192,6,Personal Loan,2026-01-06,110,Midwest,629,Taylor,0,6,0,0,4 91-120,8209.42,0.0,8209.42,580-669
1351,293,5,Medical,2026-04-26,0,South,781,Riley,2,1,1,0,0 Current,24800.41,2541.0,22259.41,670+
1352,155,5,Personal Loan,2026-04-30,84,South,762,Riley,3,7,6,1,3 61-90,20023.36,4909.55,15113.81,670+
1353,877,6,Personal Loan,2026-04-20,14,Midwest,802,Taylor,2,1,0,0,1 1-30,18146.28,2182.41,15963.87,670+
1354,178,5,Personal Loan,2026-05-28,122,South,787,Riley,4,3,1,0,5 121+,7215.96,2003.38,5212.58,670+
1355,687,2,Medical,2026-05-03,34,Northeast,715,Casey,1,7,2,1,2 31-60,18433.92,530.15,17903.77,670+
1356,312,3,Personal Loan,2026-01-22,49,South,738,Jordan,0,0,0,0,2 31-60,3986.57,0.0,3986.57,670+
1357,690,4,Medical,2026-01-08,145,Northeast,599,Morgan,4,8,2,0,5 121+,10769.38,2142.92,8626.46,580-669
1358,286,5,Credit Card,2026-03-29,24,West,459,Riley,0,4,3,0,1 1-30,9321.01,0.0,9321.01,Below 580
1359,756,2,Credit Card,2026-04-21,206,South,540,Casey,1,4,3,1,5 121+,19169.53,1288.87,17880.66,Below 580
1360,962,5,Auto,2026-03-22,66,Midwest,659,Riley,4,4,1,0,3 61-90,16685.93,3514.27,13171.66,580-669
1361,1163,2,Auto,2026-04-16,83,South,652,Casey,3,2,1,0,3 61-90,24768.01,3689.12,21078.89,580-669
1362,45,6,Auto,2026-03-01,149,Midwest,813,Taylor,1,4,1,0,5 121+,13904.01,684.76,13219.25,670+
1363,402,2,Personal Loan,2026-01-02,228,West,472,Casey,3,0,0,0,5 121+,8303.35,2414.41,5888.94,Below 580
1364,1162,4,Auto,2026-03-15,219,South,664,Morgan,1,8,3,0,5 121+,14965.68,989.31,13976.37,580-669
1365,553,5,Personal Loan,2026-02-09,16,West,596,Riley,3,6,3,0,1 1-30,2853.01,900.92,1952.09,580-669
1366,550,5,Medical,2026-05-13,99,Northeast,658,Riley,2,3,2,1,4 91-120,12754.83,1980.12,10774.71,580-669
1367,1107,6,Auto,2026-05-11,127,Northeast,735,Taylor,0,3,2,0,5 121+,7478.71,0.0,7478.71,670+
1368,273,5,Credit Card,2026-03-15,143,South,482,Riley,2,0,0,0,5 121+,18739.59,2608.83,16130.76,Below 580
1369,536,2,Personal Loan,2026-01-30,195,Northeast,586,Casey,0,3,0,0,5 121+,8376.78,0.0,8376.78,580-669
1370,1087,3,Credit Card,2026-01-29,138,South,562,Jordan,0,3,2,0,5 121+,20431.05,0.0,20431.05,Below 580
1371,126,3,Personal Loan,2026-01-18,61,South,458,Jordan,0,5,1,0,3 61-90,3069.05,0.0,3069.05,Below 580
1372,939,3,Personal Loan,2026-02-25,90,Midwest,547,Jordan,4,6,2,1,3 61-90,20519.9,2226.98,18292.92,Below 580
1373,211,4,Auto,2026-01-10,229,Northeast,660,Morgan,4,1,0,0,5 121+,6991.42,2782.82,4208.6,580-669
1374,866,5,Credit Card,2026-04-10,21,Northeast,743,Riley,4,3,1,0,1 1-30,18296.14,6372.25,11923.89,670+
1375,425,5,Personal Loan,2026-01-08,48,South,508,Riley,2,5,2,1,2 31-60,14460.29,2367.9,12092.39,Below 580
1376,327,3,Auto,2026-05-11,102,Northeast,819,Jordan,1,7,3,0,4 91-120,7340.67,133.55,7207.12,670+
1377,419,3,Medical,2026-02-08,230,West,576,Jordan,3,5,3,1,5 121+,22119.05,4145.62,17973.43,Below 580
1378,957,5,Medical,2026-03-03,240,South,605,Riley,0,8,3,1,5 121+,685.31,0.0,685.31,580-669
1379,1027,1,Personal Loan,2026-04-27,35,Northeast,564,Alex,2,0,0,0,2 31-60,5363.44,699.21,4664.23,Below 580
1380,170,4,Medical,2026-01-16,18,Midwest,733,Morgan,0,2,1,0,1 1-30,861.55,0.0,861.55,670+
1381,107,6,Personal Loan,2026-05-06,189,South,562,Taylor,3,1,1,0,5 121+,9585.12,2635.09,6950.03,Below 580
1382,1188,6,Auto,2026-04-20,27,West,596,Taylor,3,6,1,1,1 1-30,5546.14,1494.41,4051.73,580-669
1383,940,2,Medical,2026-04-08,177,Northeast,433,Casey,1,1,0,0,5 121+,15789.46,343.4,15446.06,Below 580
1384,742,1,Personal Loan,2026-01-04,122,South,736,Alex,1,1,0,0,5 121+,19737.37,1114.5,18622.87,670+
1385,77,3,Credit Card,2026-01-30,11,Northeast,740,Jordan,0,6,2,1,1 1-30,3965.16,0.0,3965.16,670+
1386,452,2,Personal Loan,2026-04-27,73,Northeast,811,Casey,4,6,4,1,3 61-90,23833.14,5574.4,18258.74,670+
1387,285,6,Auto,2026-01-24,108,South,560,Taylor,2,6,3,1,4 91-120,21255.73,1531.2,19724.53,Below 580
1388,623,1,Auto,2026-04-11,202,West,561,Alex,0,5,1,0,5 121+,2581.61,0.0,2581.61,Below 580
1389,406,6,Medical,2026-02-21,81,Midwest,514,Taylor,3,0,0,0,3 61-90,2891.59,362.41,2529.18,Below 580
1390,481,5,Credit Card,2026-01-10,141,West,777,Riley,3,8,5,1,5 121+,2698.45,704.26,1994.19,670+
1391,452,6,Auto,2026-01-13,106,Northeast,811,Taylor,3,0,0,0,4 91-120,11510.55,1803.12,9707.43,670+
1392,281,2,Auto,2026-05-12,133,Midwest,804,Casey,0,5,2,1,5 121+,3953.9,0.0,3953.9,670+
1393,75,1,Personal Loan,2026-02-26,174,Midwest,676,Alex,4,3,0,0,5 121+,3589.11,1066.72,2522.39,670+
1394,632,6,Medical,2026-05-30,170,South,539,Taylor,3,6,1,0,5 121+,5734.15,907.85,4826.3,Below 580
1395,180,1,Auto,2026-05-15,225,Midwest,678,Alex,1,2,0,0,5 121+,15496.1,1215.57,14280.53,670+
1396,1055,6,Credit Card,2026-04-24,145,Midwest,723,Taylor,1,1,1,1,5 121+,22089.05,2356.43,19732.62,670+
1397,1128,2,Credit Card,2026-03-25,118,Midwest,439,Casey,2,8,3,0,4 91-120,7588.71,1098.22,6490.49,Below 580
1398,61,3,Credit Card,2026-05-17,235,South,741,Jordan,2,5,2,0,5 121+,1533.33,96.72,1436.61,670+
1399,165,4,Credit Card,2026-05-17,215,Midwest,487,Morgan,2,5,0,0,5 121+,22850.47,2982.01,19868.46,Below 580
1400,949,6,Credit Card,2026-05-06,160,Northeast,651,Taylor,1,2,0,0,5 121+,15162.48,1694.43,13468.05,580-669
1401,28,6,Credit Card,2026-02-08,164,South,780,Taylor,4,2,0,0,5 121+,14756.24,3860.06,10896.18,670+
1402,1149,6,Credit Card,2026-02-23,98,West,805,Taylor,1,7,4,1,4 91-120,5493.99,64.85,5429.14,670+
1403,189,6,Personal Loan,2026-03-25,78,West,707,Taylor,3,6,2,1,3 61-90,21254.17,4817.86,16436.31,670+
1404,858,5,Personal Loan,2026-04-20,237,South,496,Riley,4,8,3,0,5 121+,23525.59,6491.96,17033.63,Below 580
1405,326,2,Auto,2026-05-11,197,South,752,Casey,4,5,1,0,5 121+,12694.0,3938.47,8755.53,670+
1406,822,3,Auto,2026-02-14,42,South,647,Jordan,0,0,0,0,2 31-60,22814.18,0.0,22814.18,580-669
1407,353,3,Medical,2026-04-28,145,West,782,Jordan,0,7,2,1,5 121+,8765.87,0.0,8765.87,670+
1408,79,3,Medical,2026-03-31,176,South,498,Jordan,0,4,1,1,5 121+,5111.16,0.0,5111.16,Below 580
1409,543,4,Medical,2026-01-17,211,South,460,Morgan,1,5,1,0,5 121+,6341.37,654.18,5687.19,Below 580
1410,306,3,Auto,2026-02-17,215,South,559,Jordan,3,8,3,1,5 121+,19823.95,4809.51,15014.44,Below 580
1411,733,3,Personal Loan,2026-05-03,193,West,799,Jordan,1,0,0,0,5 121+,13268.98,1199.49,12069.49,670+
1412,382,4,Credit Card,2026-04-17,106,Midwest,662,Morgan,3,2,1,0,4 91-120,6192.19,1376.53,4815.66,580-669
1413,528,4,Credit Card,2026-04-19,44,Northeast,736,Morgan,3,7,3,1,2 31-60,7495.51,560.58,6934.93,670+
1414,67,3,Personal Loan,2026-01-16,184,Midwest,703,Jordan,4,2,1,0,5 121+,13534.41,3655.86,9878.55,670+
1415,79,5,Personal Loan,2026-05-16,128,South,498,Riley,2,2,1,0,5 121+,23822.57,2023.84,21798.73,Below 580
1416,95,3,Medical,2026-04-13,141,Midwest,624,Jordan,1,3,1,0,5 121+,12989.79,632.71,12357.08,580-669
1417,679,1,Personal Loan,2026-02-17,151,Midwest,486,Alex,0,4,1,0,5 121+,3181.14,0.0,3181.14,Below 580
1418,79,1,Medical,2026-04-06,170,South,498,Alex,4,2,1,0,5 121+,9938.18,990.92,8947.26,Below 580
1419,926,1,Medical,2026-04-10,219,West,437,Alex,1,6,2,0,5 121+,14749.39,1344.92,13404.47,Below 580
1420,447,4,Auto,2026-01-20,111,Northeast,726,Morgan,3,7,2,0,4 91-120,14016.69,2750.44,11266.25,670+
1421,773,2,Medical,2026-02-15,143,Midwest,566,Casey,3,5,1,0,5 121+,746.55,95.38,651.17,Below 580
1422,300,5,Medical,2026-03-18,201,Northeast,811,Riley,3,8,0,0,5 121+,3385.99,497.58,2888.41,670+
1423,484,3,Medical,2026-05-21,8,South,783,Jordan,4,3,2,0,1 1-30,7590.84,2699.75,4891.09,670+
1424,780,6,Credit Card,2026-05-03,119,South,451,Taylor,4,0,0,0,4 91-120,10798.4,3502.02,7296.38,Below 580
1425,527,1,Credit Card,2026-04-01,199,West,697,Alex,0,7,1,0,5 121+,5927.49,0.0,5927.49,670+
1426,166,3,Credit Card,2026-01-02,225,Midwest,455,Jordan,4,6,1,0,5 121+,22691.48,4804.75,17886.73,Below 580
1427,1027,6,Auto,2026-04-25,192,Northeast,564,Taylor,1,5,2,1,5 121+,5379.19,567.91,4811.28,Below 580
1428,202,4,Medical,2026-05-07,139,South,541,Morgan,4,3,3,0,5 121+,9202.05,2058.87,7143.18,Below 580
1429,801,3,Auto,2026-01-18,45,Northeast,578,Jordan,3,1,0,0,2 31-60,13163.69,2492.91,10670.78,Below 580
1430,210,2,Personal Loan,2026-01-25,47,Northeast,615,Casey,2,6,4,1,2 31-60,13007.0,1655.91,11351.09,580-669
1431,45,4,Medical,2026-04-10,96,Midwest,813,Morgan,4,3,3,1,4 91-120,21912.5,3748.58,18163.92,670+
1432,119,4,Auto,2026-01-30,84,West,792,Morgan,4,1,0,0,3 61-90,7532.47,1257.39,6275.08,670+
1433,322,5,Personal Loan,2026-02-13,122,West,549,Riley,0,8,4,0,5 121+,5880.55,0.0,5880.55,Below 580
1434,277,2,Credit Card,2026-01-15,125,West,733,Casey,0,1,0,0,5 121+,13742.41,0.0,13742.41,670+
1435,729,4,Credit Card,2026-04-15,141,West,509,Morgan,4,6,3,1,5 121+,14582.44,2221.49,12360.95,Below 580
1436,625,4,Auto,2026-04-17,55,West,466,Morgan,3,8,4,1,2 31-60,4835.05,820.05,4015.0,Below 580
1437,247,4,Medical,2026-02-26,19,Northeast,575,Morgan,3,0,0,0,1 1-30,8656.66,1876.21,6780.45,Below 580
1438,116,6,Medical,2026-01-12,121,West,793,Taylor,1,4,2,0,5 121+,13522.15,1586.47,11935.68,670+
1439,987,2,Personal Loan,2026-05-21,187,South,507,Casey,1,5,2,0,5 121+,5686.77,212.01,5474.76,Below 580
1440,368,4,Credit Card,2026-03-07,209,Midwest,552,Morgan,1,0,0,0,5 121+,21200.19,994.97,20205.22,Below 580
1441,478,4,Personal Loan,2026-02-01,91,Northeast,524,Morgan,2,3,1,0,4 91-120,23233.12,1851.63,21381.49,Below 580
1442,692,5,Credit Card,2026-05-01,166,Midwest,713,Riley,4,8,3,1,5 121+,17274.81,5914.29,11360.52,670+
1443,1041,4,Credit Card,2026-01-24,17,Midwest,739,Morgan,1,3,1,0,1 1-30,18054.71,575.68,17479.03,670+
1444,370,1,Personal Loan,2026-02-27,33,Midwest,704,Alex,1,4,4,0,2 31-60,12820.1,457.57,12362.53,670+
1445,481,2,Auto,2026-04-16,80,West,777,Casey,2,4,1,0,3 61-90,10802.61,319.61,10483.0,670+
1446,15,3,Personal Loan,2026-03-13,112,West,594,Jordan,3,1,0,0,4 91-120,10761.39,2304.6,8456.79,580-669
1447,1180,5,Personal Loan,2026-03-12,26,West,653,Riley,2,8,2,0,1 1-30,838.24,132.61,705.63,580-669
1448,409,1,Personal Loan,2026-01-20,98,Northeast,625,Alex,2,2,1,0,4 91-120,3461.14,542.8,2918.34,580-669
1449,1195,4,Auto,2026-04-08,153,West,611,Morgan,1,5,2,0,5 121+,16505.66,2042.57,14463.09,580-669
1450,473,5,Personal Loan,2026-02-19,32,West,631,Riley,2,6,4,1,2 31-60,1181.26,175.27,1005.99,580-669
1451,1079,6,Auto,2026-04-05,111,Midwest,759,Taylor,4,2,0,0,4 91-120,4800.31,1580.14,3220.17,670+
1452,704,3,Credit Card,2026-02-04,115,West,652,Jordan,2,2,2,0,4 91-120,23756.78,1204.41,22552.37,580-669
1453,17,4,Medical,2026-04-06,145,South,810,Morgan,3,1,0,0,5 121+,11907.64,2838.66,9068.98,670+
1454,256,4,Medical,2026-01-12,1,Midwest,467,Morgan,0,5,4,1,1 1-30,11347.06,0.0,11347.06,Below 580
1455,881,4,Auto,2026-04-07,150,Northeast,815,Morgan,4,0,0,0,5 121+,22157.07,2154.72,20002.35,670+
1456,902,5,Credit Card,2026-01-22,20,Northeast,608,Riley,0,3,0,0,1 1-30,11441.35,0.0,11441.35,580-669
1457,668,4,Credit Card,2026-04-02,167,West,593,Morgan,2,6,3,0,5 121+,18067.05,2129.06,15937.99,580-669
1458,672,5,Credit Card,2026-04-22,226,West,580,Riley,2,6,2,1,5 121+,24637.53,3476.77,21160.76,580-669
1459,267,1,Personal Loan,2026-02-01,14,South,755,Alex,1,7,4,0,1 1-30,13110.7,1422.73,11687.97,670+
1460,662,2,Personal Loan,2026-01-14,56,Midwest,615,Casey,0,1,1,0,2 31-60,16663.27,0.0,16663.27,580-669
1461,1184,5,Auto,2026-02-06,153,Northeast,622,Riley,2,8,1,0,5 121+,18924.52,244.37,18680.15,580-669
1462,529,6,Auto,2026-03-14,130,Northeast,540,Taylor,4,1,1,1,5 121+,9361.92,1961.27,7400.65,Below 580
1463,901,3,Auto,2026-02-20,22,Midwest,559,Jordan,3,7,2,0,1 1-30,9826.04,2652.41,7173.63,Below 580
1464,1001,5,Auto,2026-05-11,67,West,632,Riley,3,3,1,0,3 61-90,23747.68,4925.8,18821.88,580-669
1465,942,6,Personal Loan,2026-02-18,224,West,707,Taylor,0,3,0,0,5 121+,19211.84,0.0,19211.84,670+
1466,863,4,Auto,2026-02-08,90,West,747,Morgan,0,4,2,0,3 61-90,1444.86,0.0,1444.86,670+
1467,120,5,Credit Card,2026-02-23,164,Midwest,475,Riley,0,4,2,0,5 121+,2991.2,0.0,2991.2,Below 580
1468,684,5,Auto,2026-03-29,93,West,789,Riley,1,3,1,0,4 91-120,10741.07,906.41,9834.66,670+
1469,956,3,Credit Card,2026-01-04,218,South,784,Jordan,4,5,3,1,5 121+,2044.3,646.28,1398.02,670+
1470,652,1,Medical,2026-01-23,191,Northeast,792,Alex,3,7,1,0,5 121+,23468.78,5351.64,18117.14,670+
1471,764,6,Medical,2026-02-07,94,Midwest,741,Taylor,3,4,1,0,4 91-120,1163.65,194.11,969.54,670+
1472,570,3,Auto,2026-03-15,174,South,737,Jordan,1,6,1,1,5 121+,1227.67,112.09,1115.58,670+
1473,185,5,Personal Loan,2026-03-04,116,Midwest,814,Riley,4,2,0,0,4 91-120,9442.84,1616.0,7826.84,670+
1474,341,6,Medical,2026-01-27,200,West,623,Taylor,4,6,2,1,5 121+,1199.9,392.06,807.84,580-669
1475,401,3,Personal Loan,2026-04-01,230,South,746,Jordan,3,8,4,0,5 121+,22063.61,3211.64,18851.97,670+
1476,769,5,Personal Loan,2026-01-20,92,Northeast,600,Riley,4,3,0,0,4 91-120,7664.25,1884.52,5779.73,580-669
1477,1092,2,Credit Card,2026-01-11,209,West,582,Casey,2,2,2,1,5 121+,2827.3,442.24,2385.06,580-669
1478,496,4,Credit Card,2026-04-05,215,South,726,Morgan,4,4,2,1,5 121+,24585.08,5028.56,19556.52,670+
1479,111,2,Credit Card,2026-04-02,82,West,628,Casey,1,0,0,0,3 61-90,15701.97,112.21,15589.76,580-669
1480,922,1,Auto,2026-03-20,136,Northeast,458,Alex,0,1,1,0,5 121+,12950.06,0.0,12950.06,Below 580
1481,1125,5,Personal Loan,2026-04-15,169,West,510,Riley,2,3,1,0,5 121+,15623.08,1924.58,13698.5,Below 580
1482,833,2,Personal Loan,2026-02-17,87,South,548,Casey,1,4,3,1,3 61-90,4622.18,46.09,4576.09,Below 580
1483,121,1,Medical,2026-04-08,40,South,518,Alex,2,2,1,0,2 31-60,4412.59,372.9,4039.69,Below 580
1484,824,3,Medical,2026-01-22,166,West,539,Jordan,3,7,2,0,5 121+,21438.86,3204.49,18234.37,Below 580
1485,63,2,Credit Card,2026-02-21,165,West,725,Casey,3,3,2,1,5 121+,7122.83,1356.22,5766.61,670+
1486,1049,3,Credit Card,2026-02-17,180,Northeast,490,Jordan,1,6,3,0,5 121+,2374.68,217.01,2157.67,Below 580
1487,699,4,Credit Card,2026-03-09,183,South,493,Morgan,4,8,0,0,5 121+,19422.81,5957.0,13465.81,Below 580
1488,781,6,Personal Loan,2026-05-11,108,West,472,Taylor,4,2,2,0,4 91-120,19072.27,3026.66,16045.61,Below 580
1489,783,5,Credit Card,2026-01-26,236,Northeast,678,Riley,2,1,1,0,5 121+,8617.22,1014.94,7602.28,670+
1490,425,1,Personal Loan,2026-02-24,31,South,508,Alex,2,2,1,0,2 31-60,21846.47,3000.8,18845.67,Below 580
1491,1154,4,Credit Card,2026-02-01,92,South,451,Morgan,1,2,1,0,4 91-120,11389.06,816.42,10572.64,Below 580
1492,116,2,Personal Loan,2026-04-15,186,West,793,Casey,1,7,4,0,5 121+,20390.73,340.54,20050.19,670+
1493,1096,6,Medical,2026-02-12,223,West,622,Taylor,1,8,2,0,5 121+,15916.58,1387.66,14528.92,580-669
1494,38,5,Auto,2026-04-15,71,Midwest,779,Riley,2,5,3,1,3 61-90,21270.57,2576.48,18694.09,670+
1495,1001,5,Personal Loan,2026-03-26,137,West,632,Riley,3,8,4,0,5 121+,7153.87,1310.45,5843.42,580-669
1496,893,3,Personal Loan,2026-03-23,227,Northeast,581,Jordan,0,6,1,0,5 121+,3517.44,0.0,3517.44,580-669
1497,393,4,Credit Card,2026-01-16,21,Midwest,471,Morgan,2,2,1,1,1 1-30,5124.52,824.65,4299.87,Below 580
1498,441,6,Personal Loan,2026-03-13,197,Midwest,724,Taylor,4,4,4,1,5 121+,23210.06,5899.86,17310.2,670+
1499,403,2,Personal Loan,2026-03-12,141,Northeast,713,Casey,0,1,1,0,5 121+,840.01,0.0,840.01,670+
1500,496,6,Personal Loan,2026-02-26,203,South,726,Taylor,4,4,0,0,5 121+,18897.62,4224.45,14673.17,670+
