account_id,customer_id,snapshot_date,days_past_due,credit_score,monthly_income,balance,utilization,missed_payments_6m,portfolio,outcome_end_date,future_90dpd
1,1,2025-09-16,55,455,2788.76,10009.35,0.63,1,Credit Card,2025-12-15,1
2,2,2025-07-11,74,730,5525.81,1887.16,0.9384,1,Personal Loan,2025-10-09,0
3,3,2025-06-05,57,682,,10517.49,0.3499,1,Medical,2025-09-03,0
4,4,2025-01-31,53,595,2117.35,19420.91,0.3639,2,Auto,2025-05-01,1
5,5,2025-04-24,42,593,3907.44,5327.2,0.3822,1,Medical,2025-07-23,0
6,6,2025-12-29,22,764,8071.8,13776.24,0.2738,0,Personal Loan,2026-03-29,1
7,7,2025-06-02,25,454,5471.64,1396.35,0.5675,1,Medical,2025-08-31,1
8,8,2025-05-16,67,699,11026.03,22492.42,0.723,1,Medical,2025-08-14,0
9,9,2025-12-30,6,500,4816.26,20590.12,0.5242,3,Personal Loan,2026-03-30,1
10,10,2025-01-02,7,457,13379.93,13348.03,0.5608,0,Credit Card,2025-04-02,1
11,11,2025-08-19,35,631,4816.89,17791.78,0.3912,2,Medical,2025-11-17,1
12,12,2025-08-10,69,811,4492.28,3045.95,0.7778,2,Personal Loan,2025-11-08,1
13,13,2025-09-13,59,715,2500.57,21207.63,0.4868,3,Auto,2025-12-12,1
14,14,2025-01-03,53,725,7330.16,18023.91,0.3487,2,Credit Card,2025-04-03,0
15,15,2025-10-22,48,707,3547.66,3439.2,0.7908,1,Personal Loan,2026-01-20,0
16,16,2025-11-26,9,735,3323.68,24526.89,0.7964,0,Personal Loan,2026-02-24,0
17,17,2025-08-28,29,625,7915.31,1052.0,0.7574,5,Credit Card,2025-11-26,1
18,18,2025-08-08,7,471,7489.07,15898.52,0.5539,1,Personal Loan,2025-11-06,1
19,19,2025-07-15,68,756,7401.39,4708.0,0.7176,0,Credit Card,2025-10-13,0
20,20,2025-05-01,67,600,3778.24,18121.81,0.4207,0,Medical,2025-07-30,0
21,21,2025-11-29,23,620,4346.22,2224.95,0.2333,1,Personal Loan,2026-02-27,0
22,22,2025-05-03,26,568,4328.89,2486.97,0.6838,1,Auto,2025-08-01,1
23,23,2025-10-16,28,493,6324.16,11924.15,0.6262,0,Auto,2026-01-14,1
24,24,2025-02-07,80,791,8947.27,24853.23,0.838,1,Medical,2025-05-08,0
25,25,2025-02-15,43,733,5248.33,7274.65,0.9323,3,Personal Loan,2025-05-16,0
26,26,2025-06-03,68,678,10815.13,15506.94,0.6132,2,Medical,2025-09-01,0
27,27,2025-01-09,40,581,6659.09,13205.68,0.6566,1,Medical,2025-04-09,1
28,28,2025-07-03,62,749,4001.16,21131.93,0.6161,1,Medical,2025-10-01,0
29,29,2025-07-31,47,638,6457.0,7570.45,0.1289,2,Medical,2025-10-29,0
30,30,2025-02-25,25,597,9582.3,14096.14,0.4556,1,Personal Loan,2025-05-26,0
31,31,2025-08-08,78,600,10929.6,23790.28,0.4479,0,Auto,2025-11-06,1
32,32,2025-09-05,63,511,7586.31,8648.35,0.8207,0,Credit Card,2025-12-04,0
33,33,2025-03-12,69,456,4498.74,11265.44,0.4181,1,Auto,2025-06-10,1
34,34,2025-04-27,85,642,,22275.93,0.4002,0,Personal Loan,2025-07-26,0
35,35,2025-10-23,22,776,5763.1,8646.22,0.5676,1,Auto,2026-01-21,0
36,36,2025-01-25,8,445,9445.45,9826.51,0.8459,0,Personal Loan,2025-04-25,1
37,37,2025-08-30,52,764,5405.63,7950.91,0.9806,2,Personal Loan,2025-11-28,1
38,38,2025-04-01,29,751,5456.37,20333.52,0.2917,3,Auto,2025-06-30,0
39,39,2025-09-16,39,530,4551.12,23294.48,0.4774,1,Credit Card,2025-12-15,1
40,40,2025-01-14,21,673,3837.01,15961.92,0.8684,4,Medical,2025-04-14,1
41,41,2025-10-29,35,486,4134.16,15778.94,0.9574,2,Personal Loan,2026-01-27,1
42,42,2025-11-29,35,723,4726.51,10055.09,0.5298,0,Credit Card,2026-02-27,1
43,43,2025-08-04,31,700,9634.88,805.85,0.7145,0,Auto,2025-11-02,1
44,44,2025-06-18,66,562,3992.32,4761.47,0.8503,0,Medical,2025-09-16,0
45,45,2025-09-14,53,447,4553.61,4112.24,0.4161,0,Auto,2025-12-13,1
46,46,2025-12-17,42,809,3012.66,3339.11,0.2064,0,Medical,2026-03-17,0
47,47,2025-08-31,10,598,6139.41,16524.16,0.8437,2,Auto,2025-11-29,0
48,48,2025-08-13,51,778,8225.59,3840.55,0.7915,1,Personal Loan,2025-11-11,0
49,49,2025-07-06,15,691,9237.48,2598.03,0.656,3,Personal Loan,2025-10-04,0
50,50,2025-01-16,28,732,4873.24,9873.25,0.9053,1,Medical,2025-04-16,1
51,51,2025-02-15,37,724,5758.66,6601.06,0.4589,1,Auto,2025-05-16,0
52,52,2025-03-04,12,498,4150.16,4073.58,0.5601,3,Credit Card,2025-06-02,0
53,53,2025-01-24,35,565,5639.83,4080.13,0.6654,2,Credit Card,2025-04-24,1
54,54,2025-07-14,24,607,5121.92,6777.04,0.0764,3,Auto,2025-10-12,0
55,55,2025-05-24,76,619,4565.21,13652.82,0.7465,1,Auto,2025-08-22,0
56,56,2025-01-04,77,437,4731.46,19073.34,0.7415,0,Credit Card,2025-04-04,1
57,57,2025-07-16,0,639,5449.97,21393.03,0.3606,3,Personal Loan,2025-10-14,1
58,58,2025-08-12,54,481,3895.71,18909.74,0.7571,0,Auto,2025-11-10,1
59,59,2025-03-15,57,718,3987.33,15891.22,0.5076,1,Credit Card,2025-06-13,1
60,60,2025-11-15,34,693,9588.43,22736.8,0.8515,0,Credit Card,2026-02-13,1
61,61,2025-04-25,42,789,15059.23,13233.55,0.243,0,Credit Card,2025-07-24,0
62,62,2025-04-27,71,718,2586.43,16017.24,0.7327,1,Credit Card,2025-07-26,1
63,63,2025-12-02,34,567,2523.09,10584.7,0.4721,0,Medical,2026-03-02,1
64,64,2025-11-03,5,807,2890.78,8520.91,0.891,3,Credit Card,2026-02-01,0
65,65,2025-05-20,33,584,4245.1,8626.94,0.55,0,Medical,2025-08-18,1
66,66,2025-12-04,22,550,6654.85,4133.77,0.6165,2,Personal Loan,2026-03-04,1
67,67,2025-08-07,34,783,5802.61,20016.64,0.6472,4,Auto,2025-11-05,0
68,68,2025-04-03,20,568,4805.01,1856.52,0.9018,1,Auto,2025-07-02,0
69,69,2025-06-16,13,450,5642.15,17029.79,0.5313,0,Credit Card,2025-09-14,1
70,70,2025-06-22,88,608,3257.0,21679.27,0.5736,1,Personal Loan,2025-09-20,1
71,71,2025-01-15,11,739,3984.41,12686.99,0.8365,2,Credit Card,2025-04-15,0
72,72,2025-04-25,63,495,4407.04,2219.92,0.9036,1,Personal Loan,2025-07-24,0
73,73,2025-08-29,64,605,2180.05,10996.23,0.4888,1,Auto,2025-11-27,0
74,74,2025-04-15,55,472,2637.03,8909.05,0.5154,2,Personal Loan,2025-07-14,0
75,75,2025-08-09,82,695,,24645.71,0.6226,2,Medical,2025-11-07,1
76,76,2025-01-04,0,610,6271.99,17436.0,0.3522,1,Medical,2025-04-04,0
77,77,2025-03-24,27,552,4966.2,18173.32,0.2184,1,Credit Card,2025-06-22,0
78,78,2025-03-26,16,510,5854.57,13137.76,0.5488,2,Personal Loan,2025-06-24,1
79,79,2025-08-24,51,646,1943.32,17880.65,0.8261,0,Personal Loan,2025-11-22,0
80,80,2025-10-17,57,688,2281.06,18202.99,0.2462,1,Personal Loan,2026-01-15,0
81,81,2025-05-27,80,797,5993.6,2125.79,0.5443,2,Credit Card,2025-08-25,0
82,82,2025-11-25,34,595,1273.59,5953.86,0.4225,3,Credit Card,2026-02-23,1
83,83,2025-12-23,21,484,7716.25,817.71,0.8713,1,Credit Card,2026-03-23,0
84,84,2025-04-18,83,753,1957.66,12990.28,0.5164,1,Credit Card,2025-07-17,0
85,85,2025-05-31,60,672,6499.66,21957.1,0.4992,0,Credit Card,2025-08-29,1
86,86,2025-01-13,68,700,,15434.09,0.6561,1,Personal Loan,2025-04-13,0
87,87,2025-05-11,40,458,7129.57,12755.08,0.7311,1,Auto,2025-08-09,1
88,88,2025-10-02,40,545,18838.77,23186.16,0.4109,3,Medical,2025-12-31,0
89,89,2025-10-22,35,727,1598.9,4719.35,0.2281,2,Medical,2026-01-20,0
90,90,2025-09-14,67,753,6080.97,2327.81,0.4615,1,Personal Loan,2025-12-13,0
91,91,2025-06-17,18,594,1971.06,22973.99,0.8985,0,Auto,2025-09-15,0
92,92,2025-04-14,87,742,5388.63,22618.15,0.9095,1,Medical,2025-07-13,0
93,93,2025-07-03,15,757,4051.95,17232.83,0.4761,0,Personal Loan,2025-10-01,0
94,94,2025-10-25,41,575,4714.52,6526.49,0.644,1,Medical,2026-01-23,1
95,95,2025-11-27,28,780,2950.53,24259.22,0.6577,0,Auto,2026-02-25,0
96,96,2025-10-04,57,535,6318.54,19250.99,0.3693,0,Medical,2026-01-02,0
97,97,2025-06-12,61,516,2317.49,17010.42,0.4577,1,Auto,2025-09-10,0
98,98,2025-02-03,82,693,7775.53,5961.33,0.5694,0,Personal Loan,2025-05-04,1
99,99,2025-09-30,71,675,3699.07,13070.68,0.7296,0,Medical,2025-12-29,0
100,100,2025-06-27,22,476,2365.61,20653.12,0.5885,1,Medical,2025-09-25,0
101,101,2025-01-19,18,753,9115.41,21576.38,0.8695,0,Auto,2025-04-19,0
102,102,2025-03-03,79,500,4314.32,14255.04,0.6114,1,Personal Loan,2025-06-01,0
103,103,2025-12-30,43,742,10492.71,13308.45,0.3865,0,Personal Loan,2026-03-30,0
104,104,2025-03-03,8,422,7704.89,17593.25,0.3416,2,Auto,2025-06-01,1
105,105,2025-06-03,74,739,3105.2,13442.1,0.7832,2,Personal Loan,2025-09-01,1
106,106,2025-05-17,58,735,4280.2,10733.19,0.7233,1,Credit Card,2025-08-15,0
107,107,2025-06-28,2,732,4696.0,2592.77,0.3204,1,Credit Card,2025-09-26,1
108,108,2025-02-27,70,686,8838.18,3588.22,0.7519,3,Medical,2025-05-28,1
109,109,2025-05-18,54,609,5414.76,19126.75,0.6839,2,Credit Card,2025-08-16,1
110,110,2025-10-30,55,702,4814.23,1104.27,0.657,0,Auto,2026-01-28,0
111,111,2025-02-08,77,531,4064.53,1781.47,0.9288,2,Medical,2025-05-09,0
112,112,2025-06-12,44,733,4347.04,22663.77,0.8686,0,Credit Card,2025-09-10,0
113,113,2025-10-25,41,642,7998.96,17747.93,0.4921,2,Medical,2026-01-23,0
114,114,2025-11-15,55,604,4454.49,603.21,0.7442,2,Personal Loan,2026-02-13,0
115,115,2025-11-17,17,622,3722.87,8145.06,0.9245,1,Auto,2026-02-15,0
116,116,2025-07-19,13,648,3449.46,19201.3,0.7478,3,Auto,2025-10-17,1
117,117,2025-01-14,75,434,3466.17,10731.22,0.805,0,Credit Card,2025-04-14,1
118,118,2025-08-08,19,476,2366.24,11985.55,0.8401,1,Personal Loan,2025-11-06,1
119,119,2025-12-09,45,518,3172.68,11740.58,0.1964,2,Medical,2026-03-09,1
120,120,2025-07-27,24,465,8727.98,5452.29,0.7508,1,Medical,2025-10-25,1
121,121,2025-09-05,20,596,4052.26,18174.09,0.6508,5,Auto,2025-12-04,1
122,122,2025-03-09,53,688,6105.74,3023.66,0.7225,3,Personal Loan,2025-06-07,0
123,123,2025-09-23,72,682,1457.62,12927.65,0.6054,3,Credit Card,2025-12-22,1
124,124,2025-02-19,39,608,5743.02,4663.92,0.6446,0,Credit Card,2025-05-20,1
125,125,2025-05-16,12,762,4135.61,1640.05,0.6316,0,Credit Card,2025-08-14,0
126,126,2025-04-20,22,646,3580.84,4009.48,0.8299,2,Credit Card,2025-07-19,0
127,127,2025-01-12,14,451,4824.35,21798.71,0.1734,1,Auto,2025-04-12,1
128,128,2025-09-02,79,726,3557.73,4815.62,0.2694,3,Personal Loan,2025-12-01,0
129,129,2025-02-12,28,650,1710.01,7320.05,0.5383,0,Credit Card,2025-05-13,1
130,130,2025-11-12,33,674,6734.59,3883.32,0.4179,2,Credit Card,2026-02-10,1
131,131,2025-11-05,6,646,4960.98,18520.85,0.6063,0,Auto,2026-02-03,0
132,132,2025-02-26,40,641,3861.17,11413.5,0.7147,3,Credit Card,2025-05-27,1
133,133,2025-07-01,82,456,2879.05,23619.06,0.7678,3,Personal Loan,2025-09-29,1
134,134,2025-01-31,36,644,2295.17,16775.95,0.9109,0,Auto,2025-05-01,1
135,135,2025-03-14,58,738,,13519.04,0.5705,0,Medical,2025-06-12,1
136,136,2025-11-06,16,541,9191.63,16587.46,0.6593,2,Credit Card,2026-02-04,1
137,137,2025-05-04,12,661,4872.8,1490.42,0.7298,2,Auto,2025-08-02,0
138,138,2025-05-11,65,432,2386.92,23791.18,0.4974,3,Medical,2025-08-09,1
139,139,2025-11-27,5,559,4921.17,23932.53,0.7574,0,Auto,2026-02-25,1
140,140,2025-04-03,40,595,4341.59,7265.43,0.7763,2,Auto,2025-07-02,1
141,141,2025-03-16,28,814,6560.48,15893.24,0.8005,0,Credit Card,2025-06-14,0
142,142,2025-01-04,1,506,5843.18,5446.92,0.5278,2,Auto,2025-04-04,1
143,143,2025-10-20,47,530,1160.24,13913.06,0.6126,1,Personal Loan,2026-01-18,1
144,144,2025-03-15,86,583,5683.71,19384.34,0.7568,1,Medical,2025-06-13,0
145,145,2025-06-07,6,818,2831.14,23525.63,0.4829,0,Credit Card,2025-09-05,0
146,146,2025-01-16,73,762,2345.43,8810.81,0.4612,1,Auto,2025-04-16,1
147,147,2025-07-08,48,433,4085.45,17490.88,0.8446,1,Credit Card,2025-10-06,1
148,148,2025-09-10,65,513,5350.46,18052.46,0.6986,2,Auto,2025-12-09,1
149,149,2025-04-29,8,749,2125.3,5918.15,0.6186,2,Medical,2025-07-28,1
150,150,2025-01-26,78,443,6106.2,15911.29,0.909,0,Auto,2025-04-26,1
151,151,2025-03-20,1,763,6269.82,16557.82,0.816,1,Auto,2025-06-18,0
152,152,2025-10-02,81,532,4542.08,19219.86,0.5287,1,Medical,2025-12-31,1
153,153,2025-11-17,59,787,3009.62,24998.71,0.3108,2,Medical,2026-02-15,1
154,154,2025-09-08,30,537,2862.01,1485.69,0.7836,0,Credit Card,2025-12-07,0
155,155,2025-12-03,0,594,7056.25,5456.47,0.2964,0,Auto,2026-03-03,1
156,156,2025-01-13,54,685,2252.85,4054.42,0.8549,0,Personal Loan,2025-04-13,1
157,157,2025-10-12,7,470,7179.69,4283.63,0.5932,1,Medical,2026-01-10,0
158,158,2025-12-29,54,643,4128.46,11629.09,0.8597,1,Personal Loan,2026-03-29,0
159,159,2025-11-18,69,622,4259.36,22024.15,0.5953,1,Medical,2026-02-16,1
160,160,2025-12-24,24,734,2061.85,11493.72,0.4573,1,Auto,2026-03-24,0
161,161,2025-07-05,21,819,4162.94,16877.77,0.2947,2,Credit Card,2025-10-03,0
162,162,2025-12-12,19,686,5861.22,9724.23,0.5052,2,Medical,2026-03-12,0
163,163,2025-06-11,20,584,2437.23,8331.75,0.4734,1,Auto,2025-09-09,0
164,164,2025-03-31,10,582,5565.75,20938.76,0.6419,3,Credit Card,2025-06-29,1
165,165,2025-11-10,22,587,4628.81,16560.91,0.7852,0,Personal Loan,2026-02-08,1
166,166,2025-09-01,59,746,3328.61,9096.93,0.4111,0,Credit Card,2025-11-30,1
167,167,2025-09-08,27,548,6532.88,22896.93,0.6436,2,Personal Loan,2025-12-07,1
168,168,2025-06-13,70,486,1650.75,12713.53,0.4803,1,Personal Loan,2025-09-11,1
169,169,2025-12-30,73,554,5197.88,5112.73,0.5606,0,Auto,2026-03-30,0
170,170,2025-05-02,68,429,9216.46,12338.94,0.6483,2,Auto,2025-07-31,1
171,171,2025-08-12,48,462,8501.3,17030.14,0.4382,0,Auto,2025-11-10,0
172,172,2025-06-04,28,456,5299.74,9494.26,0.3848,0,Medical,2025-09-02,1
173,173,2025-05-03,83,729,3882.54,21172.73,0.478,1,Auto,2025-08-01,0
174,174,2025-09-11,18,709,,13562.03,0.2834,0,Personal Loan,2025-12-10,0
175,175,2025-02-18,41,699,3880.36,11960.24,0.3944,0,Personal Loan,2025-05-19,0
176,176,2025-02-09,40,605,5680.04,21538.43,0.6373,1,Credit Card,2025-05-10,0
177,177,2025-08-25,67,707,3092.52,11841.49,0.514,2,Personal Loan,2025-11-23,1
178,178,2025-06-12,49,484,6253.15,10653.05,0.7635,1,Auto,2025-09-10,1
179,179,2025-02-22,71,781,11613.49,3041.05,0.7831,0,Medical,2025-05-23,1
180,180,2025-12-08,82,620,4324.94,9381.05,0.6093,2,Personal Loan,2026-03-08,1
181,181,2025-12-08,35,796,2428.48,10227.68,0.4534,0,Personal Loan,2026-03-08,0
182,182,2025-08-12,78,481,2428.1,4925.25,0.8669,0,Medical,2025-11-10,1
183,183,2025-05-17,15,619,6307.25,14901.67,0.9361,1,Auto,2025-08-15,0
184,184,2025-12-01,82,699,4329.1,4024.13,0.3959,1,Auto,2026-03-01,0
185,185,2025-03-15,16,618,6598.34,5980.4,0.5393,2,Credit Card,2025-06-13,1
186,186,2025-01-10,76,598,3497.71,14246.75,0.4989,1,Credit Card,2025-04-10,0
187,187,2025-08-10,35,486,6462.56,7090.1,0.505,3,Medical,2025-11-08,1
188,188,2025-07-27,86,572,4141.3,16171.87,0.9117,2,Personal Loan,2025-10-25,1
189,189,2025-04-12,11,515,3198.3,17417.57,0.7659,2,Personal Loan,2025-07-11,1
190,190,2025-09-12,41,540,3712.83,7881.62,0.6448,0,Personal Loan,2025-12-11,1
191,191,2025-03-26,81,694,2594.96,2641.0,0.4047,1,Personal Loan,2025-06-24,0
192,192,2025-05-04,4,672,10885.77,12491.57,0.8726,2,Medical,2025-08-02,0
193,193,2025-02-21,23,663,4258.31,2776.01,0.6148,1,Credit Card,2025-05-22,0
194,194,2025-02-15,7,565,5943.37,13123.27,0.5018,2,Personal Loan,2025-05-16,0
195,195,2025-02-09,28,804,3492.63,18292.34,0.7556,2,Medical,2025-05-10,0
196,196,2025-02-02,35,455,2770.08,15698.08,0.971,1,Auto,2025-05-03,1
197,197,2025-03-14,55,557,4002.82,11482.56,0.1054,1,Personal Loan,2025-06-12,0
198,198,2025-07-17,23,467,7299.32,23673.53,0.4003,1,Auto,2025-10-15,0
199,199,2025-05-23,14,555,3518.08,2992.81,0.8167,0,Medical,2025-08-21,0
200,200,2025-03-12,15,805,3005.68,22060.04,0.663,1,Medical,2025-06-10,0
201,201,2025-02-14,84,566,4769.32,20103.16,0.4834,0,Medical,2025-05-15,0
202,202,2025-01-19,85,784,5566.71,10783.6,0.8298,1,Auto,2025-04-19,0
203,203,2025-08-18,19,618,9314.07,4245.25,0.6129,1,Medical,2025-11-16,1
204,204,2025-10-30,17,700,5214.44,4318.74,0.5354,1,Auto,2026-01-28,0
205,205,2025-03-31,4,603,5941.97,23084.24,0.909,0,Personal Loan,2025-06-29,0
206,206,2025-10-21,86,526,6146.72,6225.76,0.5216,0,Auto,2026-01-19,1
207,207,2025-09-20,63,726,2646.9,21915.83,0.7511,0,Credit Card,2025-12-19,0
208,208,2025-09-30,68,808,2882.75,12830.73,0.2704,2,Credit Card,2025-12-29,1
209,209,2025-04-16,26,525,2730.52,11812.5,0.4106,1,Auto,2025-07-15,0
210,210,2025-07-19,57,732,2441.91,15678.03,0.5853,1,Credit Card,2025-10-17,1
211,211,2025-07-26,5,524,6361.1,5768.46,0.8298,0,Medical,2025-10-24,1
212,212,2025-07-08,60,707,5067.09,10995.08,0.9268,1,Medical,2025-10-06,0
213,213,2025-09-29,52,736,4609.03,23492.87,0.643,3,Medical,2025-12-28,1
214,214,2025-07-20,29,600,1384.75,6337.29,0.5343,1,Medical,2025-10-18,0
215,215,2025-07-30,63,715,11214.52,23078.8,0.7191,1,Personal Loan,2025-10-28,1
216,216,2025-10-10,58,529,2973.75,24858.14,0.2547,1,Personal Loan,2026-01-08,1
217,217,2025-04-04,39,451,11196.04,1771.73,0.9339,1,Credit Card,2025-07-03,1
218,218,2025-08-30,16,458,2316.57,13518.79,0.6139,2,Auto,2025-11-28,1
219,219,2025-09-06,2,599,3085.35,4709.57,0.2128,0,Medical,2025-12-05,0
220,220,2025-02-22,84,781,1650.31,15732.0,0.4602,3,Personal Loan,2025-05-23,1
221,221,2025-09-20,25,471,5234.13,24743.79,0.4625,0,Medical,2025-12-19,1
222,222,2025-05-08,27,602,2709.27,22473.58,0.7348,0,Credit Card,2025-08-06,0
223,223,2025-09-11,61,702,2743.94,23158.79,0.8149,1,Auto,2025-12-10,0
224,224,2025-09-07,22,501,2397.95,5727.07,0.8446,4,Credit Card,2025-12-06,1
225,225,2025-04-08,33,709,6309.49,13786.83,0.659,2,Credit Card,2025-07-07,0
226,226,2025-07-21,64,542,6125.15,6253.36,0.4237,1,Credit Card,2025-10-19,1
227,227,2025-07-06,53,744,10050.88,22535.91,0.3822,2,Personal Loan,2025-10-04,0
228,228,2025-12-07,59,652,3266.36,5183.27,0.6439,0,Personal Loan,2026-03-07,1
229,229,2025-03-05,0,639,4907.25,4271.99,0.6189,0,Auto,2025-06-03,0
230,230,2025-04-12,40,490,2489.41,797.98,0.8341,1,Auto,2025-07-11,0
231,231,2025-05-29,42,605,3824.69,4957.72,0.4012,0,Medical,2025-08-27,1
232,232,2025-09-21,56,763,3521.07,5149.19,0.932,0,Credit Card,2025-12-20,0
233,233,2025-03-26,13,427,5480.78,2398.51,0.703,1,Auto,2025-06-24,0
234,234,2025-09-17,14,724,7028.02,21759.66,0.4615,1,Personal Loan,2025-12-16,0
235,235,2025-02-23,68,617,6946.41,19609.95,0.8707,4,Auto,2025-05-24,1
236,236,2025-10-03,60,708,3043.41,6734.8,0.843,2,Medical,2026-01-01,0
237,237,2025-10-05,73,685,6969.58,19689.81,0.8143,1,Auto,2026-01-03,1
238,238,2025-08-23,24,593,4359.71,10843.03,0.3472,0,Personal Loan,2025-11-21,0
239,239,2025-12-26,89,543,3842.7,19500.25,0.595,0,Personal Loan,2026-03-26,1
240,240,2025-11-21,24,671,3233.01,8413.69,0.9954,1,Personal Loan,2026-02-19,1
241,241,2025-09-07,58,476,3456.56,14334.03,0.5439,1,Credit Card,2025-12-06,1
242,242,2025-10-13,14,654,9740.44,9849.46,0.342,2,Auto,2026-01-11,0
243,243,2025-08-28,82,457,5106.83,5098.06,0.7926,3,Medical,2025-11-26,1
244,244,2025-10-25,29,680,4810.59,14848.01,0.5782,1,Credit Card,2026-01-23,0
245,245,2025-10-23,72,672,3952.05,18895.35,0.4771,0,Medical,2026-01-21,0
246,246,2025-06-12,29,453,13368.95,18951.12,0.4805,3,Credit Card,2025-09-10,0
247,247,2025-02-23,71,723,8000.46,9229.09,0.4023,5,Personal Loan,2025-05-24,1
248,248,2025-01-26,40,586,3214.81,13208.44,0.514,0,Auto,2025-04-26,1
249,249,2025-04-16,5,735,3931.88,19212.58,0.3633,0,Credit Card,2025-07-15,0
250,250,2025-07-19,17,436,4038.34,1835.19,0.7589,3,Auto,2025-10-17,1
251,251,2025-04-16,61,491,4748.78,2261.26,0.6451,1,Auto,2025-07-15,1
252,252,2025-06-25,17,618,3243.63,9717.46,0.2902,3,Medical,2025-09-23,0
253,253,2025-03-16,24,495,5417.92,5975.05,0.8545,3,Credit Card,2025-06-14,1
254,254,2025-12-05,48,552,8547.89,9678.83,0.5564,0,Auto,2026-03-05,0
255,255,2025-06-06,22,684,2462.34,2796.95,0.2976,1,Medical,2025-09-04,1
256,256,2025-09-05,11,477,2676.68,15004.2,0.8775,0,Auto,2025-12-04,1
257,257,2025-07-22,56,691,3578.07,16957.64,0.7587,2,Credit Card,2025-10-20,1
258,258,2025-10-16,62,461,3653.5,19900.09,0.4342,1,Auto,2026-01-14,1
259,259,2025-07-27,65,490,10930.47,16437.81,0.3112,1,Auto,2025-10-25,0
260,260,2025-09-12,84,655,6979.76,10211.34,0.5215,0,Credit Card,2025-12-11,0
261,261,2025-11-02,11,738,6801.82,23405.74,0.7636,2,Credit Card,2026-01-31,0
262,262,2025-08-21,38,488,3948.28,18295.13,0.7234,2,Auto,2025-11-19,1
263,263,2025-08-21,21,540,3909.48,13428.19,0.3894,1,Credit Card,2025-11-19,0
264,264,2025-11-30,81,790,2314.0,5567.84,0.3559,0,Personal Loan,2026-02-28,0
265,265,2025-09-18,48,816,6321.95,16399.89,0.704,1,Auto,2025-12-17,0
266,266,2025-01-25,8,653,5546.79,14997.15,0.6065,0,Personal Loan,2025-04-25,1
267,267,2025-10-20,62,599,7932.3,17241.58,0.7326,1,Auto,2026-01-18,1
268,268,2025-11-15,3,559,4044.55,19637.56,0.8997,3,Credit Card,2026-02-13,1
269,269,2025-08-06,24,665,,22918.72,0.6039,1,Medical,2025-11-04,1
270,270,2025-10-21,64,656,4800.72,23751.89,0.3415,0,Medical,2026-01-19,0
271,271,2025-01-31,45,538,6643.23,15939.54,0.3294,0,Credit Card,2025-05-01,1
272,272,2025-12-29,68,429,2294.8,24165.92,0.9298,0,Auto,2026-03-29,1
273,273,2025-11-14,51,480,6193.31,22829.85,0.3558,1,Personal Loan,2026-02-12,1
274,274,2025-02-19,75,804,4406.24,564.05,0.8325,0,Credit Card,2025-05-20,0
275,275,2025-08-28,50,587,2761.73,16121.63,0.7281,1,Credit Card,2025-11-26,1
276,276,2025-11-04,5,613,1740.5,4872.5,0.46,2,Medical,2026-02-02,0
277,277,2025-09-26,6,607,4182.18,7732.22,0.59,0,Personal Loan,2025-12-25,0
278,278,2025-03-31,69,733,8531.08,7788.75,0.4691,3,Medical,2025-06-29,1
279,279,2025-03-26,3,446,9448.47,12336.68,0.6804,1,Medical,2025-06-24,1
280,280,2025-01-23,33,453,5218.26,766.22,0.8075,1,Auto,2025-04-23,1
281,281,2025-07-17,1,530,10752.6,6277.01,0.8749,3,Medical,2025-10-15,0
282,282,2025-04-02,27,615,4361.96,1213.46,0.4545,3,Personal Loan,2025-07-01,1
283,283,2025-07-28,53,689,6829.36,16438.68,0.9559,0,Personal Loan,2025-10-26,1
284,284,2025-02-24,15,616,3629.85,22287.55,0.5472,2,Personal Loan,2025-05-25,0
285,285,2025-05-31,41,596,3527.8,24945.82,0.8613,0,Credit Card,2025-08-29,0
286,286,2025-04-15,89,796,3278.43,11489.64,0.4252,3,Medical,2025-07-14,1
287,287,2025-02-20,6,484,1759.46,6873.46,0.7158,1,Credit Card,2025-05-21,0
288,288,2025-11-30,5,649,7936.21,21401.04,0.856,1,Credit Card,2026-02-28,1
289,289,2025-02-10,24,637,3331.79,3272.38,0.7033,2,Medical,2025-05-11,1
290,290,2025-08-28,74,609,3100.61,24368.86,0.8953,0,Credit Card,2025-11-26,0
291,291,2025-06-10,36,743,2614.98,18013.52,0.2633,1,Credit Card,2025-09-08,0
292,292,2025-07-28,57,527,4056.35,12846.4,0.4621,0,Personal Loan,2025-10-26,1
293,293,2025-04-10,3,802,9833.71,2867.94,0.6189,1,Auto,2025-07-09,0
294,294,2025-11-15,66,552,11409.49,945.8,0.8876,0,Credit Card,2026-02-13,1
295,295,2025-05-09,6,638,2106.14,13841.04,0.7228,1,Credit Card,2025-08-07,0
296,296,2025-11-25,64,628,3791.43,10639.34,0.4785,1,Medical,2026-02-23,0
297,297,2025-05-19,13,760,2792.07,21145.28,0.4399,3,Credit Card,2025-08-17,0
298,298,2025-12-18,77,596,6937.88,16236.48,0.9569,2,Credit Card,2026-03-18,1
299,299,2025-09-25,26,534,5059.22,11081.46,0.6389,0,Personal Loan,2025-12-24,0
300,300,2025-11-17,16,428,3339.39,6037.17,0.4924,2,Medical,2026-02-15,1
301,301,2025-02-13,30,565,4594.7,12270.34,0.256,0,Personal Loan,2025-05-14,0
302,302,2025-10-26,0,751,3587.32,4493.36,0.6405,2,Credit Card,2026-01-24,0
303,303,2025-09-20,14,423,9194.96,16841.81,0.572,1,Auto,2025-12-19,1
304,304,2025-01-12,53,779,5688.1,15340.36,0.7329,1,Personal Loan,2025-04-12,0
305,305,2025-01-22,27,637,6011.45,20346.75,0.6931,2,Auto,2025-04-22,1
306,306,2025-07-23,31,476,1339.28,11513.47,0.4695,2,Credit Card,2025-10-21,1
307,307,2025-08-22,72,541,4315.4,7326.89,0.957,2,Medical,2025-11-20,1
308,308,2025-05-24,11,642,11355.36,20991.69,0.633,3,Credit Card,2025-08-22,0
309,309,2025-12-04,35,546,8076.86,17429.43,0.7055,0,Personal Loan,2026-03-04,1
310,310,2025-01-23,16,463,1936.83,17814.37,0.6901,1,Credit Card,2025-04-23,1
311,311,2025-05-09,43,687,3862.07,13438.07,0.3233,2,Auto,2025-08-07,0
312,312,2025-02-03,29,689,2589.75,21961.48,0.2804,3,Personal Loan,2025-05-04,1
313,313,2025-12-29,4,467,9604.58,6080.7,0.8105,1,Credit Card,2026-03-29,1
314,314,2025-06-06,6,532,4963.79,10341.45,0.646,0,Credit Card,2025-09-04,0
315,315,2025-01-11,76,517,3147.9,20007.7,0.435,0,Personal Loan,2025-04-11,0
316,316,2025-12-12,5,684,4515.95,3757.54,0.7088,1,Auto,2026-03-12,0
317,317,2025-09-25,70,712,1375.66,20298.68,0.7206,0,Auto,2025-12-24,1
318,318,2025-06-15,82,711,2729.21,9138.58,0.7183,0,Medical,2025-09-13,0
319,319,2025-08-05,41,796,4520.6,3574.84,0.8147,0,Auto,2025-11-03,0
320,320,2025-10-10,28,728,6506.48,2439.16,0.4954,1,Auto,2026-01-08,0
321,321,2025-04-03,69,548,1856.43,21154.2,0.479,3,Medical,2025-07-02,1
322,322,2025-03-19,88,463,3746.14,19576.08,0.616,0,Credit Card,2025-06-17,0
323,323,2025-11-06,10,666,7004.85,7557.01,0.5402,0,Auto,2026-02-04,0
324,324,2025-03-28,86,787,2314.26,3350.87,0.2459,0,Personal Loan,2025-06-26,0
325,325,2025-08-31,84,811,4930.19,6557.24,0.1551,1,Credit Card,2025-11-29,1
326,326,2025-11-04,12,512,4581.07,5718.2,0.8439,1,Credit Card,2026-02-02,0
327,327,2025-01-22,4,514,,18459.86,0.7262,1,Medical,2025-04-22,1
328,328,2025-04-16,64,435,4009.57,5781.3,0.4983,1,Personal Loan,2025-07-15,1
329,329,2025-01-18,6,476,4116.59,5794.41,0.8252,1,Auto,2025-04-18,1
330,330,2025-08-25,54,642,6533.72,1290.57,0.5435,2,Auto,2025-11-23,0
331,331,2025-03-12,5,639,2448.29,15123.06,0.703,0,Auto,2025-06-10,1
332,332,2025-01-01,62,568,4026.3,17380.0,0.6603,1,Medical,2025-04-01,0
333,333,2025-10-24,20,544,3622.51,16510.52,0.5343,1,Personal Loan,2026-01-22,1
334,334,2025-01-11,8,752,4177.59,14430.68,0.6572,2,Credit Card,2025-04-11,0
335,335,2025-07-23,5,604,6514.48,24168.84,0.8923,0,Credit Card,2025-10-21,0
336,336,2025-06-23,16,744,5706.57,12082.09,0.2917,1,Auto,2025-09-21,1
337,337,2025-04-21,48,806,3175.1,21573.34,0.2841,1,Medical,2025-07-20,0
338,338,2025-08-04,6,547,4729.22,16327.24,0.3583,0,Medical,2025-11-02,0
339,339,2025-08-09,72,501,8696.7,2561.97,0.7197,1,Credit Card,2025-11-07,1
340,340,2025-01-29,54,802,3059.13,20347.17,0.45,0,Personal Loan,2025-04-29,0
341,341,2025-02-01,26,674,4747.27,14817.52,0.9042,2,Auto,2025-05-02,1
342,342,2025-10-15,88,536,4076.84,16511.38,0.7627,1,Credit Card,2026-01-13,1
343,343,2025-03-02,59,669,4322.75,4915.57,0.7904,2,Personal Loan,2025-05-31,1
344,344,2025-01-24,60,626,2134.96,11218.51,0.5827,1,Credit Card,2025-04-24,1
345,345,2025-03-10,15,783,8390.4,22074.27,0.6859,2,Credit Card,2025-06-08,0
346,346,2025-08-29,63,522,3138.63,5778.06,0.724,0,Personal Loan,2025-11-27,1
347,347,2025-03-08,50,817,7056.7,503.06,0.8637,1,Credit Card,2025-06-06,0
348,348,2025-09-04,88,795,3362.3,6808.96,0.7777,0,Personal Loan,2025-12-03,1
349,349,2025-12-13,43,492,3356.06,12444.79,0.6352,3,Medical,2026-03-13,1
350,350,2025-06-10,61,486,7676.4,20621.31,0.9358,2,Credit Card,2025-09-08,1
351,351,2025-12-23,30,633,6955.22,16260.63,0.2216,0,Personal Loan,2026-03-23,0
352,352,2025-06-18,3,438,4884.88,23017.05,0.8991,2,Medical,2025-09-16,1
353,353,2025-11-22,11,539,6263.65,11661.33,0.6336,0,Credit Card,2026-02-20,0
354,354,2025-01-01,78,594,3905.54,10074.97,0.3035,3,Credit Card,2025-04-01,1
355,355,2025-09-18,66,808,4430.35,6169.75,0.5426,1,Credit Card,2025-12-17,1
356,356,2025-07-14,32,817,3301.95,5842.53,0.7727,1,Medical,2025-10-12,1
357,357,2025-11-09,62,480,6679.71,18534.69,0.4635,0,Personal Loan,2026-02-07,1
358,358,2025-04-21,0,777,3255.05,2468.8,0.6838,2,Personal Loan,2025-07-20,1
359,359,2025-11-18,3,456,8676.04,6446.48,0.3875,2,Credit Card,2026-02-16,0
360,360,2025-03-24,45,720,3857.89,22204.43,0.4304,1,Personal Loan,2025-06-22,0
361,361,2025-06-21,56,759,4488.3,14634.56,0.7393,0,Personal Loan,2025-09-19,0
362,362,2025-02-09,84,777,,1641.4,0.5689,1,Personal Loan,2025-05-10,0
363,363,2025-03-10,68,509,4495.08,17754.25,0.3755,1,Auto,2025-06-08,1
364,364,2025-08-12,23,778,3889.13,12913.72,0.4959,0,Credit Card,2025-11-10,0
365,365,2025-05-10,73,466,4387.39,21435.78,0.8652,0,Personal Loan,2025-08-08,1
366,366,2025-11-09,44,628,6648.98,17219.63,0.7354,0,Auto,2026-02-07,1
367,367,2025-12-02,74,608,3300.13,608.94,0.6853,0,Auto,2026-03-02,1
368,368,2025-02-15,15,546,4201.49,5540.61,0.785,0,Medical,2025-05-16,0
369,369,2025-10-20,2,428,4467.7,6820.11,0.7959,0,Credit Card,2026-01-18,0
370,370,2025-09-24,5,729,6562.08,17704.69,0.4411,1,Medical,2025-12-23,0
371,371,2025-08-23,89,554,4251.68,12978.2,0.8121,0,Auto,2025-11-21,1
372,372,2025-06-25,7,685,10034.0,18812.46,0.6582,2,Credit Card,2025-09-23,1
373,373,2025-08-27,84,584,4144.58,13065.25,0.89,4,Medical,2025-11-25,1
374,374,2025-01-04,65,569,3995.97,8520.92,0.8787,3,Medical,2025-04-04,1
375,375,2025-03-29,13,775,4117.64,3039.69,0.5788,2,Medical,2025-06-27,0
376,376,2025-06-28,77,457,2459.0,5464.24,0.1826,0,Auto,2025-09-26,1
377,377,2025-11-04,12,715,2789.1,10319.11,0.6389,4,Medical,2026-02-02,1
378,378,2025-11-05,12,719,3502.39,14010.63,0.5535,2,Personal Loan,2026-02-03,0
379,379,2025-07-21,51,572,7413.99,23496.62,0.7359,0,Auto,2025-10-19,1
380,380,2025-12-16,25,525,4381.27,6373.14,0.3646,2,Medical,2026-03-16,0
381,381,2025-12-07,26,422,,16819.08,0.8212,2,Personal Loan,2026-03-07,1
382,382,2025-06-20,17,795,7722.86,4237.37,0.8922,0,Credit Card,2025-09-18,0
383,383,2025-01-27,54,800,8937.67,17986.95,0.5601,2,Personal Loan,2025-04-27,0
384,384,2025-06-14,2,516,7823.77,777.85,0.9027,2,Credit Card,2025-09-12,0
385,385,2025-09-11,22,432,3029.37,16570.04,0.7578,1,Auto,2025-12-10,0
386,386,2025-05-06,49,469,3558.66,4498.83,0.9417,1,Auto,2025-08-04,0
387,387,2025-11-26,43,447,10058.58,4917.95,0.6535,2,Personal Loan,2026-02-24,1
388,388,2025-05-19,62,753,4956.79,14193.24,0.8751,1,Personal Loan,2025-08-17,0
389,389,2025-10-27,19,777,3942.49,9697.58,0.7181,0,Medical,2026-01-25,0
390,390,2025-06-23,58,481,6144.16,12046.98,0.7266,0,Personal Loan,2025-09-21,1
391,391,2025-06-05,68,719,6997.33,8067.78,0.6532,1,Personal Loan,2025-09-03,0
392,392,2025-01-30,34,491,3438.7,23859.94,0.7202,1,Personal Loan,2025-04-30,1
393,393,2025-04-14,23,567,4908.62,7621.07,0.9556,1,Personal Loan,2025-07-13,1
394,394,2025-08-25,49,660,6747.67,13780.16,0.4613,0,Medical,2025-11-23,0
395,395,2025-06-21,52,708,2638.25,21431.71,0.3683,1,Auto,2025-09-19,1
396,396,2025-05-11,8,770,4471.84,16772.43,0.9678,0,Credit Card,2025-08-09,0
397,397,2025-02-07,50,437,2693.31,8408.04,0.7009,1,Personal Loan,2025-05-08,1
398,398,2025-08-30,13,498,2856.6,14034.7,0.6795,0,Medical,2025-11-28,1
399,399,2025-08-08,51,532,3451.64,2533.28,0.1392,1,Credit Card,2025-11-06,0
400,400,2025-08-19,83,544,5512.12,13869.32,0.5553,3,Credit Card,2025-11-17,1
401,401,2025-02-06,48,820,3847.16,11069.03,0.8162,1,Auto,2025-05-07,1
402,402,2025-11-20,68,731,3321.63,19069.38,0.3486,1,Medical,2026-02-18,0
403,403,2025-03-18,27,548,4551.44,21273.62,0.9328,3,Auto,2025-06-16,1
404,404,2025-04-13,83,809,2654.12,5390.6,0.4902,2,Medical,2025-07-12,1
405,405,2025-03-21,73,620,5393.56,2497.63,0.5784,0,Auto,2025-06-19,0
406,406,2025-12-08,82,620,7399.18,10068.65,0.1659,1,Medical,2026-03-08,0
407,407,2025-07-01,66,593,4291.36,13586.69,0.4956,0,Auto,2025-09-29,1
408,408,2025-08-29,58,477,4059.47,9731.65,0.4754,4,Medical,2025-11-27,1
409,409,2025-09-19,47,794,5260.85,15899.75,0.244,3,Auto,2025-12-18,0
410,410,2025-08-15,83,425,1785.03,12888.46,0.6278,1,Credit Card,2025-11-13,1
411,411,2025-09-25,76,489,5662.2,23447.34,0.5163,1,Medical,2025-12-24,1
412,412,2025-07-22,37,512,17959.04,10530.08,0.548,0,Personal Loan,2025-10-20,0
413,413,2025-08-21,7,531,4208.22,2521.11,0.7585,1,Credit Card,2025-11-19,1
414,414,2025-03-16,0,472,4214.95,7897.41,0.7643,0,Auto,2025-06-14,0
415,415,2025-06-06,21,427,6214.39,15344.4,0.8051,1,Medical,2025-09-04,1
416,416,2025-01-03,5,691,9324.49,6772.61,0.709,3,Auto,2025-04-03,0
417,417,2025-07-06,19,808,6896.27,7090.22,0.8278,0,Medical,2025-10-04,0
418,418,2025-07-23,9,468,1685.77,8819.53,0.3205,2,Personal Loan,2025-10-21,0
419,419,2025-07-11,88,538,5730.34,18780.47,0.8148,0,Credit Card,2025-10-09,0
420,420,2025-11-30,8,623,14148.57,23533.26,0.4567,0,Personal Loan,2026-02-28,0
421,421,2025-06-30,56,791,5884.63,9084.23,0.8316,0,Credit Card,2025-09-28,0
422,422,2025-11-06,31,698,2645.01,5289.46,0.4498,1,Personal Loan,2026-02-04,0
423,423,2025-07-16,15,727,5048.38,10805.61,0.963,0,Credit Card,2025-10-14,0
424,424,2025-01-29,63,653,2499.11,9120.07,0.5818,1,Personal Loan,2025-04-29,1
425,425,2025-01-18,87,587,7744.68,24755.61,0.8394,0,Credit Card,2025-04-18,1
426,426,2025-04-24,71,500,2892.43,11864.77,0.5792,0,Credit Card,2025-07-23,1
427,427,2025-10-14,87,766,4598.15,17142.44,0.4145,2,Credit Card,2026-01-12,0
428,428,2025-06-24,53,742,3022.98,22887.81,0.5789,2,Auto,2025-09-22,1
429,429,2025-05-14,60,430,3477.6,15912.01,0.4127,0,Personal Loan,2025-08-12,0
430,430,2025-06-28,13,706,8679.92,6609.77,0.3788,4,Medical,2025-09-26,0
431,431,2025-12-11,76,453,4659.0,15381.55,0.5851,1,Personal Loan,2026-03-11,1
432,432,2025-03-09,67,716,3457.7,10345.97,0.9011,2,Personal Loan,2025-06-07,1
433,433,2025-08-06,22,751,2656.19,10847.57,0.3544,0,Medical,2025-11-04,0
434,434,2025-09-07,31,472,1915.5,24493.45,0.8464,1,Auto,2025-12-06,1
435,435,2025-10-29,54,593,2532.4,7325.48,0.8264,0,Credit Card,2026-01-27,1
436,436,2025-06-26,1,469,4676.86,11988.91,0.9012,0,Credit Card,2025-09-24,0
437,437,2025-12-08,73,647,6912.63,4416.74,0.8135,2,Medical,2026-03-08,0
438,438,2025-11-10,25,791,3455.91,4874.33,0.3878,0,Medical,2026-02-08,0
439,439,2025-02-06,6,452,9015.9,15285.37,0.1134,2,Medical,2025-05-07,1
440,440,2025-04-02,29,579,3219.96,18899.88,0.8816,1,Credit Card,2025-07-01,0
441,441,2025-04-01,75,810,3995.38,16093.27,0.3365,0,Credit Card,2025-06-30,1
442,442,2025-11-28,24,540,,8567.46,0.8029,0,Medical,2026-02-26,1
443,443,2025-02-13,48,473,6945.46,1960.65,0.3088,3,Medical,2025-05-14,1
444,444,2025-10-29,73,615,11428.66,12021.46,0.4369,1,Auto,2026-01-27,1
445,445,2025-12-20,3,623,2012.6,12854.61,0.3618,1,Medical,2026-03-20,0
446,446,2025-06-01,68,685,,19380.96,0.2974,1,Personal Loan,2025-08-30,0
447,447,2025-02-21,25,545,7856.93,16187.09,0.4655,1,Medical,2025-05-22,0
448,448,2025-10-23,62,803,2318.96,21845.84,0.4454,0,Credit Card,2026-01-21,0
449,449,2025-06-08,16,628,5738.81,19683.08,0.7279,2,Personal Loan,2025-09-06,0
450,450,2025-08-20,12,534,7705.29,9464.01,0.8325,0,Credit Card,2025-11-18,1
451,451,2025-04-18,70,805,4606.4,15989.42,0.4604,2,Medical,2025-07-17,0
452,452,2025-06-15,72,790,5696.56,18808.52,0.8372,3,Credit Card,2025-09-13,0
453,453,2025-05-24,88,620,9822.26,23943.57,0.8032,0,Medical,2025-08-22,0
454,454,2025-07-06,60,429,10687.09,10847.63,0.4383,0,Personal Loan,2025-10-04,1
455,455,2025-01-06,41,659,4324.77,16382.91,0.4872,2,Personal Loan,2025-04-06,0
456,456,2025-07-20,17,642,3499.69,10120.26,0.8052,1,Personal Loan,2025-10-18,0
457,457,2025-04-13,26,479,2939.54,18576.79,0.9145,1,Medical,2025-07-12,1
458,458,2025-03-25,58,674,6902.46,22843.83,0.7761,2,Auto,2025-06-23,0
459,459,2025-12-04,31,757,2398.75,23021.04,0.2281,2,Auto,2026-03-04,0
460,460,2025-02-25,43,462,3969.29,4348.64,0.4332,2,Medical,2025-05-26,1
461,461,2025-10-31,15,710,4657.39,5500.37,0.953,2,Auto,2026-01-29,0
462,462,2025-10-15,39,476,3546.26,18995.77,0.3551,1,Credit Card,2026-01-13,1
463,463,2025-05-22,21,720,5043.82,15959.74,0.9605,0,Personal Loan,2025-08-20,1
464,464,2025-02-01,10,588,14101.42,22675.13,0.6009,0,Medical,2025-05-02,1
465,465,2025-08-30,11,422,4210.26,8188.11,0.7524,0,Personal Loan,2025-11-28,1
466,466,2025-09-09,46,807,3655.79,21276.51,0.9446,2,Personal Loan,2025-12-08,0
467,467,2025-03-14,32,486,7022.67,17252.51,0.7638,1,Auto,2025-06-12,1
468,468,2025-11-17,8,659,4953.32,5288.68,0.2982,1,Auto,2026-02-15,1
469,469,2025-04-28,46,492,8498.98,3599.11,0.5007,0,Personal Loan,2025-07-27,0
470,470,2025-06-09,14,794,4789.16,17716.73,0.7176,2,Personal Loan,2025-09-07,1
471,471,2025-12-08,1,716,3976.71,4382.31,0.9231,2,Medical,2026-03-08,0
472,472,2025-10-10,11,742,1992.86,19961.06,0.3678,2,Auto,2026-01-08,1
473,473,2025-06-11,40,593,2145.48,14148.83,0.9249,0,Personal Loan,2025-09-09,1
474,474,2025-11-12,85,607,1946.79,12183.24,0.4327,0,Medical,2026-02-10,1
475,475,2025-05-03,21,674,5274.83,7250.46,0.6333,0,Personal Loan,2025-08-01,1
476,476,2025-04-14,25,734,,24604.22,0.623,1,Auto,2025-07-13,1
477,477,2025-09-08,21,759,7824.46,18193.09,0.7575,1,Medical,2025-12-07,0
478,478,2025-04-02,31,427,4508.01,19562.56,0.7448,1,Personal Loan,2025-07-01,0
479,479,2025-07-21,64,686,3984.3,19333.42,0.1419,2,Auto,2025-10-19,0
480,480,2025-07-13,28,463,3041.98,14808.38,0.6064,1,Personal Loan,2025-10-11,0
481,481,2025-07-08,59,535,5884.14,23522.62,0.7347,2,Medical,2025-10-06,1
482,482,2025-11-28,80,752,3096.34,14803.63,0.8036,0,Medical,2026-02-26,0
483,483,2025-05-19,85,520,2854.29,13241.12,0.3459,0,Personal Loan,2025-08-17,0
484,484,2025-09-11,50,739,7591.29,7205.91,0.5004,5,Credit Card,2025-12-10,0
485,485,2025-05-31,64,605,5216.49,7402.53,0.4978,1,Personal Loan,2025-08-29,0
486,486,2025-03-09,82,513,4000.93,18553.66,0.8064,5,Personal Loan,2025-06-07,1
487,487,2025-05-12,70,554,5935.13,8701.8,0.666,2,Credit Card,2025-08-10,1
488,488,2025-05-27,26,632,4464.98,18353.41,0.9345,1,Auto,2025-08-25,1
489,489,2025-03-05,11,726,5283.56,23841.32,0.8307,0,Credit Card,2025-06-03,0
490,490,2025-07-31,10,663,3079.18,11263.03,0.192,3,Auto,2025-10-29,1
491,491,2025-12-30,79,794,11290.08,2884.48,0.3045,0,Auto,2026-03-30,0
492,492,2025-05-16,50,767,3426.08,16830.39,0.3446,1,Auto,2025-08-14,1
493,493,2025-07-22,26,722,8957.15,733.31,0.783,0,Medical,2025-10-20,0
494,494,2025-03-12,31,661,4084.72,19781.59,0.7286,0,Auto,2025-06-10,0
495,495,2025-04-21,25,536,6394.5,13378.5,0.5886,0,Auto,2025-07-20,0
496,496,2025-10-24,72,585,6188.21,12498.44,0.7735,0,Personal Loan,2026-01-22,0
497,497,2025-02-26,55,467,7450.85,14451.33,0.6834,2,Credit Card,2025-05-27,1
498,498,2025-09-09,79,570,3046.41,13152.01,0.7796,3,Credit Card,2025-12-08,1
499,499,2025-12-14,27,791,7215.85,8432.54,0.7785,0,Personal Loan,2026-03-14,0
500,500,2025-10-14,42,590,10207.7,7396.97,0.4833,2,Medical,2026-01-12,1
501,501,2025-10-07,10,465,3958.37,10674.79,0.7554,2,Personal Loan,2026-01-05,1
502,502,2025-03-01,87,681,4517.07,22425.28,0.7274,1,Medical,2025-05-30,0
503,503,2025-01-29,46,806,3513.78,3816.58,0.8673,1,Credit Card,2025-04-29,0
504,504,2025-02-25,49,767,3805.12,8456.73,0.3681,1,Credit Card,2025-05-26,0
505,505,2025-10-29,37,529,9605.97,5211.36,0.7897,1,Medical,2026-01-27,1
506,506,2025-02-04,24,602,2830.18,10964.86,0.4316,1,Credit Card,2025-05-05,0
507,507,2025-02-20,85,632,2910.4,3770.71,0.4145,0,Medical,2025-05-21,0
508,508,2025-08-28,44,519,9181.13,19139.49,0.5636,1,Auto,2025-11-26,0
509,509,2025-01-22,60,527,5890.21,3034.95,0.3545,1,Credit Card,2025-04-22,1
510,510,2025-11-26,3,514,11546.83,16798.92,0.6595,1,Personal Loan,2026-02-24,1
511,511,2025-09-09,24,818,3631.14,7058.9,0.4113,0,Medical,2025-12-08,0
512,512,2025-11-08,72,719,4707.1,12068.65,0.5265,0,Personal Loan,2026-02-06,1
513,513,2025-09-09,7,757,3303.36,5399.71,0.782,2,Medical,2025-12-08,0
514,514,2025-04-05,9,747,4743.29,18390.48,0.5275,0,Credit Card,2025-07-04,0
515,515,2025-08-17,72,804,2001.51,23732.76,0.4295,1,Medical,2025-11-15,1
516,516,2025-05-03,27,462,6052.52,5932.76,0.2886,0,Personal Loan,2025-08-01,0
517,517,2025-12-11,24,773,5143.88,23852.25,0.3937,0,Medical,2026-03-11,0
518,518,2025-06-25,50,446,4333.37,8469.21,0.6013,2,Credit Card,2025-09-23,1
519,519,2025-08-11,17,610,3730.64,14167.26,0.2871,1,Auto,2025-11-09,0
520,520,2025-01-08,3,658,2973.1,17688.95,0.8642,0,Credit Card,2025-04-08,0
521,521,2025-02-22,0,563,6170.1,5382.08,0.9305,2,Medical,2025-05-23,0
522,522,2025-09-03,7,478,2625.46,11396.72,0.4461,1,Auto,2025-12-02,1
523,523,2025-12-08,14,497,5599.06,2161.77,0.6835,0,Personal Loan,2026-03-08,1
524,524,2025-03-21,62,750,11310.68,17577.82,0.4343,0,Personal Loan,2025-06-19,1
525,525,2025-12-13,26,547,8677.46,10707.09,0.655,1,Auto,2026-03-13,1
526,526,2025-10-25,6,544,2259.03,22345.29,0.7013,1,Medical,2026-01-23,1
527,527,2025-09-15,1,790,3492.83,7212.8,0.4484,0,Personal Loan,2025-12-14,0
528,528,2025-07-08,42,477,5375.75,23128.23,0.4476,1,Credit Card,2025-10-06,1
529,529,2025-01-02,75,787,4308.62,3955.48,0.7513,4,Auto,2025-04-02,1
530,530,2025-02-26,30,789,2369.1,15370.68,0.971,1,Credit Card,2025-05-27,1
531,531,2025-02-11,5,660,5289.04,8041.3,0.5739,2,Credit Card,2025-05-12,0
532,532,2025-10-01,20,486,4427.07,4953.65,0.4047,1,Credit Card,2025-12-30,1
533,533,2025-04-09,44,482,10524.35,2801.46,0.9131,2,Personal Loan,2025-07-08,1
534,534,2025-10-23,16,534,3968.12,16563.24,0.7568,2,Personal Loan,2026-01-21,1
535,535,2025-09-30,88,651,7522.11,6212.61,0.5621,0,Auto,2025-12-29,0
536,536,2025-11-09,68,481,2514.45,14533.95,0.3128,4,Credit Card,2026-02-07,1
537,537,2025-11-14,31,602,2800.06,24495.76,0.545,0,Personal Loan,2026-02-12,1
538,538,2025-02-08,85,466,6153.33,8241.06,0.7028,1,Medical,2025-05-09,1
539,539,2025-08-31,29,636,7242.19,1356.13,0.7757,0,Medical,2025-11-29,1
540,540,2025-06-21,12,428,2890.47,3999.15,0.5736,1,Personal Loan,2025-09-19,1
541,541,2025-10-09,84,704,4495.51,3423.39,0.6302,1,Personal Loan,2026-01-07,1
542,542,2025-01-19,86,442,2388.19,11850.45,0.732,0,Personal Loan,2025-04-19,1
543,543,2025-06-11,28,498,4098.81,18743.94,0.2576,0,Auto,2025-09-09,0
544,544,2025-12-16,53,490,6480.9,7762.89,0.8313,2,Auto,2026-03-16,1
545,545,2025-01-04,15,753,3656.53,4073.15,0.4738,2,Personal Loan,2025-04-04,1
546,546,2025-06-20,57,441,3975.61,16198.79,0.3723,1,Personal Loan,2025-09-18,1
547,547,2025-04-22,62,592,2674.7,7878.92,0.5767,1,Credit Card,2025-07-21,0
548,548,2025-10-06,63,657,3321.72,14591.67,0.5915,0,Auto,2026-01-04,1
549,549,2025-06-01,51,626,9809.93,23377.77,0.7462,2,Credit Card,2025-08-30,1
550,550,2025-04-02,63,692,4595.42,7638.0,0.6288,1,Auto,2025-07-01,0
551,551,2025-08-02,49,742,,13056.04,0.5856,0,Medical,2025-10-31,0
552,552,2025-03-18,73,577,3859.73,20266.89,0.828,1,Credit Card,2025-06-16,1
553,553,2025-07-06,16,752,2167.13,17447.09,0.8436,2,Personal Loan,2025-10-04,1
554,554,2025-06-25,43,547,2817.56,18911.22,0.4757,1,Credit Card,2025-09-23,1
555,555,2025-12-30,37,814,8202.16,19427.95,0.3419,0,Personal Loan,2026-03-30,0
556,556,2025-08-10,48,622,4170.88,13727.94,0.783,0,Credit Card,2025-11-08,0
557,557,2025-12-02,12,715,10413.19,13633.52,0.3788,2,Credit Card,2026-03-02,0
558,558,2025-04-10,29,770,4260.29,18112.79,0.3009,1,Personal Loan,2025-07-09,0
559,559,2025-01-16,85,737,4375.65,17592.38,0.5981,0,Medical,2025-04-16,0
560,560,2025-05-08,9,761,5933.69,16916.41,0.8848,1,Medical,2025-08-06,0
561,561,2025-06-14,57,635,1335.87,9862.3,0.6236,1,Medical,2025-09-12,1
562,562,2025-06-01,59,437,4876.69,20799.29,0.5099,1,Medical,2025-08-30,1
563,563,2025-01-03,42,617,4350.11,6286.97,0.9238,0,Personal Loan,2025-04-03,0
564,564,2025-01-04,3,492,8679.49,4315.43,0.8016,1,Personal Loan,2025-04-04,0
565,565,2025-07-21,3,776,6864.41,8956.47,0.607,2,Auto,2025-10-19,0
566,566,2025-03-29,24,514,2670.01,6718.87,0.4617,1,Medical,2025-06-27,0
567,567,2025-05-11,9,511,7777.28,16747.97,0.3023,0,Credit Card,2025-08-09,0
568,568,2025-10-10,8,520,3951.93,6159.94,0.6339,1,Auto,2026-01-08,1
569,569,2025-05-21,14,677,2960.15,16584.0,0.3972,3,Medical,2025-08-19,1
570,570,2025-10-24,17,649,4859.53,13073.96,0.5824,1,Medical,2026-01-22,0
571,571,2025-06-29,75,800,4059.25,4235.03,0.7118,2,Credit Card,2025-09-27,0
572,572,2025-09-26,57,586,8886.69,6830.71,0.6267,3,Credit Card,2025-12-25,1
573,573,2025-04-15,2,533,5183.73,13282.31,0.6951,1,Medical,2025-07-14,1
574,574,2025-02-20,56,439,4878.27,18461.08,0.4486,0,Personal Loan,2025-05-21,1
575,575,2025-04-05,12,422,6669.44,10257.17,0.298,0,Medical,2025-07-04,1
576,576,2025-02-21,37,569,7272.04,6204.4,0.5151,1,Auto,2025-05-22,1
577,577,2025-06-23,3,791,6327.26,7729.42,0.3051,0,Medical,2025-09-21,0
578,578,2025-04-24,8,630,8423.31,2830.37,0.3015,2,Personal Loan,2025-07-23,1
579,579,2025-04-07,11,778,5848.3,1116.16,0.4825,3,Personal Loan,2025-07-06,1
580,580,2025-03-20,39,460,4795.55,24341.67,0.2542,2,Personal Loan,2025-06-18,1
581,581,2025-05-29,41,457,7766.91,2862.04,0.1577,0,Credit Card,2025-08-27,0
582,582,2025-01-09,31,754,4268.84,3559.74,0.8566,0,Medical,2025-04-09,0
583,583,2025-05-19,55,462,,21838.62,0.3936,2,Personal Loan,2025-08-17,0
584,584,2025-03-22,64,440,9649.97,16755.88,0.6194,1,Credit Card,2025-06-20,1
585,585,2025-07-15,65,582,9226.78,11183.78,0.731,4,Credit Card,2025-10-13,0
586,586,2025-06-27,52,790,4430.74,16401.07,0.8301,4,Medical,2025-09-25,1
587,587,2025-06-16,49,696,3626.06,23407.13,0.3126,0,Auto,2025-09-14,0
588,588,2025-08-10,44,459,8590.64,2934.74,0.7311,0,Auto,2025-11-08,0
589,589,2025-01-21,21,755,6375.31,6470.92,0.8945,1,Medical,2025-04-21,0
590,590,2025-02-02,43,758,5125.64,21577.36,0.8383,2,Credit Card,2025-05-03,0
591,591,2025-06-25,0,741,3847.42,19625.66,0.3664,2,Medical,2025-09-23,0
592,592,2025-05-18,86,781,5162.95,24859.29,0.8238,2,Auto,2025-08-16,0
593,593,2025-04-20,33,516,4403.84,8190.77,0.8345,0,Medical,2025-07-19,1
594,594,2025-05-18,68,812,3297.92,23649.72,0.7307,1,Credit Card,2025-08-16,1
595,595,2025-03-31,86,548,4712.95,8920.38,0.4533,0,Medical,2025-06-29,0
596,596,2025-02-18,44,741,5011.25,18019.78,0.5658,2,Personal Loan,2025-05-19,0
597,597,2025-03-24,77,652,3755.86,22127.2,0.793,2,Medical,2025-06-22,1
598,598,2025-12-12,43,732,6678.99,4684.16,0.8094,2,Credit Card,2026-03-12,1
599,599,2025-02-12,11,671,7942.43,5538.15,0.7149,1,Credit Card,2025-05-13,0
600,600,2025-12-29,2,677,6880.55,14733.49,0.3393,0,Personal Loan,2026-03-29,1
601,601,2025-09-04,12,667,3927.22,21173.71,0.7781,1,Personal Loan,2025-12-03,0
602,602,2025-02-11,84,732,6248.64,2434.26,0.3182,1,Medical,2025-05-12,1
603,603,2025-10-17,42,716,4605.85,21346.58,0.1528,0,Medical,2026-01-15,0
604,604,2025-04-10,28,473,2550.17,8906.45,0.4451,0,Personal Loan,2025-07-09,0
605,605,2025-06-28,40,751,6019.31,10452.55,0.31,2,Medical,2025-09-26,0
606,606,2025-01-05,23,634,4749.33,8826.6,0.6572,2,Personal Loan,2025-04-05,1
607,607,2025-01-07,78,549,14286.88,22831.26,0.6497,1,Credit Card,2025-04-07,1
608,608,2025-10-16,89,626,8567.85,3704.46,0.7189,2,Auto,2026-01-14,1
609,609,2025-08-03,7,807,6124.29,14569.72,0.2383,0,Credit Card,2025-11-01,0
610,610,2025-06-02,64,763,4974.73,4128.65,0.4413,3,Credit Card,2025-08-31,0
611,611,2025-12-09,30,754,4787.08,23250.57,0.3959,0,Credit Card,2026-03-09,0
612,612,2025-12-25,4,605,2830.87,20049.32,0.5051,1,Auto,2026-03-25,1
613,613,2025-12-19,82,734,2033.38,6228.57,0.29,1,Personal Loan,2026-03-19,0
614,614,2025-06-30,5,574,3002.94,7795.57,0.3771,0,Auto,2025-09-28,0
615,615,2025-10-30,18,695,4352.59,9847.13,0.8569,0,Medical,2026-01-28,0
616,616,2025-01-25,2,676,1724.18,10432.73,0.5559,1,Auto,2025-04-25,1
617,617,2025-09-24,42,520,3480.93,20524.9,0.6334,2,Auto,2025-12-23,1
618,618,2025-10-27,53,526,3978.16,14331.07,0.6049,3,Personal Loan,2026-01-25,1
619,619,2025-01-02,28,444,4036.2,10984.76,0.743,0,Credit Card,2025-04-02,1
620,620,2025-10-14,6,476,3301.8,18126.39,0.9028,1,Personal Loan,2026-01-12,0
621,621,2025-11-20,10,593,3813.56,11717.69,0.2772,0,Credit Card,2026-02-18,0
622,622,2025-03-15,84,611,9660.03,3641.88,0.6345,3,Medical,2025-06-13,1
623,623,2025-12-03,72,486,5990.71,3133.49,0.802,0,Auto,2026-03-03,1
624,624,2025-03-08,84,587,3455.99,8485.94,0.4903,0,Medical,2025-06-06,0
625,625,2025-12-12,47,662,4312.37,15270.32,0.7827,2,Auto,2026-03-12,0
626,626,2025-12-07,49,513,4390.77,3803.61,0.8912,0,Personal Loan,2026-03-07,1
627,627,2025-06-28,70,555,3147.68,13978.29,0.776,1,Credit Card,2025-09-26,1
628,628,2025-12-30,55,567,3146.01,7105.44,0.8254,0,Medical,2026-03-30,0
629,629,2025-07-12,39,622,7007.5,17537.63,0.5407,4,Auto,2025-10-10,0
630,630,2025-09-19,26,566,3681.58,1192.44,0.5053,1,Auto,2025-12-18,1
631,631,2025-06-14,43,715,2717.28,11991.07,0.2576,0,Medical,2025-09-12,0
632,632,2025-03-04,5,551,4361.57,1780.47,0.5222,3,Medical,2025-06-02,0
633,633,2025-04-25,17,593,4689.61,8597.44,0.4616,0,Personal Loan,2025-07-24,1
634,634,2025-03-14,66,572,1830.39,881.59,0.5957,0,Auto,2025-06-12,0
635,635,2025-03-13,78,493,4366.27,11992.92,0.6516,2,Auto,2025-06-11,1
636,636,2025-09-01,9,694,6572.11,19291.89,0.4183,2,Auto,2025-11-30,0
637,637,2025-01-25,8,514,5448.27,2955.39,0.9248,0,Auto,2025-04-25,1
638,638,2025-02-01,7,539,12129.65,18512.96,0.4399,0,Medical,2025-05-02,0
639,639,2025-12-06,71,737,7808.74,14812.78,0.9088,2,Personal Loan,2026-03-06,0
640,640,2025-03-14,28,800,8535.77,12862.83,0.7108,0,Medical,2025-06-12,0
641,641,2025-08-05,29,689,15678.39,15187.34,0.6523,0,Auto,2025-11-03,0
642,642,2025-01-04,1,787,6255.21,8729.48,0.7665,0,Auto,2025-04-04,0
643,643,2025-09-30,87,762,4785.67,17903.32,0.3788,2,Credit Card,2025-12-29,0
644,644,2025-07-17,39,612,6892.46,19601.81,0.4425,1,Personal Loan,2025-10-15,0
645,645,2025-01-09,71,728,3457.65,19566.48,0.7196,2,Personal Loan,2025-04-09,1
646,646,2025-08-13,63,551,4667.87,7101.76,0.372,0,Medical,2025-11-11,1
647,647,2025-02-28,12,604,3322.67,16520.72,0.6345,2,Medical,2025-05-29,0
648,648,2025-12-20,72,634,5319.28,4128.35,0.4789,0,Credit Card,2026-03-20,1
649,649,2025-07-03,49,805,3316.42,12637.78,0.6291,2,Credit Card,2025-10-01,0
650,650,2025-02-04,54,760,3264.57,564.42,0.2646,0,Medical,2025-05-05,0
651,651,2025-06-23,18,616,5356.48,5242.88,0.4723,0,Auto,2025-09-21,0
652,652,2025-12-01,76,681,4179.85,15977.49,0.8264,1,Auto,2026-03-01,0
653,653,2025-10-19,83,501,1867.98,21921.86,0.7248,0,Auto,2026-01-17,0
654,654,2025-04-22,36,742,2309.99,1701.19,0.731,0,Medical,2025-07-21,0
655,655,2025-07-08,8,641,2653.75,14184.54,0.4957,1,Medical,2025-10-06,0
656,656,2025-11-18,76,633,2988.91,16100.99,0.944,2,Credit Card,2026-02-16,1
657,657,2025-05-25,79,727,5358.77,23343.58,0.5094,0,Personal Loan,2025-08-23,0
658,658,2025-09-05,45,673,4907.51,16551.02,0.6939,0,Personal Loan,2025-12-04,0
659,659,2025-06-22,52,449,7182.31,3024.3,0.7835,0,Auto,2025-09-20,0
660,660,2025-05-01,20,535,6240.16,4095.23,0.6234,4,Medical,2025-07-30,1
661,661,2025-02-21,6,490,7203.75,16076.22,0.5068,2,Credit Card,2025-05-22,1
662,662,2025-11-19,84,714,5847.55,5782.68,0.7754,2,Credit Card,2026-02-17,0
663,663,2025-07-18,43,434,4887.11,23243.48,0.5904,1,Auto,2025-10-16,1
664,664,2025-08-06,24,501,7293.28,23056.84,0.769,0,Medical,2025-11-04,1
665,665,2025-01-10,62,659,6726.0,23742.07,0.5064,2,Credit Card,2025-04-10,0
666,666,2025-08-27,2,698,5267.14,7677.34,0.4142,1,Auto,2025-11-25,0
667,667,2025-03-17,7,621,7879.21,18065.27,0.3145,1,Personal Loan,2025-06-15,1
668,668,2025-11-22,21,765,1547.5,16743.84,0.6353,0,Credit Card,2026-02-20,0
669,669,2025-08-29,40,788,3902.18,1372.29,0.9214,1,Auto,2025-11-27,0
670,670,2025-06-15,33,472,3875.36,7006.34,0.6633,3,Personal Loan,2025-09-13,1
671,671,2025-05-22,16,801,7470.43,5565.78,0.4331,1,Medical,2025-08-20,0
672,672,2025-02-11,31,666,9019.35,9584.81,0.3478,3,Credit Card,2025-05-12,0
673,673,2025-09-16,30,675,2315.59,23849.82,0.4009,0,Personal Loan,2025-12-15,0
674,674,2025-01-30,47,458,8391.93,21217.24,0.547,1,Medical,2025-04-30,1
675,675,2025-12-16,50,669,2625.04,7688.9,0.5759,1,Auto,2026-03-16,1
676,676,2025-04-28,79,711,2660.99,13485.77,0.6809,1,Personal Loan,2025-07-27,1
677,677,2025-11-29,72,652,4002.09,5210.52,0.2779,1,Medical,2026-02-27,0
678,678,2025-11-09,26,453,3853.77,7297.13,0.5666,0,Medical,2026-02-07,1
679,679,2025-06-19,81,629,2205.51,2092.58,0.2252,4,Auto,2025-09-17,1
680,680,2025-12-13,46,795,5957.73,16243.86,0.4349,3,Personal Loan,2026-03-13,0
681,681,2025-09-08,16,710,6037.41,16594.56,0.4727,1,Personal Loan,2025-12-07,1
682,682,2025-07-25,30,475,7146.08,21043.29,0.4231,0,Medical,2025-10-23,0
683,683,2025-04-01,66,804,3659.0,21853.02,0.7546,1,Auto,2025-06-30,0
684,684,2025-07-28,73,804,4368.56,4421.46,0.4762,1,Personal Loan,2025-10-26,1
685,685,2025-08-11,33,487,4386.59,18704.5,0.69,3,Auto,2025-11-09,1
686,686,2025-04-01,14,741,9505.23,3800.34,0.2419,1,Auto,2025-06-30,0
687,687,2025-07-29,17,583,1242.14,9656.02,0.5541,0,Auto,2025-10-27,1
688,688,2025-11-19,9,658,2891.05,13130.65,0.5585,1,Credit Card,2026-02-17,0
689,689,2025-06-27,62,598,4458.17,1712.01,0.3835,0,Personal Loan,2025-09-25,0
690,690,2025-05-23,45,733,2728.46,4340.71,0.8575,1,Auto,2025-08-21,0
691,691,2025-08-09,40,819,3959.04,7142.34,0.538,2,Personal Loan,2025-11-07,0
692,692,2025-06-26,60,738,4201.79,3624.79,0.5954,0,Medical,2025-09-24,0
693,693,2025-08-31,74,793,3307.81,23385.36,0.5778,2,Auto,2025-11-29,1
694,694,2025-12-17,71,799,4577.97,7563.82,0.6288,1,Medical,2026-03-17,0
695,695,2025-09-23,12,456,5899.76,12778.71,0.3479,0,Credit Card,2025-12-22,0
696,696,2025-10-18,53,521,3998.52,24915.09,0.352,1,Credit Card,2026-01-16,0
697,697,2025-03-22,79,709,3626.64,14382.75,0.7253,2,Auto,2025-06-20,1
698,698,2025-10-06,69,656,4127.41,10581.65,0.4909,1,Auto,2026-01-04,1
699,699,2025-01-23,29,440,4432.21,23279.91,0.9831,1,Medical,2025-04-23,1
700,700,2025-06-14,35,458,2032.16,5951.2,0.901,3,Credit Card,2025-09-12,1
701,701,2025-03-13,80,628,5473.64,4897.77,0.6109,1,Medical,2025-06-11,0
702,702,2025-02-22,2,667,3630.22,13616.43,0.6085,1,Personal Loan,2025-05-23,0
703,703,2025-12-20,47,487,7845.46,10968.89,0.8871,2,Credit Card,2026-03-20,1
704,704,2025-05-08,10,488,5802.09,20026.16,0.7369,0,Auto,2025-08-06,0
705,705,2025-07-16,80,471,7529.09,1529.25,0.5997,3,Personal Loan,2025-10-14,1
706,706,2025-06-08,3,646,2821.57,15634.28,0.3948,3,Medical,2025-09-06,1
707,707,2025-09-20,2,423,3762.64,17911.64,0.797,1,Credit Card,2025-12-19,1
708,708,2025-10-19,29,649,2542.48,24311.96,0.2158,1,Auto,2026-01-17,0
709,709,2025-01-17,18,610,3237.85,4071.2,0.552,3,Auto,2025-04-17,0
710,710,2025-10-08,44,606,7812.24,6532.96,0.9405,0,Personal Loan,2026-01-06,1
711,711,2025-08-30,26,692,8685.16,23344.86,0.4997,1,Medical,2025-11-28,0
712,712,2025-12-02,32,629,2652.72,15950.41,0.8939,0,Medical,2026-03-02,1
713,713,2025-01-29,50,711,3618.36,1432.2,0.831,1,Personal Loan,2025-04-29,0
714,714,2025-01-27,50,726,4297.17,2394.93,0.517,1,Credit Card,2025-04-27,0
715,715,2025-03-28,84,788,5787.89,19743.29,0.5718,1,Credit Card,2025-06-26,1
716,716,2025-06-11,43,740,2014.42,14403.13,0.3616,2,Medical,2025-09-09,0
717,717,2025-09-05,50,627,2161.7,14352.68,0.6306,1,Auto,2025-12-04,1
718,718,2025-10-31,61,617,5543.23,22056.71,0.9112,0,Personal Loan,2026-01-29,1
719,719,2025-09-06,15,514,1849.98,6406.9,0.7373,2,Personal Loan,2025-12-05,1
720,720,2025-06-20,60,660,3637.1,4430.56,0.6217,2,Medical,2025-09-18,1
721,721,2025-02-18,77,475,4783.56,15538.25,0.5852,2,Auto,2025-05-19,1
722,722,2025-03-26,28,793,5361.77,22119.37,0.3186,2,Medical,2025-06-24,1
723,723,2025-05-31,16,758,4172.32,6998.64,0.731,2,Personal Loan,2025-08-29,0
724,724,2025-10-19,31,468,3772.18,17191.71,0.6676,1,Personal Loan,2026-01-17,1
725,725,2025-11-23,24,735,,4233.29,0.7833,1,Credit Card,2026-02-21,1
726,726,2025-01-19,52,466,5056.06,4711.76,0.4178,0,Personal Loan,2025-04-19,1
727,727,2025-12-02,77,709,3323.73,22587.0,0.2413,3,Medical,2026-03-02,1
728,728,2025-05-13,53,455,4523.2,3390.14,0.4894,3,Medical,2025-08-11,0
729,729,2025-08-11,11,615,5283.93,1096.47,0.4234,0,Auto,2025-11-09,0
730,730,2025-09-08,28,683,9635.47,19486.04,0.2223,0,Medical,2025-12-07,1
731,731,2025-05-24,62,712,6335.0,9381.48,0.5295,2,Medical,2025-08-22,1
732,732,2025-02-28,29,587,7681.35,10218.13,0.3058,1,Personal Loan,2025-05-29,0
733,733,2025-03-15,52,789,3378.63,20096.51,0.8996,0,Credit Card,2025-06-13,0
734,734,2025-11-03,62,730,3512.62,4908.43,0.3796,2,Credit Card,2026-02-01,1
735,735,2025-08-30,29,503,4000.12,16433.01,0.6335,1,Personal Loan,2025-11-28,1
736,736,2025-05-26,58,689,4168.84,8181.44,0.7776,4,Auto,2025-08-24,0
737,737,2025-12-23,35,712,2825.35,3054.58,0.4903,0,Personal Loan,2026-03-23,0
738,738,2025-05-20,12,553,7861.01,17343.65,0.3262,2,Medical,2025-08-18,0
739,739,2025-09-30,33,716,6617.73,8307.27,0.7776,4,Personal Loan,2025-12-29,1
740,740,2025-12-13,39,780,3875.56,21731.8,0.6486,1,Credit Card,2026-03-13,0
741,741,2025-05-12,0,747,5935.88,23016.37,0.4078,1,Auto,2025-08-10,0
742,742,2025-02-23,80,725,4916.27,21301.77,0.2889,2,Medical,2025-05-24,1
743,743,2025-06-16,47,674,6148.25,8397.62,0.3021,1,Medical,2025-09-14,0
744,744,2025-06-09,3,528,2428.58,6296.27,0.5376,1,Personal Loan,2025-09-07,0
745,745,2025-07-18,78,738,4164.92,22373.62,0.7157,3,Auto,2025-10-16,1
746,746,2025-07-06,76,566,4332.42,11597.2,0.3911,2,Medical,2025-10-04,0
747,747,2025-08-16,1,633,5887.81,17839.62,0.9497,0,Personal Loan,2025-11-14,1
748,748,2025-02-05,14,546,3351.63,20765.52,0.612,1,Auto,2025-05-06,1
749,749,2025-11-08,32,545,1443.8,7303.32,0.4426,0,Credit Card,2026-02-06,1
750,750,2025-04-26,45,483,2733.22,3417.89,0.476,3,Auto,2025-07-25,1
751,751,2025-10-13,65,805,4326.56,15808.28,0.6343,0,Medical,2026-01-11,1
752,752,2025-07-14,38,479,4576.77,14959.71,0.4842,1,Medical,2025-10-12,1
753,753,2025-05-01,55,454,9487.08,7119.9,0.1018,0,Personal Loan,2025-07-30,0
754,754,2025-12-03,0,795,5780.44,14825.31,0.4069,4,Personal Loan,2026-03-03,0
755,755,2025-04-11,59,642,4613.25,19863.75,0.4101,2,Personal Loan,2025-07-10,0
756,756,2025-06-21,82,595,4382.72,9075.27,0.6779,0,Personal Loan,2025-09-19,1
757,757,2025-04-19,47,715,7309.15,6436.78,0.499,0,Personal Loan,2025-07-18,0
758,758,2025-07-23,40,573,3409.94,18262.53,0.2705,2,Medical,2025-10-21,1
759,759,2025-02-11,26,471,4175.01,19753.86,0.497,3,Medical,2025-05-12,1
760,760,2025-09-04,85,712,2723.94,23880.09,0.3356,3,Auto,2025-12-03,1
761,761,2025-01-10,2,490,8421.2,4115.85,0.7086,0,Auto,2025-04-10,1
762,762,2025-02-23,25,641,,22286.97,0.4231,2,Credit Card,2025-05-24,1
763,763,2025-12-26,12,800,3234.45,19244.92,0.4061,0,Personal Loan,2026-03-26,0
764,764,2025-02-23,77,795,4223.82,17696.55,0.8124,0,Credit Card,2025-05-24,0
765,765,2025-04-25,43,564,5593.4,8169.81,0.5792,1,Credit Card,2025-07-24,0
766,766,2025-06-24,83,732,3972.6,1043.73,0.6359,0,Personal Loan,2025-09-22,0
767,767,2025-06-30,59,665,3496.4,12934.99,0.7028,1,Personal Loan,2025-09-28,0
768,768,2025-08-16,50,612,3312.89,7501.35,0.1768,2,Medical,2025-11-14,0
769,769,2025-02-04,46,476,5179.86,7600.61,0.8436,1,Auto,2025-05-05,0
770,770,2025-04-26,18,570,3785.28,23214.9,0.8526,0,Personal Loan,2025-07-25,1
771,771,2025-06-10,50,681,3625.72,4247.74,0.7979,1,Auto,2025-09-08,0
772,772,2025-01-30,61,815,2437.61,23388.69,0.6504,3,Personal Loan,2025-04-30,0
773,773,2025-01-01,86,421,4605.19,12843.26,0.4955,0,Auto,2025-04-01,0
774,774,2025-10-03,49,707,4098.8,21037.84,0.7729,2,Personal Loan,2026-01-01,1
775,775,2025-11-22,84,759,3847.81,7447.9,0.6862,1,Credit Card,2026-02-20,0
776,776,2025-09-13,85,801,4863.18,16031.06,0.5444,1,Credit Card,2025-12-12,0
777,777,2025-12-19,47,589,6226.7,14136.42,0.753,1,Auto,2026-03-19,1
778,778,2025-11-28,39,467,6097.93,23142.07,0.5532,1,Auto,2026-02-26,1
779,779,2025-12-15,12,528,5702.89,4892.81,0.585,1,Personal Loan,2026-03-15,0
780,780,2025-10-16,24,761,3990.61,5511.96,0.9043,0,Medical,2026-01-14,0
781,781,2025-03-12,79,772,3445.59,23749.63,0.7395,0,Auto,2025-06-10,0
782,782,2025-09-28,12,675,2780.09,2900.13,0.4008,2,Credit Card,2025-12-27,1
783,783,2025-10-23,35,469,3405.27,16049.72,0.3248,1,Auto,2026-01-21,0
784,784,2025-07-10,62,468,4486.56,1983.82,0.7751,0,Personal Loan,2025-10-08,1
785,785,2025-05-06,21,611,3121.82,2386.27,0.3566,2,Medical,2025-08-04,0
786,786,2025-12-09,87,655,4643.51,15130.14,0.8258,3,Personal Loan,2026-03-09,0
787,787,2025-08-28,58,432,2880.0,14008.52,0.5139,0,Auto,2025-11-26,1
788,788,2025-09-09,2,695,2106.02,14539.14,0.2504,1,Personal Loan,2025-12-08,0
789,789,2025-12-05,22,638,6430.02,12104.48,0.6894,2,Auto,2026-03-05,0
790,790,2025-02-10,66,424,3592.18,18687.8,0.6614,1,Medical,2025-05-11,1
791,791,2025-07-20,77,458,3051.34,24808.62,0.5801,0,Credit Card,2025-10-18,1
792,792,2025-10-11,83,602,2718.32,7256.64,0.8029,0,Medical,2026-01-09,1
793,793,2025-05-27,76,709,5379.58,8424.27,0.1549,0,Personal Loan,2025-08-25,0
794,794,2025-03-24,6,750,8256.11,8414.71,0.7034,0,Medical,2025-06-22,0
795,795,2025-07-10,65,592,3709.37,19200.09,0.678,2,Personal Loan,2025-10-08,1
796,796,2025-10-22,9,538,4035.95,9026.38,0.6421,0,Auto,2026-01-20,1
797,797,2025-08-15,6,808,7202.87,17080.06,0.6557,1,Personal Loan,2025-11-13,0
798,798,2025-12-28,62,603,1969.04,11424.25,0.5475,0,Credit Card,2026-03-28,0
799,799,2025-07-20,43,546,10776.15,15391.21,0.3997,2,Auto,2025-10-18,1
800,800,2025-02-17,58,597,13357.66,20810.88,0.3428,1,Personal Loan,2025-05-18,0
801,801,2025-02-18,76,424,1315.73,13094.44,0.7115,1,Credit Card,2025-05-19,1
802,802,2025-01-30,6,541,4256.16,12141.74,0.4383,2,Medical,2025-04-30,0
803,803,2025-09-22,47,626,3217.87,7040.88,0.2862,1,Credit Card,2025-12-21,1
804,804,2025-10-12,75,788,3947.56,13139.66,0.257,1,Credit Card,2026-01-10,1
805,805,2025-01-06,39,716,3683.9,6929.1,0.3497,1,Credit Card,2025-04-06,0
806,806,2025-10-19,47,733,6407.93,21167.47,0.4545,0,Personal Loan,2026-01-17,0
807,807,2025-09-02,44,638,4227.4,10027.17,0.5217,1,Credit Card,2025-12-01,0
808,808,2025-09-04,81,464,2951.57,3663.14,0.78,1,Personal Loan,2025-12-03,0
809,809,2025-06-03,4,576,4115.5,6379.2,0.2368,1,Medical,2025-09-01,1
810,810,2025-06-19,79,819,5606.34,13597.25,0.9171,3,Personal Loan,2025-09-17,1
811,811,2025-01-02,73,437,2610.57,22949.04,0.5666,1,Credit Card,2025-04-02,1
812,812,2025-11-10,73,772,2120.05,7863.76,0.7999,1,Medical,2026-02-08,0
813,813,2025-09-17,37,694,10902.36,6977.46,0.611,1,Credit Card,2025-12-16,0
814,814,2025-08-30,46,533,3330.6,10460.72,0.8347,3,Medical,2025-11-28,1
815,815,2025-12-14,33,731,4180.52,24209.98,0.755,1,Personal Loan,2026-03-14,1
816,816,2025-11-12,22,755,3718.19,21207.88,0.5384,2,Credit Card,2026-02-10,1
817,817,2025-03-16,78,437,5690.99,4166.86,0.5748,2,Credit Card,2025-06-14,1
818,818,2025-05-03,45,462,9874.94,15536.96,0.8957,1,Credit Card,2025-08-01,1
819,819,2025-04-11,65,686,5773.13,19900.67,0.63,1,Personal Loan,2025-07-10,1
820,820,2025-05-05,9,820,2245.62,19316.25,0.6064,0,Credit Card,2025-08-03,1
821,821,2025-02-09,71,429,2385.45,12476.71,0.6131,1,Auto,2025-05-10,0
822,822,2025-08-11,59,686,3716.23,18429.87,0.3524,2,Medical,2025-11-09,0
823,823,2025-02-17,89,474,3941.41,14797.87,0.3908,2,Medical,2025-05-18,1
824,824,2025-09-08,12,680,2049.03,5435.4,0.9296,2,Credit Card,2025-12-07,0
825,825,2025-12-15,48,669,6429.83,1873.31,0.3897,1,Personal Loan,2026-03-15,0
826,826,2025-02-18,46,456,2727.54,9552.74,0.6926,0,Personal Loan,2025-05-19,1
827,827,2025-04-15,48,692,8707.9,2017.51,0.9252,1,Auto,2025-07-14,0
828,828,2025-02-27,4,779,10089.84,10177.83,0.3723,2,Credit Card,2025-05-28,0
829,829,2025-10-17,42,766,3977.01,20807.54,0.7718,0,Auto,2026-01-15,0
830,830,2025-11-01,26,431,5418.3,21185.21,0.6455,2,Personal Loan,2026-01-30,1
831,831,2025-08-22,55,518,2554.53,1334.81,0.5565,0,Personal Loan,2025-11-20,0
832,832,2025-07-29,20,516,5887.9,2203.62,0.5637,1,Auto,2025-10-27,1
833,833,2025-07-10,39,601,3553.94,16911.74,0.3707,1,Medical,2025-10-08,0
834,834,2025-03-25,55,477,2726.42,12749.97,0.3509,0,Credit Card,2025-06-23,1
835,835,2025-08-11,5,762,3904.17,4159.28,0.4075,1,Personal Loan,2025-11-09,0
836,836,2025-05-02,70,731,3606.21,20235.48,0.3749,4,Personal Loan,2025-07-31,0
837,837,2025-05-23,64,744,3841.73,5804.16,0.6055,0,Credit Card,2025-08-21,0
838,838,2025-10-26,5,499,6818.24,2414.66,0.1898,0,Auto,2026-01-24,0
839,839,2025-11-20,5,425,3123.19,18862.92,0.5999,4,Credit Card,2026-02-18,1
840,840,2025-03-19,76,785,9708.53,15399.09,0.7628,4,Auto,2025-06-17,0
841,841,2025-08-23,25,535,2449.71,10163.85,0.6017,1,Personal Loan,2025-11-21,0
842,842,2025-08-09,77,683,9199.86,17471.79,0.3428,1,Medical,2025-11-07,0
843,843,2025-12-13,44,784,2814.59,22828.83,0.9643,2,Credit Card,2026-03-13,0
844,844,2025-07-05,30,434,4445.04,1337.47,0.8238,0,Auto,2025-10-03,0
845,845,2025-05-29,24,422,3566.76,15878.15,0.4242,1,Auto,2025-08-27,0
846,846,2025-12-15,59,422,3809.76,5845.1,0.4855,2,Medical,2026-03-15,1
847,847,2025-12-11,9,482,6378.01,12116.38,0.2623,1,Medical,2026-03-11,0
848,848,2025-10-06,36,440,8733.51,10887.54,0.7864,2,Medical,2026-01-04,1
849,849,2025-12-08,31,748,7598.73,10054.5,0.8936,0,Medical,2026-03-08,1
850,850,2025-09-19,13,662,3706.39,5163.72,0.72,1,Credit Card,2025-12-18,1
851,851,2025-05-01,31,812,4831.51,20164.92,0.6025,2,Credit Card,2025-07-30,0
852,852,2025-10-02,47,741,3127.74,9798.25,0.2797,1,Auto,2025-12-31,0
853,853,2025-12-30,60,806,2846.38,22236.31,0.8722,1,Personal Loan,2026-03-30,1
854,854,2025-12-12,7,515,2654.91,9189.37,0.7586,2,Auto,2026-03-12,1
855,855,2025-10-08,78,535,3652.23,21072.98,0.591,4,Medical,2026-01-06,1
856,856,2025-04-04,79,760,4975.71,13839.43,0.2261,3,Personal Loan,2025-07-03,0
857,857,2025-10-09,62,518,1881.23,9947.82,0.218,0,Personal Loan,2026-01-07,0
858,858,2025-01-13,83,442,4355.27,17748.79,0.8646,1,Auto,2025-04-13,1
859,859,2025-08-17,38,688,8797.4,19773.04,0.6979,2,Personal Loan,2025-11-15,1
860,860,2025-04-16,73,741,7367.69,12325.92,0.5606,2,Auto,2025-07-15,1
861,861,2025-02-24,65,808,3417.51,10922.8,0.6073,0,Personal Loan,2025-05-25,0
862,862,2025-11-29,50,792,2371.81,14646.76,0.4902,3,Personal Loan,2026-02-27,1
863,863,2025-09-29,16,468,5469.4,14836.5,0.51,0,Auto,2025-12-28,1
864,864,2025-09-13,50,729,1567.37,10924.24,0.3164,2,Medical,2025-12-12,1
865,865,2025-08-14,81,759,7328.82,19062.74,0.6278,1,Auto,2025-11-12,0
866,866,2025-02-26,88,699,4039.54,10293.18,0.7115,1,Personal Loan,2025-05-27,0
867,867,2025-07-14,40,748,10138.4,11598.46,0.2838,0,Credit Card,2025-10-12,0
868,868,2025-05-04,22,756,2044.41,15330.3,0.0923,0,Auto,2025-08-02,0
869,869,2025-12-29,67,599,6722.17,24677.8,0.7621,2,Medical,2026-03-29,1
870,870,2025-08-08,6,436,,6886.81,0.6182,3,Personal Loan,2025-11-06,0
871,871,2025-11-10,13,602,3831.56,6182.84,0.5369,1,Auto,2026-02-08,0
872,872,2025-03-01,50,500,2400.83,4833.74,0.7533,1,Personal Loan,2025-05-30,1
873,873,2025-04-18,89,465,5814.36,17391.38,0.7341,1,Personal Loan,2025-07-17,1
874,874,2025-08-07,29,470,6028.55,11502.82,0.4686,0,Medical,2025-11-05,1
875,875,2025-12-22,39,699,9929.92,10020.86,0.4673,2,Auto,2026-03-22,0
876,876,2025-01-28,29,622,6999.7,5500.21,0.6819,2,Personal Loan,2025-04-28,0
877,877,2025-02-13,39,636,3404.14,22332.89,0.7522,1,Medical,2025-05-14,1
878,878,2025-09-23,0,718,2830.65,11357.74,0.6585,1,Personal Loan,2025-12-22,0
879,879,2025-02-10,53,639,2402.29,15388.49,0.373,1,Personal Loan,2025-05-11,1
880,880,2025-04-20,53,672,8629.58,3256.97,0.2517,0,Personal Loan,2025-07-19,0
881,881,2025-08-29,28,454,3133.24,3145.32,0.727,1,Medical,2025-11-27,0
882,882,2025-06-05,23,761,8656.83,2150.19,0.5861,0,Auto,2025-09-03,0
883,883,2025-10-05,68,599,5632.35,9499.98,0.6468,4,Medical,2026-01-03,1
884,884,2025-01-06,16,482,5158.78,12085.72,0.1973,1,Personal Loan,2025-04-06,0
885,885,2025-08-24,4,746,3873.48,6492.16,0.6236,2,Personal Loan,2025-11-22,0
886,886,2025-08-24,3,714,5986.74,9067.1,0.4073,2,Medical,2025-11-22,0
887,887,2025-04-08,79,441,4416.21,653.37,0.8823,1,Credit Card,2025-07-07,1
888,888,2025-09-08,32,497,3766.32,9101.67,0.4587,0,Medical,2025-12-07,1
889,889,2025-06-07,9,426,6082.69,3419.7,0.4638,1,Medical,2025-09-05,0
890,890,2025-11-15,79,528,4168.09,3645.42,0.8314,1,Credit Card,2026-02-13,1
891,891,2025-10-08,13,460,3104.94,610.4,0.2199,2,Personal Loan,2026-01-06,1
892,892,2025-09-23,30,704,5825.05,17561.32,0.3502,1,Auto,2025-12-22,1
893,893,2025-07-11,1,629,4320.85,23316.45,0.9169,1,Credit Card,2025-10-09,1
894,894,2025-09-04,61,813,5541.44,15727.87,0.5413,1,Credit Card,2025-12-03,1
895,895,2025-02-21,62,720,3625.56,2856.95,0.8141,2,Credit Card,2025-05-22,0
896,896,2025-06-03,68,665,2580.91,24746.41,0.3372,1,Medical,2025-09-01,1
897,897,2025-05-14,23,624,9708.75,24401.84,0.4221,0,Auto,2025-08-12,1
898,898,2025-01-27,29,441,8919.32,11971.75,0.4686,1,Personal Loan,2025-04-27,0
899,899,2025-10-23,84,448,6619.02,3142.8,0.5201,2,Auto,2026-01-21,1
900,900,2025-08-24,73,667,3734.93,18158.11,0.5435,1,Medical,2025-11-22,1
901,901,2025-05-01,3,421,3884.92,24055.97,0.7814,1,Credit Card,2025-07-30,1
902,902,2025-01-09,62,436,8283.72,19578.14,0.2125,2,Credit Card,2025-04-09,1
903,903,2025-12-20,73,507,3792.48,15792.97,0.1896,1,Personal Loan,2026-03-20,1
904,904,2025-08-29,50,774,3345.43,15465.38,0.4524,0,Personal Loan,2025-11-27,0
905,905,2025-10-22,57,604,10326.88,24458.99,0.5168,2,Personal Loan,2026-01-20,0
906,906,2025-01-28,0,704,4352.67,2291.42,0.972,0,Auto,2025-04-28,1
907,907,2025-11-30,2,585,9855.56,4164.12,0.7962,0,Personal Loan,2026-02-28,0
908,908,2025-01-22,3,489,2370.19,20854.88,0.9506,1,Personal Loan,2025-04-22,0
909,909,2025-11-30,14,568,5614.92,4055.27,0.6068,0,Medical,2026-02-28,0
910,910,2025-07-27,89,456,11293.55,9890.76,0.9377,0,Medical,2025-10-25,1
911,911,2025-11-14,57,728,4507.0,7396.73,0.9367,1,Medical,2026-02-12,0
912,912,2025-12-02,70,493,3948.92,6464.4,0.7007,1,Medical,2026-03-02,1
913,913,2025-11-17,26,570,2629.4,1130.19,0.321,1,Credit Card,2026-02-15,1
914,914,2025-09-21,84,812,7237.67,14373.16,0.2023,2,Credit Card,2025-12-20,0
915,915,2025-02-08,17,657,3144.6,10330.37,0.7178,1,Personal Loan,2025-05-09,1
916,916,2025-09-13,81,603,4261.33,14013.96,0.5098,1,Medical,2025-12-12,1
917,917,2025-07-11,2,637,2551.6,7960.45,0.5945,0,Auto,2025-10-09,0
918,918,2025-10-18,1,734,8960.69,23565.79,0.4052,3,Medical,2026-01-16,0
919,919,2025-12-24,7,522,7477.83,14988.01,0.9006,2,Auto,2026-03-24,1
920,920,2025-06-18,71,675,4384.31,24049.57,0.6573,4,Medical,2025-09-16,1
921,921,2025-04-09,23,769,2645.55,9075.15,0.4409,1,Credit Card,2025-07-08,1
922,922,2025-09-24,40,649,8876.46,556.09,0.5466,0,Credit Card,2025-12-23,0
923,923,2025-03-29,42,599,3771.89,19641.01,0.59,1,Medical,2025-06-27,1
924,924,2025-06-24,71,478,2704.46,20770.78,0.5741,0,Auto,2025-09-22,1
925,925,2025-09-15,31,519,2012.33,1938.23,0.8923,1,Medical,2025-12-14,1
926,926,2025-12-13,0,799,3325.3,15821.55,0.491,0,Credit Card,2026-03-13,0
927,927,2025-09-26,34,637,2310.95,16694.94,0.656,0,Medical,2025-12-25,0
928,928,2025-09-18,25,540,3360.12,4070.48,0.3326,4,Medical,2025-12-17,1
929,929,2025-07-09,65,587,,14036.85,0.3214,1,Medical,2025-10-07,0
930,930,2025-04-21,67,651,3755.85,6458.37,0.7495,4,Auto,2025-07-20,1
931,931,2025-11-08,8,635,5219.0,903.07,0.9558,4,Auto,2026-02-06,1
932,932,2025-05-14,71,700,3211.52,21739.32,0.7906,1,Medical,2025-08-12,0
933,933,2025-03-20,6,523,4579.41,12546.53,0.8142,2,Credit Card,2025-06-18,1
934,934,2025-08-22,55,680,10555.53,19651.63,0.6921,1,Medical,2025-11-20,0
935,935,2025-12-01,35,597,3801.62,18210.88,0.4064,2,Credit Card,2026-03-01,1
936,936,2025-06-23,27,797,5286.93,24845.78,0.5402,0,Auto,2025-09-21,0
937,937,2025-05-15,43,483,2198.46,11229.86,0.5947,0,Medical,2025-08-13,1
938,938,2025-02-26,27,479,8813.57,10974.99,0.8664,0,Auto,2025-05-27,1
939,939,2025-10-25,71,605,3587.67,7403.01,0.5001,2,Credit Card,2026-01-23,0
940,940,2025-08-20,87,623,7134.8,15816.11,0.7819,0,Auto,2025-11-18,0
941,941,2025-03-07,73,697,4207.27,12409.76,0.6317,0,Personal Loan,2025-06-05,0
942,942,2025-08-14,39,582,5855.93,18354.65,0.1988,2,Auto,2025-11-12,0
943,943,2025-05-16,45,786,6014.66,9234.54,0.5368,0,Personal Loan,2025-08-14,0
944,944,2025-01-07,40,610,3627.87,3705.7,0.458,1,Personal Loan,2025-04-07,1
945,945,2025-08-22,71,471,7268.88,21629.67,0.7039,0,Personal Loan,2025-11-20,1
946,946,2025-05-20,49,467,3160.41,20787.15,0.603,0,Credit Card,2025-08-18,1
947,947,2025-03-18,42,810,6311.13,9099.5,0.7881,0,Credit Card,2025-06-16,0
948,948,2025-09-25,36,473,3730.91,17413.62,0.4911,2,Personal Loan,2025-12-24,1
949,949,2025-03-18,33,800,5204.62,12563.87,0.3459,1,Auto,2025-06-16,0
950,950,2025-03-07,49,531,3612.31,19143.82,0.7343,2,Medical,2025-06-05,1
951,951,2025-03-08,62,457,4548.21,10058.24,0.8631,2,Auto,2025-06-06,1
952,952,2025-11-08,38,542,2741.85,13623.16,0.915,2,Credit Card,2026-02-06,1
953,953,2025-06-06,72,666,4971.12,1916.49,0.8764,0,Credit Card,2025-09-04,0
954,954,2025-07-27,74,591,4536.38,4785.29,0.2211,3,Auto,2025-10-25,1
955,955,2025-10-29,38,735,3487.47,19653.26,0.7049,1,Credit Card,2026-01-27,1
956,956,2025-05-29,81,665,4338.3,9848.35,0.815,0,Medical,2025-08-27,1
957,957,2025-04-08,15,580,4723.48,1360.08,0.5006,0,Personal Loan,2025-07-07,0
958,958,2025-12-27,83,674,3369.9,4607.09,0.8993,1,Personal Loan,2026-03-27,1
959,959,2025-08-11,26,809,4196.72,10584.15,0.7011,0,Personal Loan,2025-11-09,0
960,960,2025-08-21,50,585,2828.5,18088.87,0.4508,0,Credit Card,2025-11-19,1
961,961,2025-04-18,25,481,12779.27,9405.38,0.8194,2,Personal Loan,2025-07-17,1
962,962,2025-12-04,39,583,7162.42,18757.05,0.662,1,Auto,2026-03-04,0
963,963,2025-05-02,30,756,5028.58,21522.48,0.5189,1,Medical,2025-07-31,0
964,964,2025-12-31,63,507,7536.03,8857.85,0.6671,3,Credit Card,2026-03-31,1
965,965,2025-08-15,7,800,1825.0,20109.2,0.6936,2,Auto,2025-11-13,1
966,966,2025-06-17,75,655,1406.76,3608.58,0.7191,3,Credit Card,2025-09-15,1
967,967,2025-09-19,81,661,3715.69,10674.45,0.8739,0,Auto,2025-12-18,1
968,968,2025-05-13,50,547,2391.43,2890.28,0.6493,5,Medical,2025-08-11,1
969,969,2025-10-30,49,789,3997.91,1786.94,0.6831,1,Credit Card,2026-01-28,0
970,970,2025-11-13,62,434,4878.27,2080.92,0.6093,0,Credit Card,2026-02-11,1
971,971,2025-02-06,17,539,6729.03,3066.42,0.6129,1,Medical,2025-05-07,0
972,972,2025-01-04,67,587,2664.53,20975.29,0.6405,0,Auto,2025-04-04,1
973,973,2025-01-26,19,611,5323.22,13820.09,0.7567,1,Credit Card,2025-04-26,1
974,974,2025-06-18,60,610,4475.96,23711.01,0.2667,1,Credit Card,2025-09-16,1
975,975,2025-08-31,27,479,5199.82,13681.01,0.7633,1,Credit Card,2025-11-29,1
976,976,2025-08-24,67,510,3519.6,15903.43,0.4872,1,Medical,2025-11-22,1
977,977,2025-04-05,71,458,8286.73,5019.86,0.896,1,Medical,2025-07-04,0
978,978,2025-10-23,18,649,4244.68,13744.24,0.9414,2,Auto,2026-01-21,1
979,979,2025-02-03,55,560,9881.13,9939.91,0.862,0,Personal Loan,2025-05-04,0
980,980,2025-09-08,44,646,3116.06,23320.17,0.8089,2,Auto,2025-12-07,1
981,981,2025-06-20,26,656,6212.21,23381.07,0.3643,2,Auto,2025-09-18,1
982,982,2025-01-08,52,701,4329.25,5363.22,0.5152,2,Credit Card,2025-04-08,0
983,983,2025-11-11,89,639,3837.27,15693.21,0.3907,4,Credit Card,2026-02-09,1
984,984,2025-09-04,0,679,5910.83,16135.31,0.3481,1,Medical,2025-12-03,0
985,985,2025-07-22,86,655,3886.92,14282.11,0.9659,0,Credit Card,2025-10-20,0
986,986,2025-08-27,77,681,1342.27,3546.08,0.7264,0,Medical,2025-11-25,1
987,987,2025-04-24,47,667,1120.7,16523.38,0.3188,1,Medical,2025-07-23,0
988,988,2025-01-04,54,546,7883.99,20077.59,0.4106,2,Medical,2025-04-04,1
989,989,2025-05-19,33,518,7735.82,8958.04,0.6985,1,Credit Card,2025-08-17,1
990,990,2025-04-20,11,735,10397.32,13106.52,0.7448,1,Medical,2025-07-19,0
991,991,2025-09-11,51,557,4412.13,3350.03,0.8978,0,Personal Loan,2025-12-10,0
992,992,2025-06-21,73,640,2485.71,23301.87,0.5062,3,Medical,2025-09-19,1
993,993,2025-12-18,20,498,3681.91,3183.68,0.7131,2,Medical,2026-03-18,1
994,994,2025-08-19,64,592,4469.99,5605.24,0.774,0,Personal Loan,2025-11-17,1
995,995,2025-09-05,67,632,2826.61,7812.72,0.4298,0,Personal Loan,2025-12-04,0
996,996,2025-09-06,68,671,9338.11,20731.86,0.6902,0,Medical,2025-12-05,0
997,997,2025-04-17,30,631,12182.75,17666.07,0.5162,4,Personal Loan,2025-07-16,0
998,998,2025-07-18,35,564,5515.0,671.85,0.759,2,Medical,2025-10-16,0
999,999,2025-11-29,37,805,4425.38,4997.26,0.8783,0,Medical,2026-02-27,0
1000,1000,2025-12-29,76,625,2483.1,18878.7,0.4552,1,Auto,2026-03-29,1
1001,1001,2025-04-27,81,744,8918.61,10393.95,0.9006,3,Medical,2025-07-26,0
1002,1002,2025-09-08,37,715,4602.42,1142.23,0.3078,0,Credit Card,2025-12-07,0
1003,1003,2025-01-30,87,643,3904.46,24115.96,0.9413,2,Auto,2025-04-30,1
1004,1004,2025-03-02,51,775,5522.18,4205.21,0.5092,2,Personal Loan,2025-05-31,1
1005,1005,2025-05-30,34,471,3416.7,13006.43,0.5455,2,Medical,2025-08-28,1
1006,1006,2025-09-23,0,789,4750.92,6583.74,0.6267,3,Medical,2025-12-22,1
1007,1007,2025-03-07,54,760,2323.64,18568.0,0.8305,2,Credit Card,2025-06-05,0
1008,1008,2025-03-20,58,621,7253.14,19529.79,0.7895,0,Personal Loan,2025-06-18,0
1009,1009,2025-09-19,87,714,4242.95,10231.9,0.4747,2,Credit Card,2025-12-18,0
1010,1010,2025-03-03,64,628,7491.02,16632.02,0.6161,0,Personal Loan,2025-06-01,0
1011,1011,2025-01-27,2,527,4062.24,22772.3,0.7985,1,Medical,2025-04-27,1
1012,1012,2025-08-19,51,740,4182.69,20462.82,0.7018,0,Credit Card,2025-11-17,0
1013,1013,2025-07-03,66,518,2577.2,10664.99,0.6316,2,Auto,2025-10-01,1
1014,1014,2025-07-07,44,546,6259.72,11316.16,0.5479,1,Credit Card,2025-10-05,0
1015,1015,2025-07-21,38,628,2998.51,22228.52,0.2943,0,Credit Card,2025-10-19,0
1016,1016,2025-12-12,72,755,3572.82,1342.13,0.643,3,Auto,2026-03-12,1
1017,1017,2025-12-12,55,573,4449.16,1058.88,0.3294,1,Credit Card,2026-03-12,1
1018,1018,2025-08-01,61,618,4696.4,5541.99,0.7471,1,Personal Loan,2025-10-30,1
1019,1019,2025-08-28,41,436,2063.7,20776.73,0.4066,2,Credit Card,2025-11-26,1
1020,1020,2025-07-10,25,466,4008.36,4253.72,0.8045,1,Credit Card,2025-10-08,1
1021,1021,2025-05-14,46,442,6360.44,7489.34,0.2867,3,Medical,2025-08-12,1
1022,1022,2025-02-19,86,448,3750.89,15912.18,0.8841,1,Credit Card,2025-05-20,1
1023,1023,2025-08-25,54,768,4019.33,5013.95,0.8658,0,Personal Loan,2025-11-23,0
1024,1024,2025-11-11,63,757,4784.24,7926.35,0.6536,0,Medical,2026-02-09,0
1025,1025,2025-09-14,11,749,4202.01,11939.36,0.2834,1,Medical,2025-12-13,0
1026,1026,2025-04-26,88,442,2796.9,6088.68,0.7127,1,Medical,2025-07-25,0
1027,1027,2025-08-12,22,451,4374.92,24814.14,0.3761,0,Medical,2025-11-10,0
1028,1028,2025-06-02,87,532,6955.81,4504.43,0.6974,1,Auto,2025-08-31,0
1029,1029,2025-12-22,40,646,2771.02,21323.46,0.4922,1,Medical,2026-03-22,0
1030,1030,2025-07-03,82,553,3757.4,12017.45,0.74,0,Credit Card,2025-10-01,0
1031,1031,2025-06-21,80,615,2388.13,3663.53,0.3956,1,Auto,2025-09-19,1
1032,1032,2025-12-16,67,489,6792.82,3402.91,0.2594,0,Credit Card,2026-03-16,1
1033,1033,2025-03-11,82,713,4266.03,12757.25,0.445,1,Personal Loan,2025-06-09,1
1034,1034,2025-04-05,54,545,3033.31,9161.24,0.5618,1,Auto,2025-07-04,1
1035,1035,2025-03-15,76,446,4635.59,6247.76,0.5401,1,Medical,2025-06-13,1
1036,1036,2025-09-07,15,717,2587.33,23994.01,0.6277,1,Credit Card,2025-12-06,0
1037,1037,2025-09-08,6,782,,11852.8,0.8097,1,Auto,2025-12-07,0
1038,1038,2025-09-15,48,425,2305.24,23255.87,0.536,0,Credit Card,2025-12-14,1
1039,1039,2025-12-06,72,595,2751.63,4517.99,0.5117,0,Credit Card,2026-03-06,1
1040,1040,2025-01-10,68,751,8191.09,4994.92,0.7059,0,Medical,2025-04-10,1
1041,1041,2025-03-31,47,703,3197.41,15102.68,0.5452,1,Credit Card,2025-06-29,0
1042,1042,2025-05-24,46,763,5485.16,7111.95,0.2796,2,Auto,2025-08-22,0
1043,1043,2025-03-19,54,586,3052.34,5030.98,0.2218,2,Credit Card,2025-06-17,0
1044,1044,2025-01-15,78,569,6259.09,2819.79,0.6115,1,Medical,2025-04-15,1
1045,1045,2025-03-28,75,704,2802.49,2368.63,0.5169,2,Auto,2025-06-26,1
1046,1046,2025-02-22,9,481,4526.27,18952.63,0.7534,1,Medical,2025-05-23,0
1047,1047,2025-12-10,53,516,4554.1,7413.0,0.5189,1,Credit Card,2026-03-10,0
1048,1048,2025-01-29,34,660,12676.59,24471.27,0.786,2,Auto,2025-04-29,1
1049,1049,2025-03-20,71,688,5905.81,4986.47,0.631,1,Personal Loan,2025-06-18,0
1050,1050,2025-04-03,45,467,3405.66,9183.94,0.9449,1,Auto,2025-07-02,1
1051,1051,2025-09-18,89,623,6052.77,9685.26,0.2954,2,Medical,2025-12-17,1
1052,1052,2025-09-11,38,566,11639.72,12753.74,0.6085,0,Personal Loan,2025-12-10,0
1053,1053,2025-11-13,61,621,2135.94,21830.58,0.5235,2,Medical,2026-02-11,1
1054,1054,2025-02-24,9,804,3043.86,20951.87,0.6723,0,Medical,2025-05-25,0
1055,1055,2025-11-08,83,450,3997.39,743.93,0.5511,0,Medical,2026-02-06,1
1056,1056,2025-05-25,13,819,3686.05,10526.75,0.9364,1,Medical,2025-08-23,0
1057,1057,2025-10-27,34,600,3828.62,20784.45,0.7662,0,Auto,2026-01-25,1
1058,1058,2025-07-29,75,729,2472.77,504.85,0.7122,1,Credit Card,2025-10-27,0
1059,1059,2025-06-27,87,590,8364.74,13574.17,0.3765,2,Auto,2025-09-25,0
1060,1060,2025-03-16,43,544,2344.5,6857.15,0.2462,3,Medical,2025-06-14,0
1061,1061,2025-01-13,43,729,4063.92,10612.83,0.7408,2,Credit Card,2025-04-13,1
1062,1062,2025-04-05,4,695,7119.72,10797.47,0.9467,2,Personal Loan,2025-07-04,1
1063,1063,2025-03-23,88,477,4387.07,10097.98,0.7441,2,Medical,2025-06-21,1
1064,1064,2025-07-22,1,702,2861.99,22352.78,0.6893,1,Auto,2025-10-20,0
1065,1065,2025-09-19,2,721,2423.81,13643.36,0.5129,1,Personal Loan,2025-12-18,0
1066,1066,2025-09-13,42,575,4009.81,22641.79,0.5877,2,Credit Card,2025-12-12,0
1067,1067,2025-10-30,0,791,3163.19,18305.19,0.6518,0,Medical,2026-01-28,1
1068,1068,2025-06-23,14,676,4877.33,9102.44,0.5884,1,Personal Loan,2025-09-21,0
1069,1069,2025-03-29,56,553,2366.93,12592.31,0.5916,3,Auto,2025-06-27,0
1070,1070,2025-05-13,63,424,6411.61,10051.53,0.5495,1,Personal Loan,2025-08-11,0
1071,1071,2025-05-04,26,690,4684.42,20800.07,0.3411,0,Medical,2025-08-02,0
1072,1072,2025-11-07,71,503,4843.66,5096.15,0.3109,1,Auto,2026-02-05,1
1073,1073,2025-08-27,54,723,8505.64,23442.1,0.5667,2,Personal Loan,2025-11-25,0
1074,1074,2025-11-01,20,630,3651.86,14720.4,0.5598,2,Medical,2026-01-30,0
1075,1075,2025-04-17,64,607,3207.93,15488.07,0.5395,1,Medical,2025-07-16,1
1076,1076,2025-04-10,53,485,3475.54,13161.63,0.8717,2,Credit Card,2025-07-09,1
1077,1077,2025-11-04,73,705,4078.0,14085.16,0.8353,2,Auto,2026-02-02,1
1078,1078,2025-09-19,13,486,4268.71,16858.05,0.8031,0,Credit Card,2025-12-18,1
1079,1079,2025-01-16,20,587,3060.05,16548.36,0.6006,1,Medical,2025-04-16,1
1080,1080,2025-08-16,27,755,1789.36,5746.6,0.7446,1,Personal Loan,2025-11-14,0
1081,1081,2025-01-10,30,789,3455.01,14769.78,0.6173,2,Credit Card,2025-04-10,1
1082,1082,2025-01-26,79,816,5228.72,9188.35,0.7499,1,Credit Card,2025-04-26,0
1083,1083,2025-02-01,65,804,4728.28,16107.24,0.7838,1,Credit Card,2025-05-02,1
1084,1084,2025-01-24,48,642,7629.67,13921.95,0.5595,1,Personal Loan,2025-04-24,1
1085,1085,2025-06-19,48,500,10721.1,4902.16,0.4445,1,Auto,2025-09-17,1
1086,1086,2025-01-01,79,756,,18500.98,0.6037,1,Auto,2025-04-01,1
1087,1087,2025-07-21,40,741,8284.44,11696.83,0.7277,0,Credit Card,2025-10-19,1
1088,1088,2025-02-23,20,817,6279.52,14010.32,0.7702,1,Auto,2025-05-24,0
1089,1089,2025-04-02,12,681,9599.39,16979.75,0.5051,2,Auto,2025-07-01,0
1090,1090,2025-02-13,29,476,10228.0,16495.36,0.4384,0,Auto,2025-05-14,1
1091,1091,2025-04-02,58,621,6822.79,18848.76,0.6426,5,Auto,2025-07-01,1
1092,1092,2025-02-07,42,599,6111.15,5565.42,0.8598,0,Credit Card,2025-05-08,1
1093,1093,2025-07-15,37,758,4054.75,3204.59,0.6238,4,Medical,2025-10-13,0
1094,1094,2025-05-28,43,577,4365.11,16894.9,0.3227,0,Auto,2025-08-26,0
1095,1095,2025-11-28,87,551,3819.88,6281.63,0.8571,0,Credit Card,2026-02-26,1
1096,1096,2025-09-21,89,452,5881.48,3307.82,0.5275,1,Auto,2025-12-20,1
1097,1097,2025-05-29,14,755,3215.84,3715.32,0.9738,0,Auto,2025-08-27,0
1098,1098,2025-06-17,10,722,4080.61,8163.6,0.5918,1,Medical,2025-09-15,0
1099,1099,2025-01-08,21,436,1540.98,24798.78,0.3083,1,Auto,2025-04-08,1
1100,1100,2025-07-21,76,593,9656.54,4352.88,0.7488,0,Medical,2025-10-19,0
1101,1101,2025-07-22,41,612,4027.04,7814.15,0.3534,1,Auto,2025-10-20,1
1102,1102,2025-05-03,77,608,5458.95,23057.99,0.4884,1,Auto,2025-08-01,0
1103,1103,2025-04-21,58,788,8569.84,24101.05,0.4911,1,Credit Card,2025-07-20,0
1104,1104,2025-08-29,49,480,5090.5,6106.66,0.4902,0,Credit Card,2025-11-27,1
1105,1105,2025-08-20,25,542,8518.15,22071.09,0.5994,1,Auto,2025-11-18,1
1106,1106,2025-05-01,30,492,2543.3,3903.49,0.8242,2,Auto,2025-07-30,1
1107,1107,2025-10-06,13,517,13079.74,19157.64,0.5407,4,Auto,2026-01-04,0
1108,1108,2025-04-24,46,783,7253.21,818.7,0.8452,0,Auto,2025-07-23,0
1109,1109,2025-06-06,25,797,4886.06,10462.18,0.1584,1,Credit Card,2025-09-04,0
1110,1110,2025-12-11,26,437,8444.63,6559.71,0.8055,2,Auto,2026-03-11,0
1111,1111,2025-09-10,3,673,2628.36,17748.2,0.4898,1,Credit Card,2025-12-09,1
1112,1112,2025-06-10,71,513,3905.43,893.38,0.3348,0,Personal Loan,2025-09-08,0
1113,1113,2025-07-31,84,497,8517.79,11890.09,0.6676,1,Credit Card,2025-10-29,1
1114,1114,2025-06-13,44,537,1919.51,17569.86,0.6185,1,Auto,2025-09-11,1
1115,1115,2025-03-05,48,497,5722.76,1644.27,0.5038,1,Auto,2025-06-03,1
1116,1116,2025-01-27,83,616,5650.39,22486.3,0.1163,2,Auto,2025-04-27,1
1117,1117,2025-10-29,46,819,10787.59,9349.34,0.9747,2,Credit Card,2026-01-27,0
1118,1118,2025-12-03,56,655,2181.29,4549.01,0.484,1,Credit Card,2026-03-03,0
1119,1119,2025-11-22,38,710,9175.88,6023.88,0.658,3,Medical,2026-02-20,0
1120,1120,2025-05-15,46,617,3457.28,8803.2,0.667,1,Medical,2025-08-13,0
1121,1121,2025-06-02,46,425,3636.75,5360.19,0.4592,0,Credit Card,2025-08-31,1
1122,1122,2025-09-06,63,453,2565.99,13009.18,0.4806,3,Personal Loan,2025-12-05,1
1123,1123,2025-05-12,54,527,2725.66,16006.83,0.8156,1,Auto,2025-08-10,1
1124,1124,2025-09-02,45,517,5332.55,11119.04,0.6168,0,Medical,2025-12-01,0
1125,1125,2025-06-28,6,757,2695.8,10962.29,0.9656,1,Auto,2025-09-26,0
1126,1126,2025-11-20,81,758,6205.11,19651.64,0.5243,2,Credit Card,2026-02-18,1
1127,1127,2025-11-12,79,762,3299.96,7874.91,0.6956,1,Medical,2026-02-10,1
1128,1128,2025-11-17,16,675,,15757.84,0.5269,0,Medical,2026-02-15,0
1129,1129,2025-10-21,26,643,,22376.58,0.7551,1,Credit Card,2026-01-19,0
1130,1130,2025-02-26,87,680,5174.6,5927.1,0.3156,1,Medical,2025-05-27,1
1131,1131,2025-10-12,28,583,3925.27,15687.57,0.9715,1,Auto,2026-01-10,1
1132,1132,2025-02-09,73,688,4516.06,23725.31,0.3955,0,Medical,2025-05-10,1
1133,1133,2025-09-20,70,738,6083.24,13479.98,0.5602,3,Personal Loan,2025-12-19,0
1134,1134,2025-11-21,77,725,7237.92,24433.99,0.918,1,Credit Card,2026-02-19,1
1135,1135,2025-11-07,1,666,3867.86,8096.13,0.5513,1,Medical,2026-02-05,0
1136,1136,2025-04-10,43,443,2779.71,14325.2,0.4829,0,Auto,2025-07-09,1
1137,1137,2025-09-19,50,710,4601.98,8120.38,0.699,1,Credit Card,2025-12-18,0
1138,1138,2025-11-02,75,567,5496.09,591.13,0.6405,2,Medical,2026-01-31,1
1139,1139,2025-01-15,20,718,2304.63,24934.05,0.5439,0,Auto,2025-04-15,0
1140,1140,2025-05-29,27,636,2978.65,6381.47,0.3374,1,Personal Loan,2025-08-27,0
1141,1141,2025-03-02,16,773,3217.52,24341.0,0.7829,1,Auto,2025-05-31,1
1142,1142,2025-05-08,68,555,4050.03,16499.3,0.6515,0,Medical,2025-08-06,1
1143,1143,2025-11-24,89,793,3157.5,22646.37,0.6036,1,Auto,2026-02-22,0
1144,1144,2025-03-06,12,758,6112.97,24196.47,0.6606,2,Auto,2025-06-04,0
1145,1145,2025-09-04,20,552,2159.63,14411.82,0.6359,1,Medical,2025-12-03,0
1146,1146,2025-12-22,27,613,2184.47,24992.44,0.6337,1,Auto,2026-03-22,1
1147,1147,2025-11-02,80,633,3826.67,19299.58,0.6665,3,Credit Card,2026-01-31,1
1148,1148,2025-01-24,40,728,4109.09,13333.46,0.4475,2,Auto,2025-04-24,1
1149,1149,2025-12-10,25,696,2310.94,16546.11,0.3587,1,Auto,2026-03-10,0
1150,1150,2025-07-11,29,761,,5259.65,0.7787,2,Medical,2025-10-09,0
1151,1151,2025-12-30,53,568,3712.76,770.3,0.6178,2,Credit Card,2026-03-30,1
1152,1152,2025-09-20,34,622,3725.72,6791.34,0.3861,0,Credit Card,2025-12-19,0
1153,1153,2025-10-02,12,592,4761.64,11156.79,0.7719,0,Personal Loan,2025-12-31,0
1154,1154,2025-06-02,73,784,3302.02,6087.29,0.2739,0,Auto,2025-08-31,0
1155,1155,2025-02-27,38,542,8647.51,13093.88,0.3027,4,Credit Card,2025-05-28,1
1156,1156,2025-04-18,23,655,5539.68,16619.63,0.7255,1,Medical,2025-07-17,1
1157,1157,2025-07-03,65,468,3092.7,16566.95,0.525,0,Credit Card,2025-10-01,1
1158,1158,2025-02-27,67,760,4640.28,22397.23,0.7357,3,Medical,2025-05-28,0
1159,1159,2025-01-07,13,574,4702.3,24174.82,0.133,3,Personal Loan,2025-04-07,1
1160,1160,2025-03-13,6,556,7681.92,22322.03,0.7939,1,Medical,2025-06-11,1
1161,1161,2025-10-11,4,653,,15694.29,0.6659,1,Medical,2026-01-09,1
1162,1162,2025-12-11,68,620,6281.11,5541.22,0.739,2,Credit Card,2026-03-11,1
1163,1163,2025-10-28,56,760,4531.62,23614.55,0.8197,2,Personal Loan,2026-01-26,1
1164,1164,2025-05-31,71,633,8701.1,4784.08,0.4998,0,Personal Loan,2025-08-29,1
1165,1165,2025-07-05,56,627,7949.79,4209.97,0.3553,0,Auto,2025-10-03,0
1166,1166,2025-01-12,36,462,4859.26,8280.45,0.637,0,Auto,2025-04-12,1
1167,1167,2025-07-09,53,428,3951.98,14553.34,0.5185,0,Personal Loan,2025-10-07,1
1168,1168,2025-05-23,65,579,5585.74,17196.08,0.8195,1,Medical,2025-08-21,1
1169,1169,2025-05-18,35,820,4100.23,825.67,0.5657,1,Medical,2025-08-16,0
1170,1170,2025-08-11,82,787,9472.41,19561.55,0.4335,0,Personal Loan,2025-11-09,0
1171,1171,2025-06-02,80,672,4606.9,4787.98,0.9415,1,Auto,2025-08-31,0
1172,1172,2025-08-14,72,672,3705.08,7763.88,0.2074,3,Medical,2025-11-12,1
1173,1173,2025-11-03,89,576,3616.18,8391.12,0.3874,0,Credit Card,2026-02-01,1
1174,1174,2025-02-04,35,491,2576.36,8644.93,0.7605,3,Credit Card,2025-05-05,1
1175,1175,2025-11-25,10,423,5712.73,19129.01,0.7967,2,Credit Card,2026-02-23,1
1176,1176,2025-04-06,43,555,3074.8,1503.14,0.674,2,Medical,2025-07-05,1
1177,1177,2025-09-22,67,546,7289.33,5314.69,0.5497,0,Credit Card,2025-12-21,1
1178,1178,2025-09-26,70,496,2485.38,1046.82,0.5644,1,Auto,2025-12-25,1
1179,1179,2025-12-28,34,523,4709.13,19568.34,0.656,2,Credit Card,2026-03-28,0
1180,1180,2025-12-26,26,429,7462.16,24601.2,0.7794,0,Auto,2026-03-26,1
1181,1181,2025-03-17,40,663,1688.32,16658.91,0.9189,0,Auto,2025-06-15,1
1182,1182,2025-07-07,72,791,11028.29,14958.41,0.6633,1,Medical,2025-10-05,1
1183,1183,2025-11-28,5,697,3672.48,22747.62,0.38,1,Credit Card,2026-02-26,0
1184,1184,2025-02-01,29,599,4738.58,6746.37,0.7489,1,Credit Card,2025-05-02,0
1185,1185,2025-08-26,20,588,5751.13,2128.33,0.4021,1,Personal Loan,2025-11-24,1
1186,1186,2025-11-16,72,543,6165.71,12994.26,0.3427,1,Credit Card,2026-02-14,0
1187,1187,2025-06-17,42,477,5030.36,6878.54,0.911,1,Auto,2025-09-15,0
1188,1188,2025-06-09,7,659,6966.19,11551.5,0.9081,1,Credit Card,2025-09-07,0
1189,1189,2025-05-27,23,647,5617.16,11679.35,0.4433,1,Personal Loan,2025-08-25,0
1190,1190,2025-09-25,3,422,9822.16,8311.38,0.7634,0,Personal Loan,2025-12-24,1
1191,1191,2025-03-02,42,586,5625.4,12414.95,0.4538,1,Personal Loan,2025-05-31,1
1192,1192,2025-03-31,89,531,10765.33,9813.72,0.6595,0,Personal Loan,2025-06-29,1
1193,1193,2025-02-02,51,488,6670.74,3269.95,0.5178,0,Auto,2025-05-03,1
1194,1194,2025-11-15,78,701,1973.2,21734.78,0.6599,4,Medical,2026-02-13,0
1195,1195,2025-10-13,66,630,14400.18,17681.21,0.5291,2,Medical,2026-01-11,1
1196,1196,2025-04-08,79,674,3434.22,1512.07,0.5961,1,Medical,2025-07-07,0
1197,1197,2025-08-10,27,706,8716.69,3336.77,0.7794,5,Medical,2025-11-08,1
1198,1198,2025-09-11,85,813,4501.01,2864.6,0.5942,1,Personal Loan,2025-12-10,0
1199,1199,2025-03-17,21,741,7168.78,2012.72,0.9342,0,Medical,2025-06-15,0
1200,1200,2025-05-27,39,668,3262.29,1946.89,0.2939,1,Personal Loan,2025-08-25,1
1201,1201,2025-05-10,61,772,5893.38,4349.25,0.6106,2,Medical,2025-08-08,0
1202,1202,2025-05-14,25,611,3968.19,21272.8,0.9029,3,Auto,2025-08-12,1
1203,1203,2025-08-30,23,814,,20791.72,0.6755,1,Personal Loan,2025-11-28,0
1204,1204,2025-03-11,11,725,5417.56,19687.09,0.4041,2,Auto,2025-06-09,0
1205,1205,2025-03-31,0,681,6776.22,15560.31,0.5872,0,Auto,2025-06-29,0
1206,1206,2025-11-03,45,782,1679.36,18225.59,0.762,0,Medical,2026-02-01,1
1207,1207,2025-03-10,88,626,4279.08,18592.79,0.4327,1,Credit Card,2025-06-08,1
1208,1208,2025-06-10,19,708,5349.45,22288.17,0.4861,2,Auto,2025-09-08,0
1209,1209,2025-09-30,39,534,4917.85,18442.4,0.5101,2,Medical,2025-12-29,0
1210,1210,2025-06-02,84,806,6853.54,18543.25,0.7069,2,Auto,2025-08-31,0
1211,1211,2025-06-18,69,669,3771.93,20199.99,0.3573,0,Personal Loan,2025-09-16,0
1212,1212,2025-02-10,0,733,4545.78,14130.69,0.6199,1,Medical,2025-05-11,1
1213,1213,2025-06-08,45,604,,5719.21,0.5513,0,Medical,2025-09-06,1
1214,1214,2025-02-22,12,767,1594.94,2571.29,0.5055,2,Medical,2025-05-23,1
1215,1215,2025-02-26,22,449,5797.65,10766.57,0.7011,1,Credit Card,2025-05-27,0
1216,1216,2025-05-15,22,465,3826.68,2746.3,0.9396,3,Personal Loan,2025-08-13,1
1217,1217,2025-08-20,55,623,2949.69,4647.95,0.5468,3,Medical,2025-11-18,1
1218,1218,2025-01-16,17,713,5174.23,1084.08,0.4409,0,Personal Loan,2025-04-16,1
1219,1219,2025-02-11,22,744,7726.05,7855.05,0.7275,1,Medical,2025-05-12,0
1220,1220,2025-08-07,20,596,7098.33,24264.95,0.4385,1,Auto,2025-11-05,0
1221,1221,2025-08-13,32,680,4184.74,9783.82,0.5562,2,Medical,2025-11-11,0
1222,1222,2025-03-10,59,641,6595.11,6401.87,0.617,1,Medical,2025-06-08,1
1223,1223,2025-01-22,35,805,6572.38,10384.51,0.4928,1,Medical,2025-04-22,0
1224,1224,2025-09-23,29,682,4275.61,7882.79,0.8087,4,Medical,2025-12-22,1
1225,1225,2025-12-18,46,587,3255.54,17009.98,0.3952,1,Personal Loan,2026-03-18,1
1226,1226,2025-08-25,55,808,3341.4,16044.44,0.6846,2,Personal Loan,2025-11-23,0
1227,1227,2025-03-30,1,463,6483.62,1169.9,0.6425,2,Personal Loan,2025-06-28,0
1228,1228,2025-06-22,80,814,4363.52,13027.42,0.0752,1,Auto,2025-09-20,0
1229,1229,2025-11-15,82,481,2777.25,1386.89,0.5309,1,Medical,2026-02-13,0
1230,1230,2025-03-15,54,535,2083.52,17095.4,0.7023,1,Credit Card,2025-06-13,0
1231,1231,2025-01-26,51,749,6466.07,23427.3,0.8896,0,Medical,2025-04-26,1
1232,1232,2025-10-10,62,714,3477.09,22733.45,0.8975,1,Personal Loan,2026-01-08,1
1233,1233,2025-08-27,39,809,5159.91,5539.95,0.4134,2,Auto,2025-11-25,0
1234,1234,2025-12-29,32,720,7768.78,18694.81,0.4517,1,Personal Loan,2026-03-29,0
1235,1235,2025-06-29,31,675,2467.56,19930.12,0.599,1,Credit Card,2025-09-27,1
1236,1236,2025-09-17,14,558,4357.65,21677.0,0.6237,2,Personal Loan,2025-12-16,0
1237,1237,2025-06-15,75,421,4118.27,6860.17,0.8298,0,Medical,2025-09-13,1
1238,1238,2025-09-22,28,469,5275.79,11545.45,0.6483,1,Credit Card,2025-12-21,0
1239,1239,2025-09-04,25,539,7766.87,5926.86,0.5002,3,Auto,2025-12-03,0
1240,1240,2025-03-13,86,436,2444.87,1095.58,0.46,0,Personal Loan,2025-06-11,0
1241,1241,2025-11-02,45,623,5746.86,16645.81,0.7471,1,Personal Loan,2026-01-31,1
1242,1242,2025-05-28,55,731,7074.03,11070.86,0.9414,3,Medical,2025-08-26,1
1243,1243,2025-06-23,22,806,4089.31,6578.86,0.7057,0,Personal Loan,2025-09-21,1
1244,1244,2025-01-31,24,616,4180.34,21254.05,0.1439,1,Personal Loan,2025-05-01,1
1245,1245,2025-04-10,65,770,5368.49,12644.18,0.7905,0,Medical,2025-07-09,1
1246,1246,2025-01-31,40,815,5193.52,24869.11,0.1612,0,Auto,2025-05-01,0
1247,1247,2025-12-09,13,764,5779.42,19937.27,0.606,1,Credit Card,2026-03-09,0
1248,1248,2025-06-13,75,606,5724.88,21795.67,0.5673,3,Medical,2025-09-11,1
1249,1249,2025-02-20,36,550,2858.67,19446.64,0.7454,0,Personal Loan,2025-05-21,0
1250,1250,2025-04-02,60,812,6943.91,3095.16,0.7073,1,Personal Loan,2025-07-01,0
1251,1251,2025-08-29,30,517,7517.98,2093.21,0.9534,1,Auto,2025-11-27,1
1252,1252,2025-08-24,50,585,4835.49,22919.43,0.4869,2,Medical,2025-11-22,1
1253,1253,2025-08-11,69,449,2270.22,3885.83,0.4901,1,Credit Card,2025-11-09,1
1254,1254,2025-12-07,79,738,4223.27,10085.04,0.6803,0,Credit Card,2026-03-07,1
1255,1255,2025-12-20,18,680,4853.63,15442.82,0.5198,1,Medical,2026-03-20,1
1256,1256,2025-06-06,60,454,2656.94,5691.51,0.3462,0,Credit Card,2025-09-04,1
1257,1257,2025-09-13,82,508,3781.73,6019.48,0.7959,1,Credit Card,2025-12-12,1
1258,1258,2025-02-16,57,642,2358.51,11922.91,0.6721,0,Medical,2025-05-17,0
1259,1259,2025-01-31,12,636,5844.65,9341.93,0.3817,1,Auto,2025-05-01,0
1260,1260,2025-03-17,17,741,4791.89,17076.1,0.6893,1,Medical,2025-06-15,0
1261,1261,2025-05-23,18,526,2120.48,2339.37,0.4956,1,Credit Card,2025-08-21,0
1262,1262,2025-06-17,9,790,5209.08,12474.59,0.5143,0,Credit Card,2025-09-15,0
1263,1263,2025-12-21,67,598,4335.41,4769.37,0.8469,1,Personal Loan,2026-03-21,1
1264,1264,2025-06-19,86,749,5610.45,15364.76,0.5569,1,Medical,2025-09-17,0
1265,1265,2025-06-21,46,515,3728.68,3347.23,0.4644,1,Auto,2025-09-19,0
1266,1266,2025-07-19,53,434,3100.55,5341.98,0.222,3,Personal Loan,2025-10-17,1
1267,1267,2025-02-05,69,442,3143.59,20195.28,0.6143,2,Credit Card,2025-05-06,1
1268,1268,2025-11-26,37,569,3490.58,6261.59,0.6252,2,Auto,2026-02-24,1
1269,1269,2025-04-02,42,802,4484.9,18558.1,0.831,2,Personal Loan,2025-07-01,1
1270,1270,2025-11-29,53,439,4753.24,7190.04,0.5125,1,Credit Card,2026-02-27,1
1271,1271,2025-10-01,27,567,4081.32,6258.17,0.5748,2,Credit Card,2025-12-30,0
1272,1272,2025-08-22,5,463,3675.73,7829.29,0.8049,0,Personal Loan,2025-11-20,0
1273,1273,2025-11-20,51,793,3796.63,22082.83,0.5132,0,Credit Card,2026-02-18,0
1274,1274,2025-02-26,73,690,13745.63,10230.56,0.4494,0,Credit Card,2025-05-27,0
1275,1275,2025-09-22,6,725,3143.76,6472.13,0.3823,1,Credit Card,2025-12-21,0
1276,1276,2025-03-03,19,706,3459.62,13647.67,0.3586,4,Personal Loan,2025-06-01,0
1277,1277,2025-12-31,23,683,19579.42,9948.21,0.6768,2,Personal Loan,2026-03-31,0
1278,1278,2025-04-20,72,730,5374.69,19859.84,0.3455,3,Medical,2025-07-19,0
1279,1279,2025-05-08,45,423,2389.9,24765.92,0.4012,3,Credit Card,2025-08-06,1
1280,1280,2025-09-22,48,767,6497.74,13401.07,0.5496,1,Personal Loan,2025-12-21,0
1281,1281,2025-05-29,58,716,2952.72,11567.85,0.5489,1,Medical,2025-08-27,1
1282,1282,2025-11-03,24,716,6694.74,8904.37,0.787,2,Medical,2026-02-01,1
1283,1283,2025-05-26,64,577,4044.31,24346.8,0.5825,0,Personal Loan,2025-08-24,1
1284,1284,2025-08-27,2,741,3648.57,12340.44,0.9455,2,Personal Loan,2025-11-25,0
1285,1285,2025-03-11,10,573,9173.96,4860.92,0.7756,1,Credit Card,2025-06-09,1
1286,1286,2025-11-05,73,439,5738.08,24245.79,0.7483,1,Personal Loan,2026-02-03,1
1287,1287,2025-01-10,59,784,6890.13,24041.61,0.3226,0,Credit Card,2025-04-10,0
1288,1288,2025-03-29,15,514,5408.43,11175.26,0.3108,1,Auto,2025-06-27,1
1289,1289,2025-10-14,39,460,3640.95,9030.56,0.398,0,Auto,2026-01-12,1
1290,1290,2025-09-06,4,669,5855.34,17170.72,0.5754,1,Personal Loan,2025-12-05,1
1291,1291,2025-03-06,60,513,7662.91,20808.64,0.7245,0,Medical,2025-06-04,0
1292,1292,2025-04-10,68,764,4725.04,12714.04,0.6777,0,Medical,2025-07-09,0
1293,1293,2025-04-16,25,597,10003.99,8604.92,0.4425,1,Medical,2025-07-15,0
1294,1294,2025-08-28,31,421,6520.58,7884.15,0.8015,1,Credit Card,2025-11-26,1
1295,1295,2025-05-05,21,801,4892.17,8501.67,0.7765,2,Credit Card,2025-08-03,0
1296,1296,2025-01-11,35,626,4979.92,3391.81,0.5816,2,Credit Card,2025-04-11,0
1297,1297,2025-05-22,24,525,4730.36,19576.2,0.9186,0,Medical,2025-08-20,0
1298,1298,2025-08-11,22,691,2532.45,3071.52,0.1506,1,Personal Loan,2025-11-09,0
1299,1299,2025-05-24,38,632,4270.42,10258.71,0.5114,1,Personal Loan,2025-08-22,1
1300,1300,2025-11-21,77,431,4912.48,20956.11,0.3251,0,Medical,2026-02-19,1
1301,1301,2025-08-27,68,724,3687.71,10400.59,0.8883,3,Auto,2025-11-25,1
1302,1302,2025-04-06,26,580,5176.86,7721.66,0.5696,3,Auto,2025-07-05,1
1303,1303,2025-08-25,84,700,4489.91,23732.22,0.9404,2,Personal Loan,2025-11-23,1
1304,1304,2025-11-12,18,779,6299.1,3600.32,0.2439,1,Auto,2026-02-10,0
1305,1305,2025-12-19,81,664,5993.32,22178.92,0.3427,0,Credit Card,2026-03-19,0
1306,1306,2025-01-20,27,689,4794.47,2020.88,0.7668,1,Medical,2025-04-20,0
1307,1307,2025-04-10,48,522,2403.68,10631.47,0.4854,3,Medical,2025-07-09,1
1308,1308,2025-08-28,18,515,9954.95,15977.17,0.5862,1,Auto,2025-11-26,0
1309,1309,2025-01-07,68,586,4171.99,9565.94,0.8347,3,Credit Card,2025-04-07,0
1310,1310,2025-06-03,28,761,4288.11,13597.86,0.7022,2,Auto,2025-09-01,1
1311,1311,2025-08-05,78,630,3811.83,5498.04,0.3148,1,Auto,2025-11-03,1
1312,1312,2025-01-11,7,559,3569.62,14441.35,0.7264,0,Auto,2025-04-11,1
1313,1313,2025-02-12,45,732,8909.08,3796.69,0.5646,1,Medical,2025-05-13,1
1314,1314,2025-08-23,14,762,8297.59,20004.36,0.3189,1,Personal Loan,2025-11-21,0
1315,1315,2025-06-22,80,781,5431.53,14802.85,0.5767,0,Medical,2025-09-20,1
1316,1316,2025-02-28,37,539,4237.06,12307.34,0.8482,1,Credit Card,2025-05-29,1
1317,1317,2025-01-08,60,704,5875.83,1839.34,0.7873,1,Credit Card,2025-04-08,1
1318,1318,2025-07-01,79,656,,12744.47,0.6246,0,Auto,2025-09-29,0
1319,1319,2025-12-03,48,600,4082.23,14307.45,0.7952,1,Credit Card,2026-03-03,0
1320,1320,2025-03-31,5,579,5177.86,7008.85,0.4533,1,Personal Loan,2025-06-29,0
1321,1321,2025-06-02,19,465,3646.34,17100.96,0.337,1,Credit Card,2025-08-31,0
1322,1322,2025-02-15,19,530,4981.66,2380.75,0.839,1,Credit Card,2025-05-16,1
1323,1323,2025-05-19,82,640,4875.12,5612.88,0.2518,1,Credit Card,2025-08-17,1
1324,1324,2025-02-10,81,775,5833.2,18569.94,0.6695,1,Auto,2025-05-11,0
1325,1325,2025-03-26,42,767,3365.69,4106.94,0.9071,3,Auto,2025-06-24,0
1326,1326,2025-08-18,80,495,6121.49,6515.95,0.4027,1,Auto,2025-11-16,1
1327,1327,2025-06-22,22,692,2957.68,16445.96,0.4082,1,Auto,2025-09-20,1
1328,1328,2025-03-14,61,454,3436.97,18356.62,0.6751,0,Credit Card,2025-06-12,1
1329,1329,2025-02-21,35,690,3505.13,1761.49,0.7488,0,Credit Card,2025-05-22,0
1330,1330,2025-04-23,21,557,2745.11,3601.44,0.3675,0,Medical,2025-07-22,0
1331,1331,2025-10-29,22,600,7023.72,11429.89,0.2933,2,Credit Card,2026-01-27,1
1332,1332,2025-03-15,37,707,2875.34,15023.48,0.7513,1,Auto,2025-06-13,0
1333,1333,2025-04-29,30,590,3247.0,11617.64,0.7553,2,Credit Card,2025-07-28,1
1334,1334,2025-02-16,19,743,7823.86,16353.21,0.3273,3,Auto,2025-05-17,0
1335,1335,2025-08-13,30,633,3440.04,19021.83,0.8443,3,Personal Loan,2025-11-11,1
1336,1336,2025-01-02,11,820,4086.06,23763.82,0.3823,0,Personal Loan,2025-04-02,1
1337,1337,2025-03-14,87,675,2820.27,9072.08,0.6915,0,Medical,2025-06-12,0
1338,1338,2025-06-25,34,538,6469.33,4496.07,0.4001,2,Credit Card,2025-09-23,0
1339,1339,2025-09-01,9,730,6509.59,6970.06,0.5697,0,Personal Loan,2025-11-30,0
1340,1340,2025-10-08,51,583,6201.37,4130.03,0.4941,2,Personal Loan,2026-01-06,0
1341,1341,2025-09-29,79,634,5664.02,10159.02,0.7973,0,Credit Card,2025-12-28,0
1342,1342,2025-01-26,32,474,4596.8,21877.9,0.4053,4,Credit Card,2025-04-26,1
1343,1343,2025-08-02,76,467,3512.31,9002.97,0.4668,3,Personal Loan,2025-10-31,1
1344,1344,2025-03-04,54,650,3081.78,4146.16,0.6279,0,Personal Loan,2025-06-02,0
1345,1345,2025-08-05,66,494,7946.27,13304.51,0.7232,1,Credit Card,2025-11-03,1
1346,1346,2025-11-21,26,820,6273.95,24802.62,0.6934,2,Credit Card,2026-02-19,0
1347,1347,2025-01-10,3,763,3255.21,5110.44,0.8035,2,Credit Card,2025-04-10,0
1348,1348,2025-11-30,31,701,4527.5,19557.94,0.6124,2,Medical,2026-02-28,0
1349,1349,2025-12-05,83,714,3885.27,20672.29,0.4705,2,Credit Card,2026-03-05,0
1350,1350,2025-12-17,71,658,2676.61,10332.79,0.5523,0,Medical,2026-03-17,1
1351,1351,2025-01-13,70,444,4817.18,15679.01,0.2249,0,Credit Card,2025-04-13,0
1352,1352,2025-08-18,79,577,3688.7,11093.15,0.8581,0,Medical,2025-11-16,0
1353,1353,2025-04-06,33,618,2896.79,6927.01,0.3998,1,Personal Loan,2025-07-05,0
1354,1354,2025-01-06,28,787,2285.61,10939.91,0.7686,2,Medical,2025-04-06,0
1355,1355,2025-01-23,83,508,2200.17,2834.61,0.4118,1,Auto,2025-04-23,1
1356,1356,2025-02-16,51,619,3762.57,17820.42,0.2694,0,Personal Loan,2025-05-17,1
1357,1357,2025-05-31,26,557,4280.0,20815.23,0.8547,0,Auto,2025-08-29,0
1358,1358,2025-03-22,25,473,2999.24,8031.3,0.7551,2,Credit Card,2025-06-20,1
1359,1359,2025-01-29,78,461,5960.04,14378.68,0.4783,1,Personal Loan,2025-04-29,1
1360,1360,2025-05-09,4,566,4317.81,6187.64,0.6022,1,Credit Card,2025-08-07,0
1361,1361,2025-06-26,5,453,5765.22,3622.78,0.8539,0,Auto,2025-09-24,1
1362,1362,2025-05-08,66,446,,16758.65,0.3283,2,Credit Card,2025-08-06,0
1363,1363,2025-08-17,0,560,3120.65,3785.64,0.7417,1,Personal Loan,2025-11-15,1
1364,1364,2025-03-06,15,500,4681.4,19658.49,0.3114,1,Medical,2025-06-04,0
1365,1365,2025-04-29,89,642,2519.45,7157.99,0.224,1,Credit Card,2025-07-28,1
1366,1366,2025-03-06,38,427,5668.88,20553.58,0.4454,1,Medical,2025-06-04,1
1367,1367,2025-03-24,65,541,2916.92,9528.36,0.4161,1,Auto,2025-06-22,1
1368,1368,2025-12-15,43,601,6722.43,9536.64,0.8087,0,Credit Card,2026-03-15,1
1369,1369,2025-08-24,8,806,3818.81,18889.03,0.4918,1,Medical,2025-11-22,0
1370,1370,2025-02-03,16,674,7173.44,13001.51,0.4003,0,Credit Card,2025-05-04,0
1371,1371,2025-03-03,68,773,2683.35,5423.95,0.6324,2,Personal Loan,2025-06-01,1
1372,1372,2025-01-07,8,557,3278.05,21335.01,0.9061,1,Credit Card,2025-04-07,1
1373,1373,2025-11-07,53,600,5278.62,8833.75,0.7568,2,Credit Card,2026-02-05,1
1374,1374,2025-01-10,31,588,7530.55,3018.03,0.3021,1,Medical,2025-04-10,0
1375,1375,2025-01-29,33,775,9414.2,10692.03,0.6324,6,Auto,2025-04-29,0
1376,1376,2025-07-23,85,804,4530.62,14562.06,0.5044,1,Auto,2025-10-21,1
1377,1377,2025-06-19,54,805,10167.84,15442.19,0.3502,4,Medical,2025-09-17,0
1378,1378,2025-03-23,55,721,3903.59,20972.39,0.3383,0,Medical,2025-06-21,0
1379,1379,2025-06-19,31,621,7291.36,13764.47,0.8669,0,Credit Card,2025-09-17,0
1380,1380,2025-06-25,34,636,2910.32,5980.91,0.5954,2,Medical,2025-09-23,1
1381,1381,2025-02-19,61,813,5372.72,6910.83,0.5793,0,Auto,2025-05-20,0
1382,1382,2025-06-19,3,534,1550.35,2970.59,0.5669,1,Medical,2025-09-17,0
1383,1383,2025-10-23,21,559,2684.59,18530.15,0.8832,1,Auto,2026-01-21,0
1384,1384,2025-11-26,54,779,5486.27,3095.57,0.8924,1,Personal Loan,2026-02-24,1
1385,1385,2025-08-14,56,574,2463.66,15342.41,0.5698,2,Medical,2025-11-12,1
1386,1386,2025-03-01,8,514,5389.07,15125.21,0.345,2,Credit Card,2025-05-30,0
1387,1387,2025-10-16,70,644,6686.9,19744.84,0.2448,0,Credit Card,2026-01-14,0
1388,1388,2025-04-24,48,550,3548.95,2328.43,0.6713,0,Credit Card,2025-07-23,1
1389,1389,2025-02-27,21,777,2875.47,5471.33,0.4847,0,Auto,2025-05-28,0
1390,1390,2025-09-06,67,784,3592.54,22784.28,0.5208,2,Medical,2025-12-05,0
1391,1391,2025-03-08,89,542,2879.54,14519.8,0.3495,2,Medical,2025-06-06,1
1392,1392,2025-07-13,38,632,4249.06,11713.41,0.5231,3,Personal Loan,2025-10-11,1
1393,1393,2025-07-04,25,814,4656.13,18818.07,0.3845,1,Auto,2025-10-02,0
1394,1394,2025-08-02,26,717,3874.98,22612.0,0.402,0,Personal Loan,2025-10-31,0
1395,1395,2025-05-09,53,506,9447.09,6943.74,0.309,0,Medical,2025-08-07,0
1396,1396,2025-06-20,4,656,3217.21,22586.15,0.4896,1,Personal Loan,2025-09-18,0
1397,1397,2025-02-15,43,668,8317.73,3163.02,0.248,2,Personal Loan,2025-05-16,1
1398,1398,2025-10-27,2,682,2783.44,24453.23,0.3451,1,Auto,2026-01-25,0
1399,1399,2025-09-02,3,430,4595.12,4538.87,0.1989,0,Medical,2025-12-01,0
1400,1400,2025-02-14,38,540,7573.4,7022.79,0.9428,1,Personal Loan,2025-05-15,1
1401,1401,2025-10-27,67,762,7399.08,2866.55,0.7422,0,Personal Loan,2026-01-25,0
1402,1402,2025-12-14,79,516,,20190.07,0.1394,1,Medical,2026-03-14,1
1403,1403,2025-10-09,7,540,5708.9,24613.69,0.8207,1,Personal Loan,2026-01-07,1
1404,1404,2025-03-08,21,549,5375.09,7775.92,0.9151,1,Credit Card,2025-06-06,0
1405,1405,2025-09-05,37,491,3487.8,8477.49,0.5207,0,Personal Loan,2025-12-04,1
1406,1406,2025-03-10,51,482,5867.46,7335.01,0.5326,0,Credit Card,2025-06-08,1
1407,1407,2025-10-17,88,559,10281.71,4293.29,0.8015,1,Credit Card,2026-01-15,0
1408,1408,2025-03-26,61,770,5498.69,19792.38,0.458,1,Credit Card,2025-06-24,1
1409,1409,2025-12-02,48,420,,1987.64,0.905,1,Credit Card,2026-03-02,1
1410,1410,2025-09-28,5,533,6017.76,24210.47,0.9238,2,Medical,2025-12-27,0
1411,1411,2025-10-28,7,444,2304.37,23219.23,0.736,1,Credit Card,2026-01-26,1
1412,1412,2025-08-07,13,645,5470.37,3401.76,0.8214,2,Personal Loan,2025-11-05,1
1413,1413,2025-02-09,59,520,2814.27,13473.33,0.3624,0,Medical,2025-05-10,1
1414,1414,2025-02-07,29,737,3410.28,24824.86,0.7075,2,Personal Loan,2025-05-08,0
1415,1415,2025-10-23,21,654,11764.88,21389.17,0.7464,0,Credit Card,2026-01-21,0
1416,1416,2025-11-15,60,734,3968.06,18020.78,0.4877,3,Credit Card,2026-02-13,0
1417,1417,2025-05-20,73,674,3187.28,1050.29,0.4615,0,Auto,2025-08-18,0
1418,1418,2025-12-27,39,595,7470.09,2175.25,0.2816,2,Auto,2026-03-27,0
1419,1419,2025-04-15,79,765,2903.13,19953.42,0.8003,1,Medical,2025-07-14,0
1420,1420,2025-07-01,66,610,3636.08,9722.9,0.4505,2,Credit Card,2025-09-29,0
1421,1421,2025-06-08,64,800,7801.52,16876.58,0.8019,1,Medical,2025-09-06,0
1422,1422,2025-01-09,78,818,4533.48,18609.95,0.3648,0,Personal Loan,2025-04-09,1
1423,1423,2025-04-10,16,656,2202.35,10843.51,0.6322,3,Auto,2025-07-09,0
1424,1424,2025-07-06,68,690,5680.5,4012.85,0.7063,0,Auto,2025-10-04,0
1425,1425,2025-01-09,86,522,3720.41,9974.02,0.1696,1,Personal Loan,2025-04-09,1
1426,1426,2025-07-31,89,746,8892.23,21840.69,0.8014,1,Medical,2025-10-29,0
1427,1427,2025-07-06,52,689,3385.36,8611.6,0.424,1,Auto,2025-10-04,0
1428,1428,2025-03-13,67,781,7137.03,2034.91,0.7576,4,Personal Loan,2025-06-11,0
1429,1429,2025-07-14,79,527,9887.87,23998.72,0.3886,1,Personal Loan,2025-10-12,1
1430,1430,2025-01-13,76,735,3032.3,17176.58,0.6416,1,Credit Card,2025-04-13,0
1431,1431,2025-08-25,80,608,4076.74,13750.99,0.9517,4,Medical,2025-11-23,1
1432,1432,2025-06-27,74,494,5296.92,20813.13,0.7789,1,Credit Card,2025-09-25,1
1433,1433,2025-05-14,34,488,3023.57,10573.44,0.7738,2,Credit Card,2025-08-12,1
1434,1434,2025-11-15,65,645,5022.25,24635.34,0.2502,0,Credit Card,2026-02-13,0
1435,1435,2025-11-01,36,548,4018.99,21510.54,0.6181,3,Auto,2026-01-30,1
1436,1436,2025-04-01,72,460,3982.72,7373.35,0.6294,1,Credit Card,2025-06-30,1
1437,1437,2025-07-17,72,591,4546.09,9590.68,0.5437,2,Auto,2025-10-15,1
1438,1438,2025-05-15,84,681,,7255.7,0.4218,1,Medical,2025-08-13,1
1439,1439,2025-11-14,52,547,4787.42,16653.85,0.356,1,Credit Card,2026-02-12,0
1440,1440,2025-11-27,42,803,3396.59,16163.63,0.706,1,Medical,2026-02-25,0
1441,1441,2025-11-01,14,732,3463.98,13301.39,0.4519,0,Auto,2026-01-30,1
1442,1442,2025-08-11,57,625,4215.97,24163.09,0.1524,3,Auto,2025-11-09,1
1443,1443,2025-12-25,50,794,4358.39,12070.74,0.7504,2,Credit Card,2026-03-25,1
1444,1444,2025-07-27,46,593,3650.13,19701.2,0.8237,3,Credit Card,2025-10-25,1
1445,1445,2025-08-21,60,476,5144.96,16623.33,0.7728,0,Medical,2025-11-19,0
1446,1446,2025-04-30,76,434,1965.22,13195.53,0.9461,0,Auto,2025-07-29,1
1447,1447,2025-09-20,13,796,3201.23,1531.33,0.6773,2,Medical,2025-12-19,0
1448,1448,2025-12-18,38,804,3920.73,16608.63,0.132,1,Personal Loan,2026-03-18,0
1449,1449,2025-07-22,65,716,3025.25,16243.58,0.6086,1,Credit Card,2025-10-20,1
1450,1450,2025-09-12,73,461,9257.04,3559.41,0.5102,0,Auto,2025-12-11,1
1451,1451,2025-04-13,70,537,4484.97,19999.92,0.7245,1,Credit Card,2025-07-12,1
1452,1452,2025-02-07,71,436,4815.26,11941.36,0.6413,1,Auto,2025-05-08,1
1453,1453,2025-05-17,76,440,3577.95,8441.58,0.634,2,Auto,2025-08-15,1
1454,1454,2025-01-18,86,518,4415.6,20687.0,0.3997,0,Credit Card,2025-04-18,1
1455,1455,2025-12-31,54,649,2573.79,8912.59,0.3516,2,Personal Loan,2026-03-31,0
1456,1456,2025-08-14,22,446,4119.89,15735.34,0.3318,2,Auto,2025-11-12,0
1457,1457,2025-09-29,50,814,2917.1,15638.91,0.7834,1,Medical,2025-12-28,0
1458,1458,2025-04-09,63,602,3925.18,1793.75,0.417,1,Auto,2025-07-08,1
1459,1459,2025-08-08,9,525,1405.34,10859.42,0.6709,1,Medical,2025-11-06,1
1460,1460,2025-02-09,68,626,,5958.08,0.8072,3,Credit Card,2025-05-10,1
1461,1461,2025-12-04,48,736,8593.55,5389.48,0.854,1,Personal Loan,2026-03-04,1
1462,1462,2025-09-25,84,545,6461.9,16546.57,0.5483,0,Personal Loan,2025-12-24,0
1463,1463,2025-04-18,19,439,8051.13,779.54,0.5002,3,Credit Card,2025-07-17,1
1464,1464,2025-11-12,81,440,8303.85,24242.43,0.6227,1,Credit Card,2026-02-10,1
1465,1465,2025-07-18,40,761,6020.01,10187.08,0.9843,1,Auto,2025-10-16,1
1466,1466,2025-06-13,51,464,3627.17,7820.69,0.4108,5,Auto,2025-09-11,1
1467,1467,2025-07-09,59,674,2788.44,23039.37,0.6966,2,Medical,2025-10-07,1
1468,1468,2025-04-21,52,574,7450.49,12423.47,0.501,0,Medical,2025-07-20,0
1469,1469,2025-05-28,81,731,4578.17,15550.97,0.4841,2,Credit Card,2025-08-26,0
1470,1470,2025-02-19,15,444,13661.14,17548.34,0.6818,1,Personal Loan,2025-05-20,1
1471,1471,2025-02-01,65,780,3773.3,21849.58,0.712,0,Credit Card,2025-05-02,0
1472,1472,2025-09-05,87,699,10805.42,3678.68,0.9288,0,Medical,2025-12-04,0
1473,1473,2025-08-18,19,600,4144.11,2500.5,0.6952,2,Personal Loan,2025-11-16,0
1474,1474,2025-01-06,22,503,8112.99,24845.91,0.8833,2,Auto,2025-04-06,1
1475,1475,2025-05-16,42,811,9542.5,717.65,0.5423,2,Personal Loan,2025-08-14,1
1476,1476,2025-09-06,65,541,2806.44,17850.77,0.3894,1,Credit Card,2025-12-05,0
1477,1477,2025-02-22,86,616,3575.11,15471.1,0.6212,1,Auto,2025-05-23,0
1478,1478,2025-12-15,71,578,2793.8,14037.5,0.6849,0,Personal Loan,2026-03-15,1
1479,1479,2025-04-29,71,512,2556.83,19752.78,0.7301,4,Personal Loan,2025-07-28,1
1480,1480,2025-05-23,39,587,6003.99,24815.59,0.5167,1,Credit Card,2025-08-21,0
1481,1481,2025-08-10,58,480,4070.48,1648.7,0.1319,1,Personal Loan,2025-11-08,1
1482,1482,2025-09-23,19,420,4553.11,15556.0,0.4647,0,Credit Card,2025-12-22,1
1483,1483,2025-05-06,41,536,5711.9,18061.05,0.7391,0,Credit Card,2025-08-04,1
1484,1484,2025-01-21,17,464,1927.88,7995.51,0.8724,0,Credit Card,2025-04-21,1
1485,1485,2025-07-09,2,586,,22375.1,0.3572,2,Medical,2025-10-07,1
1486,1486,2025-05-05,77,765,3800.57,11696.32,0.7085,0,Personal Loan,2025-08-03,0
1487,1487,2025-03-28,72,485,5650.96,4529.72,0.7154,0,Credit Card,2025-06-26,1
1488,1488,2025-06-16,45,420,5880.05,21432.99,0.5104,1,Auto,2025-09-14,1
1489,1489,2025-02-27,1,464,8240.85,23601.68,0.4464,1,Medical,2025-05-28,0
1490,1490,2025-08-24,8,623,4242.1,2938.12,0.532,2,Auto,2025-11-22,1
1491,1491,2025-09-03,10,530,1710.2,18916.18,0.3554,2,Auto,2025-12-02,1
1492,1492,2025-04-20,64,616,4562.87,5767.85,0.2146,1,Auto,2025-07-19,0
1493,1493,2025-06-01,18,431,4867.41,664.69,0.4569,1,Credit Card,2025-08-30,1
1494,1494,2025-08-25,22,553,2792.19,6885.04,0.7275,3,Medical,2025-11-23,1
1495,1495,2025-11-09,77,584,4752.24,21445.29,0.6172,0,Medical,2026-02-07,1
1496,1496,2025-09-22,78,592,3780.24,3959.0,0.5856,3,Credit Card,2025-12-21,0
1497,1497,2025-11-22,68,641,2430.28,3701.39,0.7143,3,Medical,2026-02-20,1
1498,1498,2025-02-26,27,733,6015.94,18606.67,0.7717,1,Personal Loan,2025-05-27,0
1499,1499,2025-04-22,52,607,3450.67,10455.81,0.5247,1,Personal Loan,2025-07-21,1
1500,1500,2025-11-04,18,757,3703.85,4137.91,0.6817,4,Medical,2026-02-02,0
1501,1501,2025-03-15,77,632,3611.36,6135.01,0.5808,0,Medical,2025-06-13,0
1502,1502,2025-09-08,7,524,7754.01,19967.75,0.5837,2,Credit Card,2025-12-07,1
1503,1503,2025-01-27,66,511,4365.94,15770.09,0.6149,0,Credit Card,2025-04-27,1
1504,1504,2025-12-28,46,549,4608.21,19142.75,0.7932,2,Personal Loan,2026-03-28,1
1505,1505,2025-04-21,68,659,3647.2,2895.44,0.8844,2,Personal Loan,2025-07-20,0
1506,1506,2025-10-11,40,517,5476.88,11723.55,0.8509,2,Personal Loan,2026-01-09,1
1507,1507,2025-10-18,14,786,8161.58,20029.1,0.7738,0,Credit Card,2026-01-16,1
1508,1508,2025-10-05,67,612,5952.33,7011.92,0.4902,2,Auto,2026-01-03,0
1509,1509,2025-04-08,56,766,6057.73,4645.13,0.8412,0,Auto,2025-07-07,1
1510,1510,2025-01-07,41,693,5841.85,9853.71,0.5673,0,Medical,2025-04-07,1
1511,1511,2025-12-29,33,553,2389.62,8667.81,0.9376,2,Personal Loan,2026-03-29,0
1512,1512,2025-06-04,30,511,2998.14,5044.08,0.6499,1,Personal Loan,2025-09-02,0
1513,1513,2025-09-09,43,718,4055.2,23871.65,0.7688,1,Auto,2025-12-08,0
1514,1514,2025-04-23,23,552,3207.87,12335.91,0.3542,0,Personal Loan,2025-07-22,0
1515,1515,2025-12-27,25,518,2754.41,15397.87,0.8045,1,Credit Card,2026-03-27,1
1516,1516,2025-10-10,25,793,1915.09,3467.12,0.6012,1,Credit Card,2026-01-08,0
1517,1517,2025-08-28,1,613,2426.15,15445.86,0.8182,3,Auto,2025-11-26,0
1518,1518,2025-08-29,83,439,3962.23,14105.41,0.4654,1,Personal Loan,2025-11-27,1
1519,1519,2025-01-25,21,618,4310.28,23332.27,0.568,5,Auto,2025-04-25,0
1520,1520,2025-07-06,14,604,3112.33,10601.76,0.7729,4,Credit Card,2025-10-04,1
1521,1521,2025-04-10,13,766,4607.85,19660.52,0.5919,2,Personal Loan,2025-07-09,1
1522,1522,2025-05-13,88,705,3658.38,7952.43,0.3903,1,Credit Card,2025-08-11,0
1523,1523,2025-07-18,42,496,7264.52,14684.04,0.5208,0,Credit Card,2025-10-16,1
1524,1524,2025-02-06,29,480,4135.11,23210.77,0.7028,1,Auto,2025-05-07,0
1525,1525,2025-10-12,36,662,6083.58,15814.25,0.7867,2,Personal Loan,2026-01-10,1
1526,1526,2025-04-25,7,438,4872.91,17923.39,0.7759,0,Credit Card,2025-07-24,0
1527,1527,2025-06-17,28,547,,21961.62,0.4234,0,Medical,2025-09-15,1
1528,1528,2025-08-09,22,475,4269.29,23172.9,0.8364,2,Credit Card,2025-11-07,1
1529,1529,2025-02-05,72,428,2550.31,5602.73,0.5814,0,Auto,2025-05-06,1
1530,1530,2025-04-18,5,788,4235.88,5298.03,0.3358,3,Medical,2025-07-17,0
1531,1531,2025-03-24,38,456,3180.17,13986.67,0.8062,0,Medical,2025-06-22,0
1532,1532,2025-02-12,71,423,5281.07,24890.15,0.4727,0,Medical,2025-05-13,1
1533,1533,2025-09-13,75,794,2430.71,12508.73,0.8434,1,Personal Loan,2025-12-12,1
1534,1534,2025-01-06,46,495,4476.59,8607.17,0.7359,1,Credit Card,2025-04-06,1
1535,1535,2025-02-24,20,747,5753.63,13662.9,0.8652,4,Personal Loan,2025-05-25,1
1536,1536,2025-11-28,30,432,,2077.7,0.7453,2,Credit Card,2026-02-26,0
1537,1537,2025-08-22,20,481,3153.05,4841.57,0.8452,0,Medical,2025-11-20,1
1538,1538,2025-03-23,59,464,4482.73,4148.55,0.3723,1,Auto,2025-06-21,0
1539,1539,2025-10-03,26,703,4831.28,1183.93,0.7251,1,Credit Card,2026-01-01,0
1540,1540,2025-12-07,56,668,8921.39,18194.2,0.8556,1,Credit Card,2026-03-07,1
1541,1541,2025-05-21,59,610,2283.36,8474.13,0.3578,1,Credit Card,2025-08-19,0
1542,1542,2025-01-09,84,516,2951.31,4629.14,0.7845,3,Auto,2025-04-09,1
1543,1543,2025-07-02,33,455,15709.3,13049.97,0.3877,0,Credit Card,2025-09-30,0
1544,1544,2025-06-05,86,648,3932.8,8424.39,0.4262,2,Personal Loan,2025-09-03,0
1545,1545,2025-03-26,36,512,1898.94,10128.94,0.8238,1,Personal Loan,2025-06-24,1
1546,1546,2025-06-30,61,656,3421.56,8230.53,0.7886,2,Credit Card,2025-09-28,1
1547,1547,2025-05-12,59,695,1279.22,597.6,0.6916,2,Credit Card,2025-08-10,0
1548,1548,2025-05-24,73,760,4956.3,17364.06,0.1216,1,Medical,2025-08-22,0
1549,1549,2025-04-14,42,618,6402.24,3211.92,0.8429,1,Credit Card,2025-07-13,0
1550,1550,2025-02-05,71,421,2950.56,5868.99,0.9478,1,Medical,2025-05-06,1
1551,1551,2025-05-07,31,532,3598.15,5162.77,0.4447,1,Auto,2025-08-05,0
1552,1552,2025-11-16,44,762,6738.85,8618.5,0.3958,2,Credit Card,2026-02-14,0
1553,1553,2025-11-26,44,633,2023.13,4424.84,0.7202,1,Personal Loan,2026-02-24,1
1554,1554,2025-12-02,63,668,2453.55,9000.33,0.8086,3,Personal Loan,2026-03-02,0
1555,1555,2025-04-02,55,603,4013.22,6459.98,0.5495,3,Medical,2025-07-01,1
1556,1556,2025-10-03,7,485,3169.88,1999.77,0.7744,3,Credit Card,2026-01-01,1
1557,1557,2025-01-07,72,779,3896.21,21828.79,0.7544,0,Auto,2025-04-07,0
1558,1558,2025-02-09,68,729,2518.23,7986.74,0.6757,1,Personal Loan,2025-05-10,0
1559,1559,2025-10-19,9,819,4897.31,2834.41,0.8795,1,Auto,2026-01-17,0
1560,1560,2025-04-02,86,763,4158.23,13277.4,0.7878,2,Credit Card,2025-07-01,0
1561,1561,2025-11-09,59,536,5693.81,3520.25,0.3769,1,Credit Card,2026-02-07,0
1562,1562,2025-04-18,7,521,4866.74,19440.78,0.7746,0,Auto,2025-07-17,0
1563,1563,2025-08-20,44,519,4880.54,2008.66,0.6073,1,Personal Loan,2025-11-18,1
1564,1564,2025-12-11,75,788,2319.63,11883.58,0.3587,0,Auto,2026-03-11,0
1565,1565,2025-07-19,25,643,5550.63,23623.75,0.5546,1,Personal Loan,2025-10-17,0
1566,1566,2025-10-19,83,602,3831.88,4394.74,0.2183,5,Medical,2026-01-17,1
1567,1567,2025-12-18,37,808,4125.86,5433.53,0.6789,5,Credit Card,2026-03-18,0
1568,1568,2025-06-09,20,661,7127.52,15211.39,0.7035,1,Credit Card,2025-09-07,0
1569,1569,2025-06-27,32,784,3217.16,24506.42,0.4591,3,Personal Loan,2025-09-25,1
1570,1570,2025-07-04,47,814,8168.44,9952.98,0.5307,1,Credit Card,2025-10-02,0
1571,1571,2025-09-07,61,451,8518.66,16391.8,0.4374,2,Auto,2025-12-06,1
1572,1572,2025-10-19,83,564,6240.11,4231.77,0.5821,3,Credit Card,2026-01-17,1
1573,1573,2025-03-20,17,714,2860.41,16214.23,0.5451,0,Credit Card,2025-06-18,0
1574,1574,2025-01-23,86,746,1662.65,6690.22,0.3692,0,Credit Card,2025-04-23,0
1575,1575,2025-06-04,47,479,7226.25,15525.55,0.702,0,Credit Card,2025-09-02,1
1576,1576,2025-05-24,11,547,4675.65,2672.2,0.2972,0,Personal Loan,2025-08-22,1
1577,1577,2025-07-20,83,639,3180.08,13361.74,0.6126,2,Personal Loan,2025-10-18,1
1578,1578,2025-01-19,31,740,7540.95,6316.42,0.511,2,Medical,2025-04-19,1
1579,1579,2025-03-02,55,465,3017.85,17201.86,0.9753,0,Medical,2025-05-31,1
1580,1580,2025-11-30,62,660,3674.34,18817.91,0.6144,0,Personal Loan,2026-02-28,0
1581,1581,2025-07-29,1,538,5631.89,21279.49,0.0589,2,Medical,2025-10-27,0
1582,1582,2025-06-11,19,506,2694.26,24813.69,0.6766,0,Personal Loan,2025-09-09,1
1583,1583,2025-08-12,61,626,4233.29,11754.19,0.4393,0,Medical,2025-11-10,0
1584,1584,2025-03-07,29,586,7259.83,16929.56,0.6817,0,Personal Loan,2025-06-05,1
1585,1585,2025-04-25,0,674,4890.26,951.38,0.3967,3,Medical,2025-07-24,0
1586,1586,2025-12-24,2,547,7795.81,22674.63,0.4062,0,Credit Card,2026-03-24,1
1587,1587,2025-03-20,74,750,7406.56,15585.71,0.6612,0,Medical,2025-06-18,0
1588,1588,2025-11-17,13,451,4462.58,10822.95,0.8664,3,Medical,2026-02-15,0
1589,1589,2025-02-28,9,765,1553.81,11140.66,0.3605,4,Credit Card,2025-05-29,0
1590,1590,2025-07-05,50,431,2703.77,19070.89,0.9075,0,Medical,2025-10-03,1
1591,1591,2025-10-24,10,715,6269.8,20920.02,0.9332,1,Auto,2026-01-22,0
1592,1592,2025-12-04,58,558,,20293.64,0.527,1,Credit Card,2026-03-04,0
1593,1593,2025-03-12,48,573,3839.08,13009.32,0.565,1,Personal Loan,2025-06-10,1
1594,1594,2025-03-08,58,427,5178.74,9593.09,0.7147,0,Credit Card,2025-06-06,1
1595,1595,2025-05-25,44,701,8615.4,23665.71,0.2699,1,Personal Loan,2025-08-23,0
1596,1596,2025-10-07,70,486,3433.18,16037.89,0.6981,0,Personal Loan,2026-01-05,1
1597,1597,2025-02-10,58,684,3329.01,13819.51,0.6247,0,Personal Loan,2025-05-11,0
1598,1598,2025-10-10,37,710,4343.34,15158.81,0.9241,2,Medical,2026-01-08,0
1599,1599,2025-07-07,1,758,5207.79,15931.73,0.7971,1,Personal Loan,2025-10-05,0
1600,1600,2025-08-05,24,703,4148.86,17970.29,0.6212,1,Personal Loan,2025-11-03,0
1601,1601,2025-09-08,11,540,7130.74,14053.03,0.3109,1,Auto,2025-12-07,0
1602,1602,2025-05-25,1,716,3103.81,21946.21,0.61,2,Auto,2025-08-23,0
1603,1603,2025-05-22,24,751,4694.15,21563.0,0.4351,2,Credit Card,2025-08-20,0
1604,1604,2025-04-13,18,547,5433.54,11335.31,0.6102,0,Auto,2025-07-12,0
1605,1605,2025-01-22,6,469,3714.11,4629.13,0.3318,2,Credit Card,2025-04-22,0
1606,1606,2025-08-23,28,776,6489.04,14628.06,0.7542,1,Auto,2025-11-21,0
1607,1607,2025-09-10,45,479,4755.38,15708.12,0.6702,0,Credit Card,2025-12-09,1
1608,1608,2025-04-28,16,658,6342.2,13322.8,0.8784,2,Medical,2025-07-27,1
1609,1609,2025-12-29,24,514,4852.97,22319.16,0.8971,3,Auto,2026-03-29,0
1610,1610,2025-02-17,1,470,5267.87,2779.0,0.503,4,Medical,2025-05-18,0
1611,1611,2025-11-10,4,731,3345.67,7541.75,0.3349,2,Credit Card,2026-02-08,0
1612,1612,2025-11-08,14,477,3348.11,21711.85,0.5597,3,Medical,2026-02-06,1
1613,1613,2025-01-19,40,688,7715.44,23515.63,0.5729,2,Credit Card,2025-04-19,1
1614,1614,2025-10-19,59,697,5919.34,10935.16,0.1788,0,Credit Card,2026-01-17,0
1615,1615,2025-03-02,70,444,2806.42,5219.78,0.3719,0,Auto,2025-05-31,1
1616,1616,2025-04-19,56,489,4824.14,10798.07,0.1602,1,Auto,2025-07-18,0
1617,1617,2025-09-05,55,738,1528.13,11676.08,0.4219,1,Medical,2025-12-04,1
1618,1618,2025-01-03,84,623,3434.84,13229.45,0.6843,0,Medical,2025-04-03,1
1619,1619,2025-03-28,23,468,6853.14,7221.65,0.7592,1,Personal Loan,2025-06-26,1
1620,1620,2025-03-28,71,817,4203.55,8159.37,0.7782,1,Credit Card,2025-06-26,0
1621,1621,2025-01-17,84,526,4689.4,16561.9,0.6776,3,Medical,2025-04-17,1
1622,1622,2025-07-26,51,421,1144.39,15733.96,0.6785,3,Auto,2025-10-24,1
1623,1623,2025-08-31,75,790,3727.47,16721.51,0.8049,1,Personal Loan,2025-11-29,1
1624,1624,2025-09-08,12,426,5178.25,9743.48,0.2272,2,Medical,2025-12-07,0
1625,1625,2025-09-27,79,641,5482.85,8743.19,0.246,0,Credit Card,2025-12-26,1
1626,1626,2025-05-28,50,818,6857.24,9112.7,0.7785,0,Personal Loan,2025-08-26,0
1627,1627,2025-05-18,19,651,4045.6,23803.82,0.3499,1,Personal Loan,2025-08-16,0
1628,1628,2025-11-09,5,654,4127.61,10183.51,0.6607,2,Personal Loan,2026-02-07,0
1629,1629,2025-01-15,64,575,2441.94,15350.24,0.5649,1,Auto,2025-04-15,1
1630,1630,2025-04-06,38,470,4056.05,13309.66,0.6065,2,Auto,2025-07-05,1
1631,1631,2025-04-27,27,649,2520.7,21967.43,0.4489,1,Personal Loan,2025-07-26,0
1632,1632,2025-12-11,35,779,1936.15,9543.36,0.4928,0,Credit Card,2026-03-11,0
1633,1633,2025-03-09,89,456,2728.94,11136.54,0.4359,0,Personal Loan,2025-06-07,1
1634,1634,2025-08-25,38,773,8768.39,21148.46,0.9162,1,Medical,2025-11-23,1
1635,1635,2025-05-04,7,586,3937.29,4443.46,0.3591,1,Credit Card,2025-08-02,0
1636,1636,2025-10-01,25,635,4909.59,15060.22,0.8598,1,Credit Card,2025-12-30,1
1637,1637,2025-05-20,13,486,3529.55,10297.75,0.9756,3,Personal Loan,2025-08-18,0
1638,1638,2025-07-17,61,669,1986.74,24651.89,0.591,1,Personal Loan,2025-10-15,0
1639,1639,2025-02-20,72,493,6776.74,18173.91,0.2815,1,Credit Card,2025-05-21,1
1640,1640,2025-12-31,75,529,1673.23,758.63,0.411,3,Personal Loan,2026-03-31,1
1641,1641,2025-02-04,56,709,3464.57,21067.11,0.5927,2,Credit Card,2025-05-05,0
1642,1642,2025-03-02,69,440,4339.1,17727.9,0.7973,2,Auto,2025-05-31,0
1643,1643,2025-06-06,37,599,4933.09,14243.54,0.7034,0,Credit Card,2025-09-04,0
1644,1644,2025-06-15,56,658,3206.99,6285.15,0.1537,0,Medical,2025-09-13,1
1645,1645,2025-06-19,9,472,1944.81,4158.26,0.6394,1,Medical,2025-09-17,1
1646,1646,2025-04-07,48,538,3101.09,15895.79,0.4887,1,Credit Card,2025-07-06,1
1647,1647,2025-03-24,50,557,3174.99,11278.54,0.4106,3,Personal Loan,2025-06-22,1
1648,1648,2025-04-09,2,686,3140.41,21609.7,0.889,1,Auto,2025-07-08,0
1649,1649,2025-06-27,49,811,6881.05,6928.15,0.7834,0,Credit Card,2025-09-25,0
1650,1650,2025-10-24,65,755,2575.71,16119.24,0.4089,2,Personal Loan,2026-01-22,0
1651,1651,2025-02-15,33,496,5092.07,6596.65,0.7323,1,Medical,2025-05-16,1
1652,1652,2025-07-29,49,427,4775.4,16089.77,0.5448,0,Credit Card,2025-10-27,1
1653,1653,2025-05-30,25,440,6851.38,1684.44,0.8545,2,Credit Card,2025-08-28,0
1654,1654,2025-02-07,24,658,4188.47,10096.83,0.6058,1,Medical,2025-05-08,0
1655,1655,2025-05-28,11,482,6348.72,4730.8,0.7086,1,Credit Card,2025-08-26,0
1656,1656,2025-12-06,29,512,4115.44,15345.38,0.3439,1,Auto,2026-03-06,1
1657,1657,2025-03-01,72,759,5407.15,8259.84,0.8155,1,Medical,2025-05-30,0
1658,1658,2025-02-22,84,770,2261.26,19402.55,0.6424,0,Personal Loan,2025-05-23,0
1659,1659,2025-12-18,57,756,1356.65,3307.56,0.4497,0,Credit Card,2026-03-18,0
1660,1660,2025-09-17,56,521,5270.58,14127.22,0.6502,0,Credit Card,2025-12-16,1
1661,1661,2025-05-29,55,668,5399.34,15045.11,0.165,0,Personal Loan,2025-08-27,0
1662,1662,2025-09-05,42,664,5508.11,1041.55,0.6901,2,Personal Loan,2025-12-04,0
1663,1663,2025-08-11,38,494,3511.44,1381.65,0.8124,2,Personal Loan,2025-11-09,1
1664,1664,2025-10-29,55,641,8693.88,8051.88,0.6325,2,Credit Card,2026-01-27,1
1665,1665,2025-05-18,70,630,3615.75,15422.35,0.6648,0,Medical,2025-08-16,1
1666,1666,2025-08-21,37,578,5374.36,24084.43,0.6507,0,Auto,2025-11-19,1
1667,1667,2025-03-03,50,721,5811.46,2724.2,0.7995,2,Medical,2025-06-01,0
1668,1668,2025-05-20,42,691,9637.65,17727.49,0.7534,1,Medical,2025-08-18,0
1669,1669,2025-02-23,25,633,3855.81,17471.54,0.7265,2,Credit Card,2025-05-24,0
1670,1670,2025-03-15,26,711,3314.5,16902.12,0.6129,0,Personal Loan,2025-06-13,0
1671,1671,2025-10-07,7,726,2266.14,13145.61,0.4548,0,Auto,2026-01-05,0
1672,1672,2025-07-16,39,647,8942.45,24187.24,0.8783,2,Personal Loan,2025-10-14,1
1673,1673,2025-02-05,64,527,5375.65,12793.49,0.5577,2,Personal Loan,2025-05-06,0
1674,1674,2025-01-13,61,724,5452.76,21038.28,0.4594,2,Medical,2025-04-13,0
1675,1675,2025-12-20,88,707,18079.19,6931.75,0.5234,1,Personal Loan,2026-03-20,0
1676,1676,2025-07-11,3,814,5147.52,20254.56,0.4906,1,Credit Card,2025-10-09,0
1677,1677,2025-05-14,68,480,2474.9,24915.37,0.5732,1,Medical,2025-08-12,1
1678,1678,2025-03-05,71,588,4071.81,22797.11,0.3114,1,Credit Card,2025-06-03,1
1679,1679,2025-03-26,39,790,2867.94,7949.76,0.533,0,Personal Loan,2025-06-24,1
1680,1680,2025-08-24,25,626,3721.41,21230.86,0.8514,1,Medical,2025-11-22,0
1681,1681,2025-01-29,32,797,3710.18,2833.8,0.6541,1,Personal Loan,2025-04-29,0
1682,1682,2025-05-31,61,425,3414.68,17103.84,0.536,1,Credit Card,2025-08-29,1
1683,1683,2025-10-19,77,434,2375.64,8882.58,0.2087,1,Auto,2026-01-17,1
1684,1684,2025-10-05,57,739,9105.43,16637.42,0.6804,0,Medical,2026-01-03,0
1685,1685,2025-06-01,46,563,5087.19,10600.1,0.1091,2,Medical,2025-08-30,1
1686,1686,2025-08-04,58,628,4017.99,721.31,0.7557,1,Personal Loan,2025-11-02,1
1687,1687,2025-09-06,6,591,6253.75,6166.28,0.287,1,Auto,2025-12-05,1
1688,1688,2025-07-02,54,583,5497.12,1538.46,0.2249,2,Credit Card,2025-09-30,0
1689,1689,2025-09-14,3,796,5034.46,10968.11,0.7585,2,Auto,2025-12-13,0
1690,1690,2025-08-29,86,457,6052.64,21081.75,0.5817,1,Personal Loan,2025-11-27,1
1691,1691,2025-04-29,80,729,4723.34,18580.92,0.8215,1,Medical,2025-07-28,0
1692,1692,2025-03-22,45,776,6012.52,19828.35,0.7632,0,Auto,2025-06-20,1
1693,1693,2025-04-05,33,683,6241.03,20276.39,0.267,0,Credit Card,2025-07-04,0
1694,1694,2025-12-03,65,578,4784.91,9612.52,0.623,1,Credit Card,2026-03-03,1
1695,1695,2025-02-11,57,484,4027.18,12897.63,0.3879,1,Auto,2025-05-12,1
1696,1696,2025-01-26,63,693,8854.48,12957.05,0.5964,0,Medical,2025-04-26,0
1697,1697,2025-09-25,46,607,3586.54,3273.61,0.5445,2,Personal Loan,2025-12-24,1
1698,1698,2025-05-06,21,479,5303.33,15154.48,0.5932,2,Auto,2025-08-04,1
1699,1699,2025-10-19,6,564,5357.53,18144.4,0.9558,0,Medical,2026-01-17,1
1700,1700,2025-01-21,25,805,3380.23,15468.71,0.6135,0,Credit Card,2025-04-21,0
1701,1701,2025-10-26,47,526,3091.71,18776.17,0.1843,1,Credit Card,2026-01-24,0
1702,1702,2025-08-02,38,491,3792.45,3412.84,0.296,1,Personal Loan,2025-10-31,0
1703,1703,2025-01-02,45,693,3563.51,19154.52,0.442,1,Credit Card,2025-04-02,0
1704,1704,2025-05-19,24,500,2307.32,5599.43,0.5883,5,Auto,2025-08-17,1
1705,1705,2025-01-11,84,788,3317.04,21982.26,0.3606,2,Credit Card,2025-04-11,0
1706,1706,2025-01-21,33,764,5013.05,6500.82,0.5291,0,Auto,2025-04-21,1
1707,1707,2025-01-26,76,814,7861.04,12553.81,0.7957,3,Auto,2025-04-26,0
1708,1708,2025-09-01,35,785,5707.16,12438.02,0.5009,0,Personal Loan,2025-11-30,1
1709,1709,2025-06-28,39,517,1380.51,7086.83,0.6715,0,Medical,2025-09-26,1
1710,1710,2025-12-16,54,505,5934.79,9361.88,0.3725,2,Personal Loan,2026-03-16,0
1711,1711,2025-09-09,23,557,3459.34,5047.12,0.3721,2,Credit Card,2025-12-08,1
1712,1712,2025-02-09,19,608,5452.81,14467.47,0.3421,4,Credit Card,2025-05-10,0
1713,1713,2025-11-24,34,772,4418.87,22869.19,0.8313,2,Auto,2026-02-22,0
1714,1714,2025-03-22,72,714,4077.71,8256.89,0.6171,2,Medical,2025-06-20,0
1715,1715,2025-05-02,13,678,4247.11,12947.53,0.8512,1,Auto,2025-07-31,0
1716,1716,2025-04-10,39,772,4402.42,21616.07,0.6608,4,Auto,2025-07-09,0
1717,1717,2025-05-25,60,679,,11586.23,0.2667,1,Auto,2025-08-23,0
1718,1718,2025-09-06,63,572,4407.9,20865.88,0.6193,0,Credit Card,2025-12-05,1
1719,1719,2025-03-11,39,585,7248.08,11436.57,0.2866,1,Auto,2025-06-09,0
1720,1720,2025-05-22,7,627,6788.31,11285.94,0.7389,3,Credit Card,2025-08-20,0
1721,1721,2025-11-10,1,455,,4352.38,0.5638,0,Auto,2026-02-08,1
1722,1722,2025-10-03,42,717,1990.26,3561.98,0.7031,1,Medical,2026-01-01,0
1723,1723,2025-04-17,72,681,7350.21,15481.67,0.6411,2,Credit Card,2025-07-16,1
1724,1724,2025-06-18,2,713,3618.97,20769.67,0.7792,1,Credit Card,2025-09-16,0
1725,1725,2025-09-04,79,634,6136.91,3817.46,0.471,1,Credit Card,2025-12-03,1
1726,1726,2025-01-09,60,733,2870.84,22797.3,0.2721,1,Personal Loan,2025-04-09,1
1727,1727,2025-10-09,0,800,2608.99,9292.56,0.7148,1,Credit Card,2026-01-07,0
1728,1728,2025-03-05,30,648,10822.42,10918.8,0.7817,1,Credit Card,2025-06-03,0
1729,1729,2025-05-26,19,598,2891.0,22414.11,0.4856,0,Credit Card,2025-08-24,0
1730,1730,2025-04-27,85,461,7448.35,22459.26,0.6762,0,Medical,2025-07-26,1
1731,1731,2025-02-10,49,732,4690.48,13359.04,0.8738,0,Credit Card,2025-05-11,0
1732,1732,2025-08-20,29,782,3681.02,7280.74,0.3397,0,Medical,2025-11-18,0
1733,1733,2025-04-27,25,700,4358.25,4712.52,0.7248,1,Personal Loan,2025-07-26,0
1734,1734,2025-09-06,50,767,2476.27,7153.71,0.8718,0,Auto,2025-12-05,1
1735,1735,2025-04-27,0,765,4419.63,19625.37,0.5803,3,Medical,2025-07-26,0
1736,1736,2025-08-22,23,740,2731.94,8452.47,0.7578,0,Credit Card,2025-11-20,0
1737,1737,2025-12-17,14,621,3722.13,17516.76,0.3857,1,Credit Card,2026-03-17,0
1738,1738,2025-01-23,55,460,6743.84,5282.42,0.948,0,Credit Card,2025-04-23,1
1739,1739,2025-01-20,60,421,4985.98,12223.34,0.0861,0,Auto,2025-04-20,1
1740,1740,2025-05-15,42,501,2282.49,9126.6,0.6209,0,Medical,2025-08-13,0
1741,1741,2025-10-14,12,592,6523.52,12838.5,0.542,0,Personal Loan,2026-01-12,0
1742,1742,2025-08-20,33,718,4432.88,14463.66,0.3456,0,Personal Loan,2025-11-18,0
1743,1743,2025-12-21,75,602,3484.28,24777.91,0.6914,0,Credit Card,2026-03-21,0
1744,1744,2025-08-22,18,429,6222.98,22547.43,0.5514,1,Medical,2025-11-20,1
1745,1745,2025-11-12,14,504,4124.73,17548.73,0.517,1,Medical,2026-02-10,0
1746,1746,2025-07-31,10,812,2631.88,4266.72,0.7831,2,Auto,2025-10-29,0
1747,1747,2025-03-14,73,816,10214.0,23016.2,0.449,1,Auto,2025-06-12,0
1748,1748,2025-06-05,10,571,4412.61,22368.36,0.7504,1,Medical,2025-09-03,1
1749,1749,2025-08-20,52,742,4287.15,22224.23,0.7451,2,Auto,2025-11-18,1
1750,1750,2025-01-04,89,708,3705.98,12235.91,0.5173,2,Medical,2025-04-04,1
1751,1751,2025-05-21,57,793,,4682.31,0.3348,1,Auto,2025-08-19,0
1752,1752,2025-07-24,37,775,3511.52,18982.88,0.8672,2,Auto,2025-10-22,0
1753,1753,2025-06-09,18,672,2218.88,10018.62,0.5291,1,Credit Card,2025-09-07,0
1754,1754,2025-04-06,0,578,3276.71,8941.92,0.8288,0,Credit Card,2025-07-05,0
1755,1755,2025-06-07,14,671,8079.2,10074.16,0.801,2,Medical,2025-09-05,1
1756,1756,2025-05-09,85,547,6466.95,14197.23,0.4641,0,Auto,2025-08-07,1
1757,1757,2025-09-25,12,559,3964.93,8671.21,0.5725,2,Personal Loan,2025-12-24,1
1758,1758,2025-08-07,1,664,8249.97,17403.05,0.7993,0,Personal Loan,2025-11-05,0
1759,1759,2025-12-01,73,649,6226.53,16369.23,0.7105,1,Credit Card,2026-03-01,0
1760,1760,2025-06-24,37,652,,12967.13,0.4463,1,Personal Loan,2025-09-22,0
1761,1761,2025-08-25,32,574,4127.14,1822.34,0.5863,4,Credit Card,2025-11-23,0
1762,1762,2025-06-07,64,584,5157.43,23445.3,0.8196,4,Medical,2025-09-05,1
1763,1763,2025-09-27,47,424,3058.41,10586.56,0.7033,0,Auto,2025-12-26,0
1764,1764,2025-05-29,82,661,4456.09,11511.6,0.6348,1,Medical,2025-08-27,0
1765,1765,2025-10-11,42,650,5109.37,11672.8,0.3927,0,Personal Loan,2026-01-09,1
1766,1766,2025-10-07,64,795,2081.54,9443.18,0.8205,3,Credit Card,2026-01-05,1
1767,1767,2025-03-23,79,622,4083.89,17027.4,0.8822,1,Medical,2025-06-21,1
1768,1768,2025-06-30,41,607,3880.13,840.98,0.9551,0,Medical,2025-09-28,0
1769,1769,2025-10-13,25,447,7063.04,21900.95,0.7697,0,Personal Loan,2026-01-11,0
1770,1770,2025-08-15,87,498,1939.09,3009.76,0.5505,2,Medical,2025-11-13,0
1771,1771,2025-08-25,20,555,3745.54,24992.99,0.4658,1,Auto,2025-11-23,0
1772,1772,2025-02-04,3,571,3580.33,15888.02,0.1572,1,Credit Card,2025-05-05,0
1773,1773,2025-11-23,52,565,6850.19,2123.04,0.4637,0,Personal Loan,2026-02-21,0
1774,1774,2025-08-11,88,578,4360.77,14279.71,0.8606,1,Medical,2025-11-09,0
1775,1775,2025-01-28,7,728,9979.04,8617.04,0.4966,0,Auto,2025-04-28,0
1776,1776,2025-01-21,76,472,5990.89,23849.56,0.724,4,Credit Card,2025-04-21,1
1777,1777,2025-03-30,74,553,3697.45,19009.04,0.5527,2,Credit Card,2025-06-28,1
1778,1778,2025-10-09,83,485,4953.48,12921.86,0.7954,2,Personal Loan,2026-01-07,1
1779,1779,2025-09-06,37,543,3792.08,11029.55,0.4002,5,Personal Loan,2025-12-05,1
1780,1780,2025-01-04,22,694,6546.78,24898.79,0.7413,2,Medical,2025-04-04,0
1781,1781,2025-04-26,46,438,2441.85,16850.91,0.8031,1,Credit Card,2025-07-25,1
1782,1782,2025-09-29,12,556,3069.71,13091.28,0.4304,1,Credit Card,2025-12-28,1
1783,1783,2025-03-30,75,429,5459.22,10249.63,0.4272,1,Personal Loan,2025-06-28,1
1784,1784,2025-07-13,59,802,7720.16,8452.28,0.7283,1,Personal Loan,2025-10-11,0
1785,1785,2025-10-12,43,711,1650.96,17782.78,0.8731,3,Auto,2026-01-10,1
1786,1786,2025-09-16,46,517,8254.49,14903.2,0.5058,2,Personal Loan,2025-12-15,1
1787,1787,2025-12-19,64,499,4175.29,21280.53,0.795,1,Credit Card,2026-03-19,0
1788,1788,2025-03-31,47,459,1905.04,14062.24,0.6519,0,Personal Loan,2025-06-29,1
1789,1789,2025-07-09,75,609,1151.96,14767.12,0.4338,1,Auto,2025-10-07,1
1790,1790,2025-07-11,83,722,2234.51,12195.23,0.9743,1,Personal Loan,2025-10-09,0
1791,1791,2025-06-05,85,654,4407.81,19184.21,0.6136,0,Medical,2025-09-03,1
1792,1792,2025-11-05,55,773,4317.13,10667.31,0.9197,1,Credit Card,2026-02-03,1
1793,1793,2025-05-11,66,557,5913.19,21372.52,0.9214,1,Medical,2025-08-09,1
1794,1794,2025-03-19,27,531,3472.85,8512.6,0.8251,1,Credit Card,2025-06-17,1
1795,1795,2025-01-04,3,611,,17469.31,0.8414,0,Credit Card,2025-04-04,1
1796,1796,2025-01-10,36,501,3692.69,22377.79,0.3339,1,Credit Card,2025-04-10,1
1797,1797,2025-02-03,78,811,4514.84,19342.31,0.4857,0,Credit Card,2025-05-04,0
1798,1798,2025-10-02,12,494,4933.72,8893.9,0.2319,2,Credit Card,2025-12-31,0
1799,1799,2025-07-29,49,612,3117.78,17805.31,0.5162,1,Medical,2025-10-27,0
1800,1800,2025-09-14,17,629,6671.84,5571.13,0.5742,1,Auto,2025-12-13,0
1801,1801,2025-03-27,38,442,3362.27,1925.04,0.83,2,Auto,2025-06-25,1
1802,1802,2025-02-24,12,607,3006.79,19888.85,0.7346,0,Personal Loan,2025-05-25,1
1803,1803,2025-10-07,66,602,3483.96,20296.22,0.8784,1,Credit Card,2026-01-05,1
1804,1804,2025-05-05,72,524,7213.27,1061.81,0.4774,0,Credit Card,2025-08-03,1
1805,1805,2025-10-11,68,471,4189.1,23720.98,0.5408,3,Auto,2026-01-09,1
1806,1806,2025-06-02,63,438,3253.44,11424.55,0.3837,3,Personal Loan,2025-08-31,1
1807,1807,2025-02-17,21,423,6746.29,22679.17,0.3949,2,Credit Card,2025-05-18,1
1808,1808,2025-01-15,47,613,11663.7,19810.28,0.6415,1,Medical,2025-04-15,0
1809,1809,2025-02-02,9,456,4887.11,22566.01,0.79,1,Credit Card,2025-05-03,0
1810,1810,2025-05-20,33,804,7748.3,20917.7,0.6496,0,Credit Card,2025-08-18,0
1811,1811,2025-04-25,45,518,7088.54,24362.89,0.5221,0,Auto,2025-07-24,1
1812,1812,2025-02-04,60,681,3386.19,15912.97,0.6248,0,Credit Card,2025-05-05,0
1813,1813,2025-03-24,8,690,4500.69,6067.84,0.6652,0,Auto,2025-06-22,0
1814,1814,2025-12-29,73,618,2497.02,10044.3,0.5121,2,Auto,2026-03-29,1
1815,1815,2025-08-14,41,774,4055.28,18921.04,0.39,1,Personal Loan,2025-11-12,1
1816,1816,2025-12-25,79,464,3355.02,4345.75,0.1594,4,Personal Loan,2026-03-25,1
1817,1817,2025-07-05,47,513,3709.68,23281.14,0.4326,2,Credit Card,2025-10-03,1
1818,1818,2025-07-26,49,521,3173.36,5529.33,0.8181,0,Credit Card,2025-10-24,1
1819,1819,2025-07-02,62,474,3908.1,21961.38,0.4503,1,Credit Card,2025-09-30,0
1820,1820,2025-06-24,73,538,5650.53,12351.24,0.5515,2,Auto,2025-09-22,1
1821,1821,2025-04-20,14,545,4214.26,21095.19,0.4326,2,Medical,2025-07-19,1
1822,1822,2025-12-19,46,726,1921.83,23978.24,0.4989,1,Medical,2026-03-19,0
1823,1823,2025-01-28,2,540,3178.76,10842.61,0.7057,2,Medical,2025-04-28,1
1824,1824,2025-09-01,42,771,2244.57,17566.81,0.3085,0,Personal Loan,2025-11-30,0
1825,1825,2025-11-18,73,729,4963.3,6054.58,0.5137,2,Personal Loan,2026-02-16,1
1826,1826,2025-02-18,77,781,5577.48,20119.25,0.4383,2,Credit Card,2025-05-19,1
1827,1827,2025-12-06,25,462,4991.28,20588.18,0.6154,1,Auto,2026-03-06,1
1828,1828,2025-03-19,34,814,3120.25,7733.52,0.5782,0,Personal Loan,2025-06-17,0
1829,1829,2025-12-19,49,666,,1091.45,0.7401,1,Credit Card,2026-03-19,0
1830,1830,2025-08-28,35,813,3599.13,11064.53,0.766,0,Auto,2025-11-26,0
1831,1831,2025-06-16,16,562,2664.57,4665.01,0.9224,0,Personal Loan,2025-09-14,0
1832,1832,2025-12-12,27,802,6209.7,20554.5,0.5257,0,Medical,2026-03-12,0
1833,1833,2025-03-12,36,656,6426.03,6896.88,0.7079,2,Medical,2025-06-10,0
1834,1834,2025-05-02,46,448,6815.83,23620.47,0.4315,0,Medical,2025-07-31,0
1835,1835,2025-08-05,82,584,3382.07,24309.32,0.5408,4,Personal Loan,2025-11-03,0
1836,1836,2025-02-12,49,475,,22766.48,0.4043,2,Credit Card,2025-05-13,1
1837,1837,2025-03-01,34,797,3561.33,15190.55,0.7516,3,Credit Card,2025-05-30,1
1838,1838,2025-10-05,59,542,5967.45,7051.99,0.8919,1,Medical,2026-01-03,0
1839,1839,2025-02-20,69,509,3533.66,20277.83,0.6879,0,Personal Loan,2025-05-21,0
1840,1840,2025-03-17,38,641,4020.69,17689.09,0.6738,0,Medical,2025-06-15,1
1841,1841,2025-11-22,44,590,1495.88,24440.62,0.171,1,Personal Loan,2026-02-20,1
1842,1842,2025-02-05,19,458,3882.13,9742.67,0.7938,0,Credit Card,2025-05-06,1
1843,1843,2025-08-17,77,747,4633.14,1939.82,0.3895,0,Personal Loan,2025-11-15,0
1844,1844,2025-09-09,78,759,3697.74,24960.47,0.9206,0,Medical,2025-12-08,0
1845,1845,2025-02-02,15,717,9801.44,21037.46,0.4865,0,Credit Card,2025-05-03,1
1846,1846,2025-07-19,31,667,2635.66,5926.5,0.6436,2,Credit Card,2025-10-17,1
1847,1847,2025-05-31,24,581,3450.89,18277.88,0.7385,1,Auto,2025-08-29,0
1848,1848,2025-06-10,83,637,2959.59,516.91,0.7965,0,Credit Card,2025-09-08,0
1849,1849,2025-04-29,5,628,3450.59,14166.32,0.8595,2,Credit Card,2025-07-28,0
1850,1850,2025-01-20,18,486,7073.68,9389.54,0.5125,1,Medical,2025-04-20,0
1851,1851,2025-07-03,28,452,8648.27,9842.66,0.6277,2,Medical,2025-10-01,0
1852,1852,2025-01-05,50,521,3244.26,6490.74,0.5348,3,Auto,2025-04-05,0
1853,1853,2025-06-03,22,602,3211.99,7233.71,0.3308,3,Credit Card,2025-09-01,0
1854,1854,2025-06-02,48,484,2642.0,11639.38,0.8354,2,Medical,2025-08-31,1
1855,1855,2025-08-10,67,462,8005.05,6579.55,0.9471,0,Medical,2025-11-08,0
1856,1856,2025-08-08,74,761,7364.69,11927.78,0.8509,0,Auto,2025-11-06,1
1857,1857,2025-10-03,8,570,4239.96,14645.02,0.7513,0,Medical,2026-01-01,0
1858,1858,2025-11-17,12,654,2372.63,17922.23,0.2933,0,Personal Loan,2026-02-15,0
1859,1859,2025-07-06,8,630,2470.07,17090.07,0.3276,1,Personal Loan,2025-10-04,0
1860,1860,2025-08-06,81,714,4801.98,6428.74,0.6861,0,Personal Loan,2025-11-04,0
1861,1861,2025-07-09,58,716,5694.19,1460.14,0.8544,1,Auto,2025-10-07,0
1862,1862,2025-06-27,47,538,1755.02,20900.71,0.5646,1,Medical,2025-09-25,1
1863,1863,2025-08-07,71,760,3848.39,21871.66,0.8982,3,Credit Card,2025-11-05,0
1864,1864,2025-03-06,52,568,9211.73,24482.79,0.3154,5,Credit Card,2025-06-04,0
1865,1865,2025-01-12,21,754,4032.42,24012.93,0.446,2,Credit Card,2025-04-12,0
1866,1866,2025-02-27,45,582,8693.55,16028.44,0.7375,4,Credit Card,2025-05-28,1
1867,1867,2025-03-04,63,464,5955.5,22409.66,0.4717,2,Medical,2025-06-02,1
1868,1868,2025-08-12,3,724,2730.05,11476.21,0.3119,1,Medical,2025-11-10,0
1869,1869,2025-02-09,54,432,3898.31,19789.72,0.8619,1,Credit Card,2025-05-10,1
1870,1870,2025-05-10,44,729,4196.84,23905.7,0.1579,1,Auto,2025-08-08,1
1871,1871,2025-02-08,6,437,2896.82,20008.82,0.7463,0,Credit Card,2025-05-09,1
1872,1872,2025-02-26,23,502,2874.29,10686.25,0.657,1,Personal Loan,2025-05-27,1
1873,1873,2025-08-23,40,661,8760.83,9755.1,0.7849,0,Medical,2025-11-21,0
1874,1874,2025-05-26,30,797,2864.61,7642.8,0.9325,0,Credit Card,2025-08-24,0
1875,1875,2025-10-24,26,583,7224.95,9493.06,0.7215,0,Auto,2026-01-22,1
1876,1876,2025-09-26,58,468,3654.02,20604.13,0.9101,3,Personal Loan,2025-12-25,1
1877,1877,2025-04-01,36,513,4396.05,17686.76,0.5007,2,Medical,2025-06-30,0
1878,1878,2025-01-29,44,779,5726.33,6622.04,0.6099,0,Credit Card,2025-04-29,0
1879,1879,2025-12-18,71,711,3397.0,17932.61,0.7835,4,Personal Loan,2026-03-18,1
1880,1880,2025-02-18,8,460,5741.97,9795.19,0.5015,1,Medical,2025-05-19,0
1881,1881,2025-09-07,32,574,1770.66,14165.43,0.7371,3,Medical,2025-12-06,1
1882,1882,2025-08-02,6,526,5420.09,9574.05,0.5664,0,Personal Loan,2025-10-31,0
1883,1883,2025-10-27,83,491,1464.34,13279.92,0.589,0,Medical,2026-01-25,0
1884,1884,2025-07-20,16,759,4015.51,18380.2,0.7094,1,Personal Loan,2025-10-18,1
1885,1885,2025-01-03,73,667,6531.61,18412.7,0.9161,1,Credit Card,2025-04-03,1
1886,1886,2025-02-26,17,491,5884.24,18952.97,0.4558,1,Credit Card,2025-05-27,1
1887,1887,2025-10-31,29,680,2479.26,10080.45,0.7709,0,Medical,2026-01-29,0
1888,1888,2025-08-08,54,585,2627.14,17417.14,0.4863,3,Auto,2025-11-06,1
1889,1889,2025-10-08,74,444,3262.01,6348.43,0.4468,0,Personal Loan,2026-01-06,0
1890,1890,2025-08-19,16,600,4835.78,12197.0,0.4203,0,Credit Card,2025-11-17,0
1891,1891,2025-12-25,19,494,1782.25,14786.12,0.614,1,Personal Loan,2026-03-25,1
1892,1892,2025-01-31,79,518,4420.68,17318.81,0.7384,0,Auto,2025-05-01,1
1893,1893,2025-01-30,28,772,5116.08,22843.9,0.918,2,Personal Loan,2025-04-30,0
1894,1894,2025-09-22,18,704,3915.25,7966.83,0.26,3,Auto,2025-12-21,0
1895,1895,2025-01-16,66,473,5632.98,21209.5,0.3661,0,Medical,2025-04-16,1
1896,1896,2025-02-11,8,761,4918.09,8122.54,0.4946,4,Auto,2025-05-12,0
1897,1897,2025-09-22,78,650,3485.11,14021.78,0.6184,0,Medical,2025-12-21,0
1898,1898,2025-10-04,78,770,1860.71,20788.45,0.5926,2,Medical,2026-01-02,0
1899,1899,2025-11-05,77,719,4722.23,18217.17,0.6533,1,Auto,2026-02-03,0
1900,1900,2025-03-30,26,556,2896.09,21640.31,0.6745,1,Personal Loan,2025-06-28,1
1901,1901,2025-09-02,10,634,3428.05,20464.59,0.6598,2,Auto,2025-12-01,1
1902,1902,2025-03-24,38,632,5517.09,7270.51,0.4395,1,Auto,2025-06-22,0
1903,1903,2025-12-29,30,708,8415.24,24826.95,0.2112,1,Personal Loan,2026-03-29,0
1904,1904,2025-09-02,86,519,4371.55,23456.46,0.5137,0,Medical,2025-12-01,0
1905,1905,2025-10-09,56,553,5706.32,11039.28,0.7127,1,Auto,2026-01-07,0
1906,1906,2025-08-30,84,518,2321.54,1656.63,0.7712,0,Auto,2025-11-28,0
1907,1907,2025-12-26,67,538,,7935.67,0.5915,4,Auto,2026-03-26,1
1908,1908,2025-04-09,64,484,4328.79,20985.74,0.3964,2,Auto,2025-07-08,0
1909,1909,2025-10-06,10,434,7732.23,23796.33,0.7293,1,Credit Card,2026-01-04,0
1910,1910,2025-12-19,6,796,3486.99,20875.96,0.1925,0,Credit Card,2026-03-19,0
1911,1911,2025-03-19,4,449,3988.87,10220.21,0.8073,1,Auto,2025-06-17,0
1912,1912,2025-05-22,53,776,7161.44,1885.14,0.8553,0,Personal Loan,2025-08-20,1
1913,1913,2025-09-15,18,421,4266.65,13180.78,0.7184,4,Medical,2025-12-14,1
1914,1914,2025-05-28,89,731,2700.04,9721.37,0.2203,1,Credit Card,2025-08-26,0
1915,1915,2025-09-14,11,551,,3512.82,0.7854,0,Auto,2025-12-13,0
1916,1916,2025-03-15,85,627,2737.04,3093.41,0.8063,2,Credit Card,2025-06-13,0
1917,1917,2025-01-28,60,533,4319.46,4249.4,0.6677,2,Medical,2025-04-28,0
1918,1918,2025-01-22,9,616,5197.9,5542.68,0.6628,1,Auto,2025-04-22,0
1919,1919,2025-03-10,5,601,5016.2,18967.77,0.273,1,Credit Card,2025-06-08,0
1920,1920,2025-10-27,35,632,4083.11,9851.74,0.9184,1,Medical,2026-01-25,0
1921,1921,2025-09-04,30,577,4092.28,11204.98,0.6271,1,Credit Card,2025-12-03,0
1922,1922,2025-05-03,28,635,4000.92,15160.34,0.5044,1,Medical,2025-08-01,0
1923,1923,2025-09-03,47,751,2691.43,24023.27,0.5194,1,Personal Loan,2025-12-02,0
1924,1924,2025-06-28,11,594,11702.98,19033.49,0.4636,0,Personal Loan,2025-09-26,0
1925,1925,2025-03-05,11,564,4027.91,16319.96,0.6877,2,Auto,2025-06-03,0
1926,1926,2025-10-14,62,472,5817.46,18723.89,0.4405,1,Medical,2026-01-12,1
1927,1927,2025-01-15,89,564,3825.35,18122.67,0.5713,0,Credit Card,2025-04-15,1
1928,1928,2025-02-09,24,470,3790.89,17411.11,0.6226,0,Auto,2025-05-10,1
1929,1929,2025-04-05,83,493,3622.97,12661.97,0.5717,2,Credit Card,2025-07-04,1
1930,1930,2025-08-14,31,801,2214.03,14387.75,0.6699,0,Personal Loan,2025-11-12,0
1931,1931,2025-05-10,30,455,4136.98,11806.54,0.8954,0,Personal Loan,2025-08-08,1
1932,1932,2025-05-13,8,613,3702.81,10176.48,0.7762,2,Medical,2025-08-11,1
1933,1933,2025-07-16,38,754,7534.03,7133.82,0.9513,0,Personal Loan,2025-10-14,0
1934,1934,2025-11-01,44,802,2595.37,9202.72,0.2428,2,Personal Loan,2026-01-30,0
1935,1935,2025-04-30,59,478,3429.89,10998.98,0.4429,2,Personal Loan,2025-07-29,0
1936,1936,2025-05-23,14,485,2968.17,14694.8,0.6573,0,Auto,2025-08-21,1
1937,1937,2025-01-14,16,569,8511.2,12746.94,0.7124,1,Medical,2025-04-14,0
1938,1938,2025-12-15,38,642,3007.2,3144.75,0.872,0,Credit Card,2026-03-15,0
1939,1939,2025-11-04,6,804,5727.5,8829.35,0.4403,5,Auto,2026-02-02,1
1940,1940,2025-05-17,12,503,6881.37,9716.74,0.4641,2,Medical,2025-08-15,1
1941,1941,2025-11-06,56,485,4164.06,17819.69,0.7617,2,Personal Loan,2026-02-04,1
1942,1942,2025-01-12,85,521,2393.32,8655.86,0.5135,1,Credit Card,2025-04-12,0
1943,1943,2025-01-27,51,770,2406.99,694.92,0.8282,1,Personal Loan,2025-04-27,0
1944,1944,2025-07-19,13,432,6547.86,2566.25,0.9463,0,Auto,2025-10-17,1
1945,1945,2025-07-23,89,572,2521.81,12676.46,0.4253,2,Personal Loan,2025-10-21,1
1946,1946,2025-02-17,46,467,5305.04,5118.14,0.5071,2,Medical,2025-05-18,1
1947,1947,2025-07-06,64,482,4681.89,12618.25,0.224,1,Personal Loan,2025-10-04,1
1948,1948,2025-02-20,17,787,5269.6,14568.03,0.4216,0,Personal Loan,2025-05-21,0
1949,1949,2025-06-15,52,420,5498.4,23369.23,0.2768,1,Medical,2025-09-13,1
1950,1950,2025-06-25,6,548,2921.49,16561.71,0.6535,1,Medical,2025-09-23,0
1951,1951,2025-03-18,56,787,2866.97,1260.5,0.645,1,Personal Loan,2025-06-16,0
1952,1952,2025-04-15,18,663,6134.7,9827.9,0.2448,2,Medical,2025-07-14,0
1953,1953,2025-07-08,81,448,3350.27,19939.7,0.8185,0,Auto,2025-10-06,1
1954,1954,2025-07-18,4,606,1290.05,6883.78,0.7031,2,Medical,2025-10-16,1
1955,1955,2025-12-25,58,809,5954.72,23161.84,0.9251,2,Medical,2026-03-25,1
1956,1956,2025-08-29,12,580,2789.68,13460.76,0.5628,1,Credit Card,2025-11-27,1
1957,1957,2025-10-02,61,631,5487.41,2764.97,0.7033,2,Auto,2025-12-31,0
1958,1958,2025-11-25,44,633,8322.93,6420.93,0.5413,0,Credit Card,2026-02-23,1
1959,1959,2025-05-19,87,684,4480.74,22704.33,0.5805,2,Credit Card,2025-08-17,0
1960,1960,2025-04-15,58,495,6961.11,24790.76,0.6746,1,Medical,2025-07-14,0
1961,1961,2025-08-02,33,756,4765.74,21643.89,0.9091,1,Medical,2025-10-31,1
1962,1962,2025-07-06,7,816,9084.67,8356.58,0.8276,1,Auto,2025-10-04,0
1963,1963,2025-08-23,53,477,2757.42,19336.07,0.7171,1,Personal Loan,2025-11-21,1
1964,1964,2025-10-05,39,748,4430.66,5944.58,0.3682,1,Personal Loan,2026-01-03,1
1965,1965,2025-08-09,4,747,6020.48,9920.8,0.5797,4,Credit Card,2025-11-07,0
1966,1966,2025-08-01,52,717,4081.89,17580.62,0.8347,0,Personal Loan,2025-10-30,0
1967,1967,2025-10-26,18,568,7468.87,24238.08,0.8432,0,Personal Loan,2026-01-24,1
1968,1968,2025-05-12,21,607,3661.33,11260.36,0.5414,1,Medical,2025-08-10,1
1969,1969,2025-03-08,0,756,11284.86,12647.99,0.6159,0,Auto,2025-06-06,0
1970,1970,2025-02-01,33,481,11556.33,5894.13,0.5631,0,Auto,2025-05-02,1
1971,1971,2025-03-04,19,752,5048.93,10378.96,0.3435,0,Auto,2025-06-02,0
1972,1972,2025-03-11,6,789,5702.56,2043.96,0.8087,1,Medical,2025-06-09,0
1973,1973,2025-06-11,39,693,7602.65,21535.35,0.5876,0,Credit Card,2025-09-09,0
1974,1974,2025-01-14,19,556,2606.49,1071.7,0.6797,4,Auto,2025-04-14,1
1975,1975,2025-10-10,12,644,2464.14,17246.35,0.7551,2,Credit Card,2026-01-08,0
1976,1976,2025-08-13,42,440,7827.42,7193.93,0.4041,2,Credit Card,2025-11-11,0
1977,1977,2025-04-05,5,793,5030.6,12164.68,0.6913,1,Credit Card,2025-07-04,0
1978,1978,2025-07-04,89,557,4016.12,7398.18,0.942,1,Auto,2025-10-02,0
1979,1979,2025-02-01,42,442,4469.38,10301.73,0.3092,0,Personal Loan,2025-05-02,1
1980,1980,2025-04-20,89,738,1519.72,13896.06,0.6416,0,Personal Loan,2025-07-19,0
1981,1981,2025-06-26,79,683,4081.61,16201.89,0.7761,1,Credit Card,2025-09-24,1
1982,1982,2025-12-13,88,669,3168.87,23537.01,0.4416,0,Credit Card,2026-03-13,0
1983,1983,2025-08-26,48,441,6721.94,8638.92,0.159,2,Auto,2025-11-24,0
1984,1984,2025-07-02,38,721,6958.81,14829.01,0.6074,0,Credit Card,2025-09-30,1
1985,1985,2025-12-30,64,675,5764.69,22592.19,0.9139,5,Credit Card,2026-03-30,1
1986,1986,2025-12-28,7,738,5313.24,7610.68,0.5791,0,Medical,2026-03-28,0
1987,1987,2025-07-15,75,751,2266.96,21693.72,0.5809,0,Auto,2025-10-13,0
1988,1988,2025-05-15,29,504,5801.02,23960.1,0.351,1,Personal Loan,2025-08-13,0
1989,1989,2025-05-13,0,504,5903.08,21263.6,0.7122,1,Auto,2025-08-11,0
1990,1990,2025-08-16,21,790,7787.98,14461.58,0.3961,3,Personal Loan,2025-11-14,0
1991,1991,2025-10-15,21,632,11535.61,18191.83,0.399,0,Auto,2026-01-13,0
1992,1992,2025-04-24,1,595,2076.31,12286.11,0.3154,0,Auto,2025-07-23,0
1993,1993,2025-11-06,60,535,3733.81,15132.77,0.8293,1,Medical,2026-02-04,1
1994,1994,2025-12-07,8,676,3184.28,24374.61,0.3092,2,Personal Loan,2026-03-07,0
1995,1995,2025-07-26,76,722,4806.04,6652.45,0.136,0,Medical,2025-10-24,0
1996,1996,2025-04-04,40,420,4473.97,19917.4,0.5252,0,Credit Card,2025-07-03,0
1997,1997,2025-04-19,64,641,4002.45,12902.71,0.6965,1,Auto,2025-07-18,0
1998,1998,2025-03-13,30,818,,4833.39,0.8158,2,Credit Card,2025-06-11,0
1999,1999,2025-04-07,11,532,2709.08,16266.62,0.3352,1,Credit Card,2025-07-06,1
2000,2000,2025-08-21,16,532,2783.59,19914.46,0.7467,1,Medical,2025-11-19,1
2001,2001,2025-01-19,58,772,2804.83,14434.52,0.5842,2,Medical,2025-04-19,0
2002,2002,2025-04-29,64,444,3781.41,21017.1,0.8279,2,Credit Card,2025-07-28,1
2003,2003,2025-11-06,24,579,2558.39,9463.78,0.7399,1,Auto,2026-02-04,1
2004,2004,2025-11-15,32,603,4350.92,22887.32,0.2455,2,Auto,2026-02-13,0
2005,2005,2025-01-28,85,739,4127.92,16383.84,0.9329,2,Auto,2025-04-28,1
2006,2006,2025-02-14,76,471,3121.5,20177.4,0.4199,0,Medical,2025-05-15,1
2007,2007,2025-03-27,37,594,,7188.14,0.8443,0,Auto,2025-06-25,1
2008,2008,2025-01-23,21,481,4329.58,11430.14,0.5913,2,Personal Loan,2025-04-23,1
2009,2009,2025-07-27,27,735,7173.8,22785.63,0.7031,1,Personal Loan,2025-10-25,0
2010,2010,2025-01-11,48,673,4073.38,1746.94,0.4623,1,Credit Card,2025-04-11,0
2011,2011,2025-03-31,51,619,4398.91,10397.55,0.8835,0,Personal Loan,2025-06-29,1
2012,2012,2025-04-21,16,577,3452.13,19617.81,0.6887,0,Auto,2025-07-20,0
2013,2013,2025-11-17,5,481,4432.99,18723.46,0.4099,3,Personal Loan,2026-02-15,1
2014,2014,2025-10-22,44,789,6127.27,21364.76,0.6433,1,Auto,2026-01-20,1
2015,2015,2025-09-30,71,679,3695.61,18615.06,0.7288,2,Credit Card,2025-12-29,0
2016,2016,2025-12-03,13,547,5615.5,23703.76,0.718,0,Auto,2026-03-03,0
2017,2017,2025-12-25,36,585,3084.87,12707.36,0.3117,3,Medical,2026-03-25,1
2018,2018,2025-11-26,14,711,6257.73,15795.1,0.3453,2,Medical,2026-02-24,1
2019,2019,2025-12-11,21,708,3425.64,21268.79,0.5146,2,Credit Card,2026-03-11,0
2020,2020,2025-12-06,55,604,6524.08,17691.43,0.5358,1,Personal Loan,2026-03-06,1
2021,2021,2025-03-21,25,541,,3000.39,0.2292,2,Personal Loan,2025-06-19,0
2022,2022,2025-04-20,23,684,8816.93,9491.41,0.7937,2,Medical,2025-07-19,0
2023,2023,2025-06-23,89,683,2645.64,14038.47,0.5928,1,Auto,2025-09-21,0
2024,2024,2025-07-21,15,660,2288.66,18990.58,0.4265,0,Auto,2025-10-19,1
2025,2025,2025-06-15,17,449,3370.12,13817.41,0.6134,1,Medical,2025-09-13,1
2026,2026,2025-05-08,83,609,2384.93,19549.96,0.6462,2,Personal Loan,2025-08-06,0
2027,2027,2025-06-09,49,666,2386.94,21021.43,0.2482,0,Credit Card,2025-09-07,1
2028,2028,2025-09-15,3,800,5882.27,6995.64,0.554,1,Auto,2025-12-14,0
2029,2029,2025-09-29,38,630,4438.71,15594.41,0.6849,1,Credit Card,2025-12-28,1
2030,2030,2025-11-28,50,557,3583.67,14149.2,0.6158,0,Medical,2026-02-26,0
2031,2031,2025-10-21,22,642,3736.36,6069.27,0.4489,0,Auto,2026-01-19,1
2032,2032,2025-03-02,49,491,3399.02,12502.01,0.6512,1,Personal Loan,2025-05-31,1
2033,2033,2025-03-15,58,456,9345.65,13939.92,0.4355,0,Medical,2025-06-13,1
2034,2034,2025-06-25,22,691,3193.98,20524.83,0.5661,2,Auto,2025-09-23,0
2035,2035,2025-11-12,73,815,2452.93,11794.24,0.7321,2,Medical,2026-02-10,0
2036,2036,2025-06-13,40,759,6362.79,2482.44,0.5604,1,Auto,2025-09-11,1
2037,2037,2025-02-16,86,654,4035.6,12438.75,0.7289,1,Auto,2025-05-17,0
2038,2038,2025-11-28,7,436,11130.54,21029.8,0.2395,2,Medical,2026-02-26,0
2039,2039,2025-08-05,29,816,3509.42,14495.76,0.698,1,Credit Card,2025-11-03,0
2040,2040,2025-11-20,64,600,6507.38,8312.2,0.5919,2,Personal Loan,2026-02-18,1
2041,2041,2025-05-12,80,536,7237.19,23063.79,0.6816,3,Credit Card,2025-08-10,1
2042,2042,2025-11-11,19,777,3517.12,4313.46,0.793,3,Personal Loan,2026-02-09,1
2043,2043,2025-01-21,88,719,3183.34,8508.5,0.251,1,Auto,2025-04-21,1
2044,2044,2025-09-30,17,720,6208.13,11209.8,0.7278,1,Medical,2025-12-29,0
2045,2045,2025-12-26,37,531,5760.05,18580.46,0.8273,0,Auto,2026-03-26,1
2046,2046,2025-12-01,28,817,2357.19,20975.8,0.5736,1,Credit Card,2026-03-01,0
2047,2047,2025-06-18,38,601,2676.34,1934.73,0.781,2,Medical,2025-09-16,1
2048,2048,2025-12-30,81,633,1420.28,19904.88,0.5633,2,Personal Loan,2026-03-30,1
2049,2049,2025-12-26,65,721,5813.42,18152.95,0.3284,2,Personal Loan,2026-03-26,1
2050,2050,2025-02-17,71,684,3952.79,22418.98,0.8,0,Credit Card,2025-05-18,0
2051,2051,2025-06-28,22,489,4134.13,22560.85,0.4799,0,Auto,2025-09-26,1
2052,2052,2025-11-29,85,541,2077.35,19549.38,0.7161,0,Credit Card,2026-02-27,1
2053,2053,2025-11-15,39,564,2713.12,5159.97,0.8631,1,Medical,2026-02-13,0
2054,2054,2025-07-21,58,799,3586.45,8189.85,0.751,1,Personal Loan,2025-10-19,1
2055,2055,2025-03-29,62,706,3286.09,23439.83,0.7369,3,Auto,2025-06-27,0
2056,2056,2025-04-09,59,566,4689.24,15155.25,0.6419,1,Credit Card,2025-07-08,0
2057,2057,2025-02-03,54,714,5782.32,13699.64,0.5261,1,Personal Loan,2025-05-04,0
2058,2058,2025-07-27,43,716,12348.94,22934.88,0.7739,1,Credit Card,2025-10-25,0
2059,2059,2025-01-10,58,578,4407.19,21917.87,0.2717,0,Medical,2025-04-10,0
2060,2060,2025-07-01,81,581,7346.15,18323.66,0.3991,0,Credit Card,2025-09-29,0
2061,2061,2025-03-05,35,778,3061.05,22115.18,0.6109,2,Auto,2025-06-03,1
2062,2062,2025-07-17,45,645,,3288.96,0.6423,1,Personal Loan,2025-10-15,1
2063,2063,2025-01-21,16,479,3795.09,19059.83,0.7817,1,Credit Card,2025-04-21,1
2064,2064,2025-05-16,31,708,2166.84,24158.18,0.5416,0,Medical,2025-08-14,1
2065,2065,2025-05-07,69,656,4476.53,1699.93,0.7214,1,Personal Loan,2025-08-05,0
2066,2066,2025-08-24,57,624,3130.02,5964.62,0.6668,0,Personal Loan,2025-11-22,0
2067,2067,2025-09-06,19,710,1845.63,19952.23,0.6926,0,Credit Card,2025-12-05,0
2068,2068,2025-09-05,49,783,9712.91,13241.16,0.8928,0,Personal Loan,2025-12-04,0
2069,2069,2025-06-29,73,552,3491.54,2622.15,0.1491,1,Medical,2025-09-27,0
2070,2070,2025-01-23,11,588,2128.28,7064.97,0.2689,2,Auto,2025-04-23,0
2071,2071,2025-11-26,5,495,6662.02,8439.46,0.8555,0,Medical,2026-02-24,1
2072,2072,2025-10-09,35,679,3203.9,8366.04,0.3685,2,Credit Card,2026-01-07,0
2073,2073,2025-09-01,59,581,7263.19,22002.98,0.2132,2,Personal Loan,2025-11-30,0
2074,2074,2025-07-18,28,557,3197.01,16719.89,0.3047,4,Medical,2025-10-16,1
2075,2075,2025-07-26,73,699,3486.3,18505.47,0.773,1,Personal Loan,2025-10-24,1
2076,2076,2025-11-16,76,583,5193.56,832.47,0.4721,2,Credit Card,2026-02-14,0
2077,2077,2025-04-24,47,606,5807.75,10974.04,0.5219,0,Auto,2025-07-23,0
2078,2078,2025-08-26,34,596,6284.35,8286.61,0.6547,3,Personal Loan,2025-11-24,0
2079,2079,2025-12-29,3,523,4271.06,21372.17,0.5405,1,Credit Card,2026-03-29,1
2080,2080,2025-12-29,73,470,5641.34,23869.81,0.5734,1,Auto,2026-03-29,1
2081,2081,2025-10-03,80,751,6220.05,10871.85,0.7361,1,Personal Loan,2026-01-01,1
2082,2082,2025-09-28,39,456,4867.11,24339.99,0.8858,3,Auto,2025-12-27,1
2083,2083,2025-02-11,46,550,4170.55,851.8,0.8289,1,Auto,2025-05-12,1
2084,2084,2025-06-11,67,687,2320.68,8480.13,0.7254,1,Personal Loan,2025-09-09,1
2085,2085,2025-11-02,62,472,5823.33,19485.81,0.8653,1,Personal Loan,2026-01-31,0
2086,2086,2025-03-29,12,682,4532.27,9322.44,0.7053,0,Credit Card,2025-06-27,1
2087,2087,2025-05-05,60,713,3691.81,23063.58,0.6919,3,Credit Card,2025-08-03,0
2088,2088,2025-08-20,83,685,7902.98,5852.39,0.3515,0,Personal Loan,2025-11-18,0
2089,2089,2025-12-19,67,542,,19993.83,0.3219,2,Medical,2026-03-19,0
2090,2090,2025-07-01,43,427,9319.05,5441.71,0.8159,2,Auto,2025-09-29,1
2091,2091,2025-10-21,47,775,4402.72,5329.07,0.234,1,Auto,2026-01-19,0
2092,2092,2025-06-07,23,550,5130.11,11420.86,0.5373,4,Credit Card,2025-09-05,1
2093,2093,2025-08-27,59,742,3722.8,23651.04,0.5482,1,Credit Card,2025-11-25,0
2094,2094,2025-10-30,21,499,2100.26,14843.65,0.6395,1,Auto,2026-01-28,0
2095,2095,2025-11-18,30,485,4176.28,16058.31,0.4786,1,Medical,2026-02-16,1
2096,2096,2025-12-01,23,732,5170.04,738.45,0.7052,2,Medical,2026-03-01,0
2097,2097,2025-11-12,30,796,6028.79,1887.07,0.895,2,Medical,2026-02-10,1
2098,2098,2025-06-16,33,765,4067.91,2139.88,0.9334,0,Auto,2025-09-14,0
2099,2099,2025-02-07,7,721,1657.98,20581.23,0.5648,2,Credit Card,2025-05-08,1
2100,2100,2025-01-12,64,518,2222.2,6302.88,0.4851,0,Medical,2025-04-12,1
2101,2101,2025-12-29,39,786,11197.09,8556.54,0.4211,0,Credit Card,2026-03-29,0
2102,2102,2025-11-17,85,687,2719.92,15443.84,0.519,2,Credit Card,2026-02-15,1
2103,2103,2025-04-18,16,489,8452.12,14806.88,0.5486,0,Medical,2025-07-17,0
2104,2104,2025-01-16,60,471,2920.94,10557.97,0.5042,2,Credit Card,2025-04-16,1
2105,2105,2025-08-02,16,769,4096.53,605.36,0.7437,2,Personal Loan,2025-10-31,0
2106,2106,2025-06-13,49,530,5891.96,11515.26,0.6013,1,Medical,2025-09-11,0
2107,2107,2025-06-30,44,727,3074.55,18602.62,0.3859,2,Medical,2025-09-28,0
2108,2108,2025-05-02,40,475,9104.25,6263.36,0.8167,1,Credit Card,2025-07-31,1
2109,2109,2025-01-03,58,532,4601.22,17854.77,0.3079,2,Credit Card,2025-04-03,1
2110,2110,2025-05-12,74,533,5471.91,871.24,0.6971,1,Credit Card,2025-08-10,1
2111,2111,2025-05-30,28,532,3942.53,22746.19,0.7478,0,Auto,2025-08-28,1
2112,2112,2025-08-22,76,690,5981.48,23775.96,0.7432,2,Medical,2025-11-20,0
2113,2113,2025-03-27,16,786,9049.43,560.31,0.5438,1,Credit Card,2025-06-25,0
2114,2114,2025-11-09,26,785,4191.95,11716.55,0.5981,2,Credit Card,2026-02-07,0
2115,2115,2025-10-27,27,717,9685.36,10638.64,0.2935,1,Auto,2026-01-25,0
2116,2116,2025-09-20,85,501,3377.13,21126.14,0.5964,0,Personal Loan,2025-12-19,0
2117,2117,2025-05-18,10,805,6271.95,13747.68,0.8238,1,Auto,2025-08-16,0
2118,2118,2025-06-09,35,637,5541.95,15478.45,0.6654,0,Credit Card,2025-09-07,0
2119,2119,2025-12-10,38,638,2749.4,5461.4,0.5856,1,Medical,2026-03-10,1
2120,2120,2025-10-09,72,701,4896.2,2388.08,0.2351,1,Medical,2026-01-07,0
2121,2121,2025-07-28,43,728,4461.83,17462.11,0.7142,1,Auto,2025-10-26,1
2122,2122,2025-08-24,87,802,3029.23,15706.56,0.5482,0,Personal Loan,2025-11-22,1
2123,2123,2025-12-23,66,653,5224.43,20892.05,0.7326,1,Auto,2026-03-23,1
2124,2124,2025-06-29,63,664,4749.67,21194.74,0.7563,1,Auto,2025-09-27,1
2125,2125,2025-05-12,67,718,4304.15,15960.36,0.7042,0,Medical,2025-08-10,1
2126,2126,2025-05-02,14,522,4311.93,13689.85,0.9397,3,Auto,2025-07-31,1
2127,2127,2025-11-15,40,543,4270.54,22893.2,0.8336,2,Medical,2026-02-13,1
2128,2128,2025-06-28,52,670,3768.89,20130.97,0.713,0,Auto,2025-09-26,1
2129,2129,2025-05-16,18,445,4735.89,22119.41,0.8834,0,Credit Card,2025-08-14,1
2130,2130,2025-10-15,10,548,3328.37,24898.1,0.5853,1,Auto,2026-01-13,1
2131,2131,2025-11-06,12,707,14699.43,10385.89,0.6134,1,Auto,2026-02-04,0
2132,2132,2025-09-08,71,811,2358.54,18064.9,0.7186,1,Medical,2025-12-07,1
2133,2133,2025-11-15,59,628,3418.2,17357.66,0.587,1,Personal Loan,2026-02-13,1
2134,2134,2025-10-22,25,580,3541.89,4766.5,0.867,0,Auto,2026-01-20,1
2135,2135,2025-09-02,66,596,11139.16,16095.44,0.5335,0,Credit Card,2025-12-01,0
2136,2136,2025-12-26,62,694,2455.14,10988.19,0.669,3,Credit Card,2026-03-26,1
2137,2137,2025-05-18,73,638,5386.58,11540.57,0.7591,0,Auto,2025-08-16,1
2138,2138,2025-12-21,81,429,4972.99,4913.38,0.8136,1,Auto,2026-03-21,1
2139,2139,2025-05-03,79,636,5167.38,18746.11,0.7078,4,Credit Card,2025-08-01,1
2140,2140,2025-12-02,16,580,7757.03,17599.55,0.795,1,Auto,2026-03-02,1
2141,2141,2025-09-11,69,701,7685.75,13541.11,0.5263,2,Credit Card,2025-12-10,0
2142,2142,2025-10-03,35,770,3630.3,4339.62,0.3556,1,Auto,2026-01-01,1
2143,2143,2025-12-28,36,805,4852.78,14143.19,0.7428,0,Medical,2026-03-28,1
2144,2144,2025-12-29,58,664,1922.06,2953.27,0.5461,1,Auto,2026-03-29,1
2145,2145,2025-12-01,54,565,4649.86,8814.61,0.8263,1,Credit Card,2026-03-01,1
2146,2146,2025-06-23,37,598,3111.02,9622.77,0.5791,0,Credit Card,2025-09-21,1
2147,2147,2025-06-22,89,490,4089.3,22143.92,0.3241,1,Credit Card,2025-09-20,1
2148,2148,2025-02-22,15,795,2083.04,10681.27,0.5521,1,Medical,2025-05-23,0
2149,2149,2025-05-20,8,759,5335.79,15162.51,0.4956,1,Medical,2025-08-18,0
2150,2150,2025-10-22,2,762,2072.57,21932.09,0.7102,2,Credit Card,2026-01-20,0
2151,2151,2025-08-04,73,551,,10931.11,0.1628,1,Auto,2025-11-02,0
2152,2152,2025-03-05,36,549,2560.79,22150.74,0.7687,1,Credit Card,2025-06-03,1
2153,2153,2025-04-23,39,763,3034.07,3843.3,0.6691,3,Credit Card,2025-07-22,0
2154,2154,2025-07-07,58,638,7477.32,9438.66,0.7443,0,Medical,2025-10-05,1
2155,2155,2025-04-17,39,702,5793.91,2820.82,0.0855,2,Auto,2025-07-16,0
2156,2156,2025-11-26,51,616,7458.74,14242.78,0.7451,0,Auto,2026-02-24,0
2157,2157,2025-10-26,5,597,8972.12,23953.41,0.5889,2,Medical,2026-01-24,1
2158,2158,2025-10-14,14,673,3140.77,16595.32,0.5203,0,Auto,2026-01-12,0
2159,2159,2025-10-27,83,746,8730.14,15838.85,0.6683,0,Medical,2026-01-25,0
2160,2160,2025-04-26,40,553,2299.67,7314.89,0.5585,0,Personal Loan,2025-07-25,0
2161,2161,2025-02-24,15,744,6221.37,23312.12,0.6357,0,Credit Card,2025-05-25,1
2162,2162,2025-03-27,33,517,3561.72,12052.6,0.7976,1,Personal Loan,2025-06-25,1
2163,2163,2025-02-24,30,581,2925.92,7041.55,0.4429,1,Auto,2025-05-25,1
2164,2164,2025-08-11,24,785,5863.56,24698.65,0.6718,1,Auto,2025-11-09,0
2165,2165,2025-03-29,26,802,6803.74,10866.54,0.941,0,Personal Loan,2025-06-27,0
2166,2166,2025-10-04,65,790,6713.47,9601.73,0.6952,3,Medical,2026-01-02,1
2167,2167,2025-10-23,9,546,4898.51,1356.55,0.5894,2,Personal Loan,2026-01-21,0
2168,2168,2025-10-07,27,758,4719.13,4868.23,0.8429,1,Medical,2026-01-05,1
2169,2169,2025-04-22,42,795,5636.9,20325.19,0.6758,0,Auto,2025-07-21,0
2170,2170,2025-10-07,48,812,5098.46,12326.03,0.7717,0,Auto,2026-01-05,0
2171,2171,2025-03-09,79,428,5673.78,23894.43,0.6063,0,Medical,2025-06-07,1
2172,2172,2025-01-02,83,718,4874.63,2555.2,0.4263,2,Credit Card,2025-04-02,1
2173,2173,2025-09-06,26,819,6498.02,15590.61,0.6103,0,Credit Card,2025-12-05,0
2174,2174,2025-09-13,48,726,2138.28,18139.61,0.838,1,Auto,2025-12-12,0
2175,2175,2025-10-18,2,513,4191.97,15718.99,0.631,3,Credit Card,2026-01-16,1
2176,2176,2025-08-28,55,725,2385.75,13482.0,0.6431,2,Credit Card,2025-11-26,1
2177,2177,2025-06-28,13,462,5036.75,14668.31,0.5817,1,Personal Loan,2025-09-26,0
2178,2178,2025-05-27,6,612,9310.23,17393.96,0.6767,0,Auto,2025-08-25,0
2179,2179,2025-09-15,60,671,3592.71,21649.96,0.7984,1,Credit Card,2025-12-14,0
2180,2180,2025-12-31,16,603,4709.15,8740.44,0.5819,0,Auto,2026-03-31,0
2181,2181,2025-06-03,42,700,6250.51,11761.52,0.4347,1,Medical,2025-09-01,0
2182,2182,2025-06-13,9,516,1753.77,16079.78,0.8968,3,Auto,2025-09-11,1
2183,2183,2025-03-30,67,663,3515.9,8198.29,0.3497,1,Auto,2025-06-28,0
2184,2184,2025-01-26,68,678,5239.77,4880.18,0.7542,1,Credit Card,2025-04-26,1
2185,2185,2025-09-20,51,674,1207.55,24171.13,0.9473,1,Auto,2025-12-19,0
2186,2186,2025-01-22,75,536,,5270.86,0.4389,2,Personal Loan,2025-04-22,0
2187,2187,2025-01-23,39,542,7298.22,6201.96,0.6194,1,Auto,2025-04-23,1
2188,2188,2025-06-05,16,523,6983.8,15657.81,0.5306,0,Personal Loan,2025-09-03,0
2189,2189,2025-08-27,13,605,5262.93,2395.52,0.4883,2,Auto,2025-11-25,0
2190,2190,2025-08-13,19,654,6614.3,1334.17,0.3711,1,Personal Loan,2025-11-11,1
2191,2191,2025-12-27,18,565,4899.05,2068.33,0.1986,1,Medical,2026-03-27,1
2192,2192,2025-12-31,29,584,5709.73,3519.96,0.6376,1,Medical,2026-03-31,1
2193,2193,2025-05-16,19,534,3858.2,11015.32,0.6428,1,Medical,2025-08-14,0
2194,2194,2025-06-08,53,507,4684.97,20816.89,0.6193,1,Credit Card,2025-09-06,1
2195,2195,2025-04-25,13,683,,8878.31,0.3032,0,Auto,2025-07-24,0
2196,2196,2025-07-29,55,747,7852.35,10974.52,0.5675,0,Credit Card,2025-10-27,0
2197,2197,2025-08-09,30,536,8819.33,15206.15,0.4344,1,Personal Loan,2025-11-07,0
2198,2198,2025-11-04,61,765,8274.72,7902.54,0.6569,1,Auto,2026-02-02,1
2199,2199,2025-05-07,46,648,,11097.18,0.7842,1,Credit Card,2025-08-05,1
2200,2200,2025-09-17,81,487,2895.18,9964.64,0.7392,0,Auto,2025-12-16,1
2201,2201,2025-02-14,39,566,7900.16,8876.15,0.4027,2,Personal Loan,2025-05-15,1
2202,2202,2025-11-29,26,423,5680.29,10015.63,0.605,3,Credit Card,2026-02-27,1
2203,2203,2025-02-08,53,435,5155.72,772.38,0.6118,1,Auto,2025-05-09,1
2204,2204,2025-08-22,59,554,3343.81,22213.39,0.7013,2,Auto,2025-11-20,1
2205,2205,2025-02-22,39,602,5385.95,24445.0,0.3473,1,Personal Loan,2025-05-23,0
2206,2206,2025-12-09,50,739,2728.82,21631.16,0.7653,0,Credit Card,2026-03-09,0
2207,2207,2025-11-09,42,473,5915.48,640.69,0.7273,1,Auto,2026-02-07,1
2208,2208,2025-08-23,27,756,8270.9,18896.7,0.4437,3,Personal Loan,2025-11-21,1
2209,2209,2025-06-02,28,514,9264.73,14540.95,0.8787,0,Personal Loan,2025-08-31,1
2210,2210,2025-02-16,81,475,6117.05,2807.29,0.574,0,Auto,2025-05-17,1
2211,2211,2025-12-19,60,700,2387.71,23355.05,0.7061,2,Personal Loan,2026-03-19,1
2212,2212,2025-05-06,8,730,4860.02,19517.32,0.8516,0,Personal Loan,2025-08-04,0
2213,2213,2025-02-12,86,662,11647.62,4059.76,0.3341,1,Auto,2025-05-13,1
2214,2214,2025-06-19,64,466,3008.28,24119.02,0.8706,1,Personal Loan,2025-09-17,1
2215,2215,2025-01-23,4,466,4330.2,3591.87,0.7306,0,Credit Card,2025-04-23,1
2216,2216,2025-10-20,65,576,8400.83,11639.66,0.7189,1,Auto,2026-01-18,0
2217,2217,2025-06-04,53,600,5870.59,4394.91,0.9592,2,Credit Card,2025-09-02,1
2218,2218,2025-04-19,82,820,13576.16,4179.67,0.902,0,Medical,2025-07-18,1
2219,2219,2025-04-04,44,534,3197.77,24211.24,0.9573,1,Auto,2025-07-03,0
2220,2220,2025-06-29,46,497,2848.68,14517.01,0.4616,2,Credit Card,2025-09-27,1
2221,2221,2025-01-31,28,799,7714.5,6849.79,0.7087,5,Personal Loan,2025-05-01,1
2222,2222,2025-03-23,28,481,2596.33,19521.78,0.8804,2,Personal Loan,2025-06-21,1
2223,2223,2025-05-02,55,430,4070.23,21943.49,0.5528,1,Medical,2025-07-31,1
2224,2224,2025-05-17,74,589,4317.62,22981.3,0.5848,0,Personal Loan,2025-08-15,1
2225,2225,2025-01-06,80,580,7088.26,23358.13,0.9573,2,Medical,2025-04-06,1
2226,2226,2025-04-13,69,668,5863.02,22686.75,0.5195,2,Credit Card,2025-07-12,0
2227,2227,2025-05-20,54,771,5462.59,16153.84,0.6955,0,Auto,2025-08-18,0
2228,2228,2025-12-09,45,794,3710.44,8890.43,0.632,0,Credit Card,2026-03-09,0
2229,2229,2025-11-21,30,536,7682.9,23176.41,0.6128,3,Auto,2026-02-19,0
2230,2230,2025-11-27,69,813,27217.65,3501.16,0.5135,1,Credit Card,2026-02-25,0
2231,2231,2025-03-07,28,673,6069.78,4635.6,0.5152,0,Auto,2025-06-05,0
2232,2232,2025-09-24,24,447,4651.07,11128.77,0.6893,3,Personal Loan,2025-12-23,1
2233,2233,2025-01-02,78,796,2479.87,7449.79,0.4407,4,Auto,2025-04-02,1
2234,2234,2025-02-14,53,475,3338.02,15585.45,0.5934,2,Auto,2025-05-15,1
2235,2235,2025-01-10,31,656,4039.31,22679.9,0.6667,1,Personal Loan,2025-04-10,0
2236,2236,2025-12-10,77,737,3496.19,12530.27,0.6123,2,Medical,2026-03-10,1
2237,2237,2025-04-20,86,520,4415.01,14069.83,0.2779,2,Credit Card,2025-07-19,0
2238,2238,2025-02-27,28,528,9898.19,10866.78,0.8979,1,Personal Loan,2025-05-28,1
2239,2239,2025-02-11,46,610,7794.9,17835.44,0.5572,2,Medical,2025-05-12,1
2240,2240,2025-01-20,43,774,4140.31,2966.88,0.7212,0,Credit Card,2025-04-20,0
2241,2241,2025-02-07,63,509,2581.88,1690.45,0.7014,0,Auto,2025-05-08,0
2242,2242,2025-01-17,85,686,,16212.79,0.807,1,Auto,2025-04-17,0
2243,2243,2025-08-05,49,601,4349.98,13604.52,0.7031,1,Medical,2025-11-03,0
2244,2244,2025-04-13,71,464,2044.84,10480.27,0.5043,2,Credit Card,2025-07-12,1
2245,2245,2025-12-17,53,705,6127.82,8682.82,0.6948,2,Medical,2026-03-17,1
2246,2246,2025-02-28,79,753,7055.47,1769.28,0.2237,1,Personal Loan,2025-05-29,1
2247,2247,2025-03-11,36,650,1492.7,17173.63,0.8489,0,Credit Card,2025-06-09,1
2248,2248,2025-03-04,34,490,3068.52,10825.95,0.8465,1,Medical,2025-06-02,1
2249,2249,2025-05-05,38,482,4231.43,11409.07,0.6613,2,Medical,2025-08-03,1
2250,2250,2025-04-14,89,589,6189.01,22389.4,0.8825,2,Personal Loan,2025-07-13,1
2251,2251,2025-12-17,55,623,3525.98,18569.92,0.6789,1,Auto,2026-03-17,0
2252,2252,2025-11-18,13,641,3058.06,5876.36,0.9767,1,Auto,2026-02-16,0
2253,2253,2025-02-02,3,517,6168.59,16600.58,0.7208,0,Medical,2025-05-03,1
2254,2254,2025-11-27,46,620,3602.04,3740.26,0.9432,0,Credit Card,2026-02-25,0
2255,2255,2025-12-26,72,538,5675.56,5254.56,0.6148,1,Auto,2026-03-26,1
2256,2256,2025-11-27,43,695,2696.79,17996.66,0.4153,0,Medical,2026-02-25,0
2257,2257,2025-11-29,50,739,2419.82,3584.32,0.8133,2,Medical,2026-02-27,0
2258,2258,2025-10-13,71,681,6247.09,7364.75,0.3164,1,Credit Card,2026-01-11,0
2259,2259,2025-04-09,46,420,4982.24,22502.48,0.6938,0,Medical,2025-07-08,1
2260,2260,2025-08-29,81,817,6735.22,18588.73,0.9586,3,Personal Loan,2025-11-27,0
2261,2261,2025-03-29,57,429,3499.35,23271.76,0.304,1,Medical,2025-06-27,1
2262,2262,2025-08-04,65,820,3109.45,22104.92,0.7826,1,Credit Card,2025-11-02,0
2263,2263,2025-01-03,70,432,8203.56,8158.2,0.4821,2,Medical,2025-04-03,1
2264,2264,2025-12-29,56,627,2240.98,15993.25,0.247,3,Auto,2026-03-29,0
2265,2265,2025-01-01,4,462,7809.98,9778.04,0.8453,0,Auto,2025-04-01,1
2266,2266,2025-04-24,38,458,8056.44,17579.06,0.7296,1,Credit Card,2025-07-23,1
2267,2267,2025-02-08,12,694,6548.82,9037.2,0.4064,2,Personal Loan,2025-05-09,0
2268,2268,2025-09-25,45,711,,532.28,0.9666,0,Credit Card,2025-12-24,0
2269,2269,2025-08-17,12,467,3079.63,2801.49,0.8379,1,Auto,2025-11-15,1
2270,2270,2025-01-24,45,811,,19389.8,0.5798,2,Credit Card,2025-04-24,0
2271,2271,2025-08-02,30,548,2483.02,2558.13,0.5671,1,Personal Loan,2025-10-31,1
2272,2272,2025-02-02,1,547,2884.88,15185.86,0.5419,0,Personal Loan,2025-05-03,0
2273,2273,2025-09-02,11,539,5943.96,21515.57,0.2812,2,Personal Loan,2025-12-01,0
2274,2274,2025-08-02,45,604,5956.31,18656.98,0.4484,0,Auto,2025-10-31,1
2275,2275,2025-01-20,7,491,2773.02,10629.25,0.3545,1,Medical,2025-04-20,1
2276,2276,2025-11-09,77,590,6028.51,5610.8,0.2154,0,Personal Loan,2026-02-07,1
2277,2277,2025-01-28,68,504,5455.81,23102.17,0.3812,0,Credit Card,2025-04-28,1
2278,2278,2025-11-26,63,440,8773.13,14376.79,0.6375,0,Credit Card,2026-02-24,0
2279,2279,2025-09-14,15,567,5745.15,10432.79,0.3154,2,Credit Card,2025-12-13,0
2280,2280,2025-01-11,71,689,7160.69,23580.41,0.1979,0,Medical,2025-04-11,0
2281,2281,2025-05-07,57,725,5512.01,5767.93,0.4333,2,Auto,2025-08-05,0
2282,2282,2025-04-14,35,561,6911.68,11335.91,0.2835,3,Credit Card,2025-07-13,0
2283,2283,2025-11-28,0,549,2491.89,3161.82,0.5663,0,Auto,2026-02-26,0
2284,2284,2025-11-09,47,735,4209.99,3559.57,0.7756,3,Medical,2026-02-07,0
2285,2285,2025-05-17,71,693,4369.74,10265.61,0.6445,1,Medical,2025-08-15,0
2286,2286,2025-07-20,3,753,3985.08,17641.68,0.6316,0,Auto,2025-10-18,0
2287,2287,2025-03-17,4,783,5430.3,8802.9,0.5954,3,Auto,2025-06-15,1
2288,2288,2025-03-02,34,749,5916.33,17395.15,0.9423,0,Auto,2025-05-31,0
2289,2289,2025-04-06,46,795,5305.59,20227.17,0.6821,1,Auto,2025-07-05,0
2290,2290,2025-06-16,42,587,4106.7,22000.66,0.6593,2,Personal Loan,2025-09-14,0
2291,2291,2025-01-05,38,578,3193.66,1595.63,0.4958,1,Personal Loan,2025-04-05,0
2292,2292,2025-10-15,22,548,7286.17,19456.43,0.5729,1,Personal Loan,2026-01-13,1
2293,2293,2025-10-08,5,514,5205.02,4104.98,0.7528,1,Medical,2026-01-06,1
2294,2294,2025-10-11,2,720,2811.92,17607.43,0.6188,1,Personal Loan,2026-01-09,0
2295,2295,2025-09-25,8,706,4075.87,9605.73,0.569,3,Personal Loan,2025-12-24,0
2296,2296,2025-11-10,62,741,2029.44,17840.94,0.4993,1,Auto,2026-02-08,0
2297,2297,2025-02-15,70,487,,5738.69,0.5108,1,Credit Card,2025-05-16,1
2298,2298,2025-01-08,39,616,4067.28,16302.27,0.6905,1,Auto,2025-04-08,1
2299,2299,2025-06-03,6,509,3434.03,3575.1,0.6197,0,Personal Loan,2025-09-01,1
2300,2300,2025-04-23,37,778,9073.11,4658.77,0.785,2,Credit Card,2025-07-22,0
2301,2301,2025-10-19,88,527,2643.16,15554.32,0.9386,0,Auto,2026-01-17,1
2302,2302,2025-04-21,22,477,6111.19,8750.9,0.6634,1,Credit Card,2025-07-20,1
2303,2303,2025-06-16,44,648,11896.73,17742.56,0.2741,1,Auto,2025-09-14,0
2304,2304,2025-04-05,48,772,7221.16,17286.41,0.4122,1,Personal Loan,2025-07-04,0
2305,2305,2025-11-01,29,787,4384.4,15730.03,0.3901,0,Auto,2026-01-30,0
2306,2306,2025-06-09,39,458,2669.56,18398.24,0.6465,1,Personal Loan,2025-09-07,1
2307,2307,2025-08-28,42,550,2409.25,19951.41,0.6486,1,Personal Loan,2025-11-26,0
2308,2308,2025-06-01,42,481,3695.24,22829.87,0.7247,1,Auto,2025-08-30,1
2309,2309,2025-09-20,64,543,3264.46,2472.64,0.7146,0,Auto,2025-12-19,1
2310,2310,2025-05-26,52,634,3217.0,14502.95,0.349,4,Medical,2025-08-24,0
2311,2311,2025-11-27,4,532,3839.74,18845.03,0.6722,3,Personal Loan,2026-02-25,0
2312,2312,2025-06-09,0,447,4247.09,5815.07,0.7859,1,Medical,2025-09-07,1
2313,2313,2025-05-04,36,624,5532.23,6958.72,0.3656,0,Auto,2025-08-02,0
2314,2314,2025-04-24,81,441,2547.82,7040.63,0.2492,3,Personal Loan,2025-07-23,1
2315,2315,2025-10-18,3,510,3271.46,14522.16,0.3045,1,Auto,2026-01-16,1
2316,2316,2025-12-25,6,420,4138.74,9471.18,0.4477,1,Medical,2026-03-25,1
2317,2317,2025-07-21,61,454,4072.58,16819.32,0.3774,0,Medical,2025-10-19,0
2318,2318,2025-07-28,40,594,10161.8,15450.87,0.6938,1,Auto,2025-10-26,0
2319,2319,2025-12-10,20,761,4936.99,16599.24,0.7733,1,Credit Card,2026-03-10,0
2320,2320,2025-06-19,18,730,2151.42,6681.78,0.4575,2,Auto,2025-09-17,0
2321,2321,2025-11-07,59,459,5367.84,19300.6,0.422,0,Credit Card,2026-02-05,0
2322,2322,2025-03-29,47,433,5684.79,16768.87,0.2424,1,Credit Card,2025-06-27,1
2323,2323,2025-02-15,57,555,4203.58,3700.92,0.2982,1,Credit Card,2025-05-16,0
2324,2324,2025-04-04,25,681,,5404.23,0.7052,0,Credit Card,2025-07-03,0
2325,2325,2025-02-10,47,719,9809.68,7873.65,0.543,0,Personal Loan,2025-05-11,1
2326,2326,2025-10-05,77,750,2747.79,23433.02,0.7468,2,Medical,2026-01-03,0
2327,2327,2025-02-21,28,557,5987.01,8495.57,0.6473,2,Credit Card,2025-05-22,1
2328,2328,2025-06-01,35,487,4865.98,987.04,0.4666,0,Personal Loan,2025-08-30,0
2329,2329,2025-10-01,14,430,5827.62,3969.83,0.4348,1,Personal Loan,2025-12-30,0
2330,2330,2025-04-29,57,478,9586.26,1288.21,0.6927,0,Credit Card,2025-07-28,1
2331,2331,2025-11-16,2,446,5725.8,10369.56,0.6867,4,Personal Loan,2026-02-14,1
2332,2332,2025-03-09,22,765,3458.54,20030.26,0.4615,5,Personal Loan,2025-06-07,1
2333,2333,2025-09-22,64,527,7315.1,11535.68,0.5891,1,Medical,2025-12-21,1
2334,2334,2025-12-29,1,750,3347.62,21055.36,0.9535,1,Credit Card,2026-03-29,0
2335,2335,2025-04-25,89,641,4786.72,1664.47,0.3813,0,Credit Card,2025-07-24,0
2336,2336,2025-05-13,36,636,2485.21,12008.21,0.9103,0,Auto,2025-08-11,1
2337,2337,2025-09-21,35,602,2793.42,19783.35,0.7994,0,Personal Loan,2025-12-20,1
2338,2338,2025-03-12,48,748,4551.1,17030.69,0.6434,1,Medical,2025-06-10,1
2339,2339,2025-08-19,57,437,5248.19,21394.23,0.588,0,Personal Loan,2025-11-17,1
2340,2340,2025-09-27,41,457,2067.15,7208.95,0.9518,3,Auto,2025-12-26,1
2341,2341,2025-12-14,79,589,5562.37,12770.84,0.8102,1,Credit Card,2026-03-14,1
2342,2342,2025-11-26,86,578,3075.61,17083.53,0.6372,3,Personal Loan,2026-02-24,1
2343,2343,2025-03-30,18,638,7909.81,4628.0,0.865,1,Personal Loan,2025-06-28,0
2344,2344,2025-10-04,63,715,3795.67,20487.26,0.6302,1,Credit Card,2026-01-02,0
2345,2345,2025-10-15,27,655,2682.14,8131.02,0.3913,0,Medical,2026-01-13,0
2346,2346,2025-05-16,89,523,4601.38,2786.03,0.4267,1,Auto,2025-08-14,1
2347,2347,2025-11-21,22,551,2944.5,19259.68,0.6631,1,Personal Loan,2026-02-19,0
2348,2348,2025-09-25,26,721,7871.67,17772.94,0.6721,0,Auto,2025-12-24,0
2349,2349,2025-06-04,64,500,4448.13,22150.15,0.9376,1,Auto,2025-09-02,1
2350,2350,2025-04-27,71,622,4153.66,22355.83,0.7909,1,Medical,2025-07-26,0
2351,2351,2025-02-15,11,636,,7323.88,0.8848,2,Personal Loan,2025-05-16,0
2352,2352,2025-06-27,50,720,2829.27,16213.39,0.775,1,Credit Card,2025-09-25,1
2353,2353,2025-02-02,31,706,2489.61,24978.51,0.7279,0,Auto,2025-05-03,1
2354,2354,2025-02-07,55,606,5344.15,6473.26,0.1911,1,Auto,2025-05-08,0
2355,2355,2025-09-03,50,543,2711.2,12085.48,0.6187,0,Medical,2025-12-02,0
2356,2356,2025-04-15,88,567,2710.79,22799.08,0.4332,1,Credit Card,2025-07-14,1
2357,2357,2025-07-28,84,585,6480.42,3025.45,0.7714,0,Auto,2025-10-26,1
2358,2358,2025-07-05,58,507,5632.33,23242.12,0.5818,0,Auto,2025-10-03,1
2359,2359,2025-07-27,61,670,2529.5,12459.81,0.6794,0,Credit Card,2025-10-25,0
2360,2360,2025-01-27,80,503,3365.69,22379.5,0.7286,0,Auto,2025-04-27,1
2361,2361,2025-07-25,16,680,2961.11,15723.6,0.4587,1,Personal Loan,2025-10-23,1
2362,2362,2025-09-25,65,721,9890.64,16950.17,0.721,1,Credit Card,2025-12-24,0
2363,2363,2025-10-20,69,805,6685.56,19438.15,0.5577,3,Personal Loan,2026-01-18,0
2364,2364,2025-05-31,11,467,3679.82,2144.83,0.7056,0,Auto,2025-08-29,0
2365,2365,2025-06-16,79,724,5763.43,15880.32,0.4837,1,Medical,2025-09-14,1
2366,2366,2025-07-13,62,454,2415.63,23136.46,0.3513,2,Auto,2025-10-11,1
2367,2367,2025-08-23,31,555,3285.62,23925.03,0.4643,0,Auto,2025-11-21,1
2368,2368,2025-06-17,43,490,4661.95,24223.88,0.3785,1,Auto,2025-09-15,1
2369,2369,2025-08-25,44,485,5450.72,16322.91,0.4247,3,Credit Card,2025-11-23,0
2370,2370,2025-09-17,82,490,4256.25,16015.53,0.7872,0,Medical,2025-12-16,1
2371,2371,2025-09-26,87,437,4972.14,14035.39,0.8275,1,Auto,2025-12-25,1
2372,2372,2025-08-21,72,750,4606.63,15385.06,0.4825,2,Credit Card,2025-11-19,1
2373,2373,2025-12-19,58,444,4131.48,15496.89,0.8262,0,Credit Card,2026-03-19,1
2374,2374,2025-09-15,9,579,3892.22,1539.0,0.6277,1,Personal Loan,2025-12-14,0
2375,2375,2025-12-15,82,700,3670.86,2677.35,0.4559,1,Auto,2026-03-15,0
2376,2376,2025-03-26,12,817,4936.3,15675.71,0.5441,2,Personal Loan,2025-06-24,0
2377,2377,2025-08-26,15,762,5350.08,8198.3,0.6558,0,Credit Card,2025-11-24,0
2378,2378,2025-08-18,6,475,4862.27,7884.92,0.8502,2,Auto,2025-11-16,0
2379,2379,2025-05-12,85,816,2616.6,5239.3,0.6873,0,Auto,2025-08-10,0
2380,2380,2025-07-10,44,682,2836.94,20126.21,0.284,2,Personal Loan,2025-10-08,1
2381,2381,2025-05-30,21,492,5321.43,24126.05,0.7248,0,Personal Loan,2025-08-28,1
2382,2382,2025-01-28,7,599,8623.56,15880.07,0.2411,1,Credit Card,2025-04-28,0
2383,2383,2025-05-19,37,788,4762.78,23662.79,0.2661,2,Medical,2025-08-17,1
2384,2384,2025-01-21,65,577,3695.05,22155.16,0.2434,0,Medical,2025-04-21,0
2385,2385,2025-11-18,89,493,4919.46,5839.21,0.7544,0,Credit Card,2026-02-16,1
2386,2386,2025-08-01,49,770,2666.26,4261.38,0.7338,4,Medical,2025-10-30,1
2387,2387,2025-08-07,54,802,8014.63,5683.88,0.1491,2,Medical,2025-11-05,1
2388,2388,2025-08-02,75,811,4836.6,2857.13,0.7897,1,Personal Loan,2025-10-31,0
2389,2389,2025-05-15,81,803,3290.33,14780.54,0.6443,0,Medical,2025-08-13,0
2390,2390,2025-10-10,25,770,4125.5,7424.93,0.3141,1,Medical,2026-01-08,0
2391,2391,2025-05-29,89,602,3508.11,22866.46,0.8739,1,Auto,2025-08-27,1
2392,2392,2025-10-07,46,497,8024.47,15528.49,0.4361,2,Medical,2026-01-05,1
2393,2393,2025-06-24,83,667,4060.22,9310.46,0.759,2,Credit Card,2025-09-22,1
2394,2394,2025-06-16,10,508,4769.11,24623.7,0.7621,1,Credit Card,2025-09-14,0
2395,2395,2025-04-10,8,609,5757.03,23853.27,0.6023,1,Personal Loan,2025-07-09,0
2396,2396,2025-06-06,79,683,3186.43,19576.07,0.5675,2,Medical,2025-09-04,0
2397,2397,2025-03-28,60,799,4852.11,19896.25,0.3344,0,Credit Card,2025-06-26,0
2398,2398,2025-05-22,15,535,5031.61,24443.12,0.8937,0,Medical,2025-08-20,1
2399,2399,2025-05-12,80,521,2209.82,15211.18,0.4945,0,Medical,2025-08-10,1
2400,2400,2025-12-11,9,714,4982.63,22060.49,0.4174,2,Auto,2026-03-11,1
2401,2401,2025-05-21,61,422,4356.43,2088.28,0.7026,1,Medical,2025-08-19,0
2402,2402,2025-09-09,18,647,4714.91,14074.53,0.6006,1,Personal Loan,2025-12-08,0
2403,2403,2025-05-05,6,719,4518.94,12811.65,0.6938,2,Personal Loan,2025-08-03,0
2404,2404,2025-05-08,72,640,4997.17,1424.23,0.6298,1,Personal Loan,2025-08-06,0
2405,2405,2025-05-14,76,573,8117.72,2630.32,0.5521,1,Personal Loan,2025-08-12,1
2406,2406,2025-09-14,9,752,2615.53,1035.05,0.7276,1,Personal Loan,2025-12-13,0
2407,2407,2025-03-16,8,568,3812.47,7703.37,0.5344,1,Medical,2025-06-14,0
2408,2408,2025-07-17,55,704,6002.78,1811.03,0.1986,1,Auto,2025-10-15,0
2409,2409,2025-07-04,2,606,5521.57,10867.41,0.7248,3,Auto,2025-10-02,0
2410,2410,2025-07-30,67,430,5468.35,20412.29,0.1516,0,Personal Loan,2025-10-28,0
2411,2411,2025-02-03,82,632,15353.67,15538.83,0.2812,1,Auto,2025-05-04,0
2412,2412,2025-11-30,67,439,5862.67,17007.85,0.6054,1,Medical,2026-02-28,1
2413,2413,2025-04-08,20,793,7397.68,1271.91,0.7054,1,Medical,2025-07-07,0
2414,2414,2025-08-10,17,661,3873.13,21068.4,0.5894,0,Medical,2025-11-08,1
2415,2415,2025-04-29,61,569,2844.63,4081.66,0.6132,3,Medical,2025-07-28,0
2416,2416,2025-11-27,5,614,3860.52,7914.95,0.6231,1,Personal Loan,2026-02-25,0
2417,2417,2025-12-22,48,668,6126.52,13161.45,0.7919,2,Auto,2026-03-22,1
2418,2418,2025-07-13,40,524,5340.49,23284.84,0.4715,1,Medical,2025-10-11,0
2419,2419,2025-11-20,67,535,5331.9,24954.65,0.8024,3,Auto,2026-02-18,1
2420,2420,2025-10-07,18,587,4038.16,19675.19,0.51,1,Medical,2026-01-05,1
2421,2421,2025-12-19,68,523,3758.55,18368.2,0.7898,0,Medical,2026-03-19,1
2422,2422,2025-07-12,62,723,4101.32,13428.22,0.384,2,Personal Loan,2025-10-10,0
2423,2423,2025-08-22,21,461,6161.12,16807.87,0.7897,1,Medical,2025-11-20,1
2424,2424,2025-07-26,32,751,,4038.39,0.0858,3,Auto,2025-10-24,0
2425,2425,2025-09-20,5,559,2827.62,7095.3,0.6278,1,Credit Card,2025-12-19,1
2426,2426,2025-06-07,40,645,6267.01,24623.75,0.3843,1,Personal Loan,2025-09-05,1
2427,2427,2025-06-02,23,483,3318.19,24500.57,0.6106,0,Auto,2025-08-31,0
2428,2428,2025-08-28,10,574,5491.82,8412.82,0.8139,1,Medical,2025-11-26,1
2429,2429,2025-11-24,50,722,4079.03,6405.69,0.8947,0,Personal Loan,2026-02-22,0
2430,2430,2025-01-25,51,528,8996.63,6123.19,0.6367,1,Credit Card,2025-04-25,1
2431,2431,2025-12-10,7,473,3684.41,12379.18,0.78,1,Personal Loan,2026-03-10,1
2432,2432,2025-09-07,16,629,4819.26,5982.28,0.6926,3,Personal Loan,2025-12-06,1
2433,2433,2025-01-09,7,485,5842.81,16388.17,0.7004,2,Auto,2025-04-09,0
2434,2434,2025-07-10,61,546,3001.05,2333.09,0.9354,0,Medical,2025-10-08,1
2435,2435,2025-12-02,30,600,4303.63,3040.09,0.6536,1,Personal Loan,2026-03-02,0
2436,2436,2025-09-22,6,646,3944.34,7284.89,0.6755,3,Personal Loan,2025-12-21,1
2437,2437,2025-07-23,17,676,3529.05,19547.36,0.6331,1,Auto,2025-10-21,1
2438,2438,2025-01-04,87,691,3648.69,8420.59,0.4093,0,Medical,2025-04-04,0
2439,2439,2025-06-12,23,758,7334.96,12035.01,0.9484,1,Personal Loan,2025-09-10,0
2440,2440,2025-04-17,61,446,3397.01,16587.24,0.3639,0,Personal Loan,2025-07-16,1
2441,2441,2025-10-29,42,565,5738.1,19819.23,0.6665,0,Medical,2026-01-27,0
2442,2442,2025-07-26,16,420,5123.37,8024.17,0.4966,0,Medical,2025-10-24,0
2443,2443,2025-04-08,27,423,2371.69,18408.75,0.8037,1,Personal Loan,2025-07-07,1
2444,2444,2025-06-19,1,505,,7508.65,0.7156,3,Medical,2025-09-17,0
2445,2445,2025-09-06,67,659,2354.11,16289.42,0.8285,1,Credit Card,2025-12-05,0
2446,2446,2025-02-09,30,778,5899.61,11546.56,0.3692,1,Personal Loan,2025-05-10,0
2447,2447,2025-06-29,44,730,3539.58,23202.38,0.7761,0,Auto,2025-09-27,0
2448,2448,2025-01-20,13,679,4463.84,24561.29,0.6047,2,Personal Loan,2025-04-20,0
2449,2449,2025-03-07,74,732,,19466.02,0.3715,0,Medical,2025-06-05,0
2450,2450,2025-05-28,19,488,4698.85,22928.88,0.6512,2,Medical,2025-08-26,1
2451,2451,2025-08-05,50,756,6748.85,3844.35,0.8311,2,Credit Card,2025-11-03,0
2452,2452,2025-06-01,78,776,3092.9,16534.37,0.8113,1,Medical,2025-08-30,0
2453,2453,2025-12-06,64,458,3383.87,5360.01,0.4932,2,Medical,2026-03-06,1
2454,2454,2025-05-19,54,608,5456.59,7285.73,0.7582,1,Personal Loan,2025-08-17,0
2455,2455,2025-08-18,79,752,5518.32,13309.17,0.5137,1,Personal Loan,2025-11-16,1
2456,2456,2025-12-09,15,610,1487.15,18678.69,0.6606,1,Personal Loan,2026-03-09,0
2457,2457,2025-08-28,86,757,11014.11,18176.6,0.3074,0,Medical,2025-11-26,0
2458,2458,2025-03-17,50,795,5641.18,21801.75,0.6901,1,Credit Card,2025-06-15,0
2459,2459,2025-01-05,36,610,6085.19,14202.23,0.3893,0,Medical,2025-04-05,0
2460,2460,2025-09-19,23,443,4168.9,23195.4,0.5616,1,Medical,2025-12-18,1
2461,2461,2025-03-17,67,556,1929.64,22253.27,0.8632,0,Credit Card,2025-06-15,0
2462,2462,2025-03-08,87,506,6024.71,21301.91,0.5998,0,Auto,2025-06-06,1
2463,2463,2025-11-01,62,610,3448.4,6123.24,0.579,1,Personal Loan,2026-01-30,1
2464,2464,2025-01-17,2,654,5680.36,13520.48,0.7171,3,Credit Card,2025-04-17,0
2465,2465,2025-04-26,42,606,4030.07,18537.8,0.6255,1,Credit Card,2025-07-25,1
2466,2466,2025-08-15,65,498,4949.88,24414.51,0.3653,1,Auto,2025-11-13,1
2467,2467,2025-11-30,35,540,3137.72,785.36,0.5265,2,Medical,2026-02-28,1
2468,2468,2025-11-04,69,692,6561.5,8514.31,0.6774,2,Personal Loan,2026-02-02,0
2469,2469,2025-08-29,63,430,2605.11,8887.58,0.6383,1,Medical,2025-11-27,1
2470,2470,2025-05-01,6,505,12216.05,7569.1,0.3866,3,Medical,2025-07-30,1
2471,2471,2025-03-25,50,777,12174.23,20526.9,0.9965,1,Personal Loan,2025-06-23,1
2472,2472,2025-07-18,15,459,,1604.25,0.6239,3,Personal Loan,2025-10-16,0
2473,2473,2025-08-10,43,586,7894.85,9306.15,0.6906,1,Personal Loan,2025-11-08,1
2474,2474,2025-08-19,34,503,4281.05,17936.27,0.8833,2,Credit Card,2025-11-17,0
2475,2475,2025-12-26,72,461,7517.18,10465.12,0.5218,2,Auto,2026-03-26,1
2476,2476,2025-09-02,78,589,4258.71,4029.56,0.521,3,Credit Card,2025-12-01,0
2477,2477,2025-03-02,41,629,2210.37,15465.89,0.3878,0,Credit Card,2025-05-31,1
2478,2478,2025-08-09,48,490,8746.78,13303.95,0.512,1,Auto,2025-11-07,0
2479,2479,2025-10-26,56,451,7390.65,24555.05,0.479,1,Medical,2026-01-24,1
2480,2480,2025-11-24,58,474,4384.79,18838.89,0.7456,0,Medical,2026-02-22,1
2481,2481,2025-05-18,57,681,2562.32,24661.31,0.7241,3,Auto,2025-08-16,0
2482,2482,2025-03-08,70,764,3415.95,5065.64,0.7809,1,Auto,2025-06-06,0
2483,2483,2025-05-20,88,492,1959.58,19159.08,0.3746,4,Medical,2025-08-18,1
2484,2484,2025-09-28,74,548,6804.14,14015.14,0.2812,1,Medical,2025-12-27,0
2485,2485,2025-03-13,12,557,,17956.48,0.5823,2,Personal Loan,2025-06-11,0
2486,2486,2025-12-12,42,564,5059.76,11955.01,0.3788,1,Credit Card,2026-03-12,0
2487,2487,2025-10-28,41,517,3042.21,5703.58,0.41,1,Auto,2026-01-26,0
2488,2488,2025-05-08,45,442,2340.18,1620.55,0.7725,2,Personal Loan,2025-08-06,1
2489,2489,2025-06-11,47,630,4950.58,21038.06,0.7262,2,Personal Loan,2025-09-09,0
2490,2490,2025-10-12,64,563,3826.82,20462.8,0.7437,1,Medical,2026-01-10,1
2491,2491,2025-08-13,37,557,6484.6,4482.22,0.6835,0,Personal Loan,2025-11-11,0
2492,2492,2025-08-13,23,526,2513.87,16306.93,0.8518,0,Auto,2025-11-11,1
2493,2493,2025-03-07,41,792,3162.79,18574.48,0.4333,0,Personal Loan,2025-06-05,0
2494,2494,2025-04-11,76,664,1518.63,14161.81,0.8443,2,Personal Loan,2025-07-10,0
2495,2495,2025-03-10,28,587,1664.11,8272.11,0.4635,1,Personal Loan,2025-06-08,0
2496,2496,2025-05-28,1,502,9988.47,22083.17,0.7977,1,Auto,2025-08-26,0
2497,2497,2025-08-08,87,741,11357.34,16239.8,0.9114,0,Credit Card,2025-11-06,0
2498,2498,2025-11-16,17,776,4636.55,18145.33,0.5967,1,Medical,2026-02-14,1
2499,2499,2025-12-23,54,432,3069.52,16476.81,0.6868,2,Personal Loan,2026-03-23,1
2500,2500,2025-06-25,72,792,3888.19,18171.57,0.4765,1,Medical,2025-09-23,0
2501,2501,2025-06-02,24,700,6588.68,4054.15,0.694,0,Personal Loan,2025-08-31,0
2502,2502,2025-04-18,30,460,3528.14,23103.56,0.9148,1,Auto,2025-07-17,1
2503,2503,2025-11-08,25,722,4948.97,7502.36,0.8073,2,Medical,2026-02-06,0
2504,2504,2025-12-30,13,463,4421.61,20995.5,0.8498,0,Medical,2026-03-30,1
2505,2505,2025-05-28,13,440,3442.78,22387.91,0.7497,0,Personal Loan,2025-08-26,1
2506,2506,2025-04-21,16,466,3509.45,16454.98,0.3104,1,Credit Card,2025-07-20,1
2507,2507,2025-12-30,41,604,5074.56,15158.37,0.6769,0,Medical,2026-03-30,0
2508,2508,2025-01-16,47,668,2865.22,3171.68,0.3044,0,Personal Loan,2025-04-16,1
2509,2509,2025-06-19,1,583,5449.49,11187.42,0.9489,2,Auto,2025-09-17,0
2510,2510,2025-03-14,76,468,3596.76,15485.29,0.8116,2,Auto,2025-06-12,1
2511,2511,2025-08-05,60,499,4709.4,2505.8,0.4556,0,Credit Card,2025-11-03,1
2512,2512,2025-12-19,6,761,8289.82,3230.82,0.8572,3,Credit Card,2026-03-19,0
2513,2513,2025-01-28,75,806,4122.91,24840.29,0.7456,0,Auto,2025-04-28,0
2514,2514,2025-04-24,2,722,6727.18,8639.74,0.2523,2,Personal Loan,2025-07-23,0
2515,2515,2025-01-16,50,461,1985.42,9068.45,0.7257,0,Personal Loan,2025-04-16,1
2516,2516,2025-11-11,41,748,3598.73,6662.46,0.3648,0,Personal Loan,2026-02-09,0
2517,2517,2025-02-15,45,697,4502.82,16327.48,0.5628,2,Personal Loan,2025-05-16,0
2518,2518,2025-11-15,86,630,10567.08,12090.36,0.6804,2,Personal Loan,2026-02-13,1
2519,2519,2025-05-06,83,477,1840.92,19865.56,0.3858,0,Personal Loan,2025-08-04,1
2520,2520,2025-01-08,25,819,4258.64,13056.12,0.5492,1,Personal Loan,2025-04-08,0
2521,2521,2025-06-30,52,597,8565.6,877.69,0.5615,1,Medical,2025-09-28,0
2522,2522,2025-09-26,86,437,3123.6,12325.84,0.6782,2,Auto,2025-12-25,1
2523,2523,2025-03-24,65,504,4040.9,1852.09,0.8689,1,Personal Loan,2025-06-22,1
2524,2524,2025-07-18,79,580,5163.05,20756.27,0.7336,1,Auto,2025-10-16,1
2525,2525,2025-05-21,39,444,4832.06,3284.62,0.8335,0,Medical,2025-08-19,1
2526,2526,2025-08-17,25,549,8996.55,5815.37,0.5065,1,Personal Loan,2025-11-15,1
2527,2527,2025-03-13,45,607,5441.52,11769.15,0.7574,1,Credit Card,2025-06-11,0
2528,2528,2025-06-09,73,800,8082.83,5282.01,0.9261,3,Personal Loan,2025-09-07,0
2529,2529,2025-11-28,83,454,3781.95,13710.89,0.8683,3,Credit Card,2026-02-26,0
2530,2530,2025-02-15,61,651,3186.77,11787.11,0.5193,2,Personal Loan,2025-05-16,1
2531,2531,2025-04-06,63,787,4017.54,23836.8,0.6857,3,Medical,2025-07-05,1
2532,2532,2025-02-20,46,743,2639.66,2665.15,0.6579,1,Personal Loan,2025-05-21,0
2533,2533,2025-06-01,28,790,5527.99,14629.94,0.7432,4,Credit Card,2025-08-30,0
2534,2534,2025-01-10,38,488,3738.18,18149.79,0.9075,0,Personal Loan,2025-04-10,1
2535,2535,2025-01-11,44,741,3286.88,3626.86,0.7793,1,Medical,2025-04-11,1
2536,2536,2025-04-06,73,812,5565.8,16093.32,0.8432,1,Personal Loan,2025-07-05,0
2537,2537,2025-09-30,49,550,2658.0,21673.86,0.5466,0,Medical,2025-12-29,0
2538,2538,2025-08-28,71,619,6290.06,19795.11,0.4457,2,Auto,2025-11-26,1
2539,2539,2025-07-31,2,632,3585.84,23411.68,0.7671,1,Auto,2025-10-29,0
2540,2540,2025-04-13,68,617,7492.02,18154.35,0.764,0,Medical,2025-07-12,1
2541,2541,2025-12-04,45,536,3726.66,10152.68,0.7898,1,Personal Loan,2026-03-04,0
2542,2542,2025-05-19,89,809,5909.75,23051.06,0.4638,3,Personal Loan,2025-08-17,1
2543,2543,2025-08-06,42,803,4821.32,6021.24,0.7723,1,Auto,2025-11-04,0
2544,2544,2025-08-03,43,572,6215.22,14800.71,0.3103,2,Personal Loan,2025-11-01,1
2545,2545,2025-11-30,11,742,4672.62,19258.62,0.5507,0,Auto,2026-02-28,0
2546,2546,2025-08-20,72,579,2103.74,21870.89,0.793,0,Medical,2025-11-18,1
2547,2547,2025-06-11,63,738,7002.04,22955.28,0.6208,0,Auto,2025-09-09,1
2548,2548,2025-11-11,77,654,4275.01,2581.9,0.302,1,Personal Loan,2026-02-09,1
2549,2549,2025-08-26,8,608,6344.11,18288.45,0.3817,2,Credit Card,2025-11-24,0
2550,2550,2025-05-12,19,471,6066.95,5500.56,0.6115,1,Medical,2025-08-10,1
2551,2551,2025-01-13,78,682,3140.12,19588.43,0.3816,2,Credit Card,2025-04-13,1
2552,2552,2025-09-24,3,548,2946.41,17666.9,0.58,0,Auto,2025-12-23,0
2553,2553,2025-10-15,45,506,5972.43,4943.13,0.9273,1,Auto,2026-01-13,1
2554,2554,2025-05-07,36,497,3879.8,20904.34,0.5698,1,Medical,2025-08-05,1
2555,2555,2025-08-08,84,813,6777.7,11813.83,0.6399,2,Personal Loan,2025-11-06,0
2556,2556,2025-09-17,77,461,4104.38,13824.48,0.8073,0,Personal Loan,2025-12-16,1
2557,2557,2025-10-09,80,740,,24299.39,0.5472,0,Personal Loan,2026-01-07,0
2558,2558,2025-12-07,26,767,5380.23,16587.33,0.5318,1,Personal Loan,2026-03-07,1
2559,2559,2025-08-06,52,432,5062.36,14919.8,0.7066,1,Auto,2025-11-04,1
2560,2560,2025-05-03,63,656,3758.2,910.69,0.7458,1,Medical,2025-08-01,0
2561,2561,2025-06-15,87,651,4937.39,5380.76,0.5393,2,Personal Loan,2025-09-13,1
2562,2562,2025-06-30,0,563,7606.69,1150.85,0.6451,1,Medical,2025-09-28,0
2563,2563,2025-03-09,87,687,4339.88,8666.15,0.4904,2,Credit Card,2025-06-07,0
2564,2564,2025-04-01,31,583,5647.84,8940.45,0.5462,1,Credit Card,2025-06-30,1
2565,2565,2025-03-16,11,596,4540.82,13493.09,0.728,4,Auto,2025-06-14,1
2566,2566,2025-07-10,55,593,4703.55,17399.33,0.9782,0,Credit Card,2025-10-08,1
2567,2567,2025-06-06,70,741,9657.93,4893.96,0.5103,1,Credit Card,2025-09-04,0
2568,2568,2025-07-08,11,673,7637.14,15240.53,0.9081,5,Medical,2025-10-06,1
2569,2569,2025-01-29,3,571,4608.84,22965.92,0.4671,1,Auto,2025-04-29,1
2570,2570,2025-10-24,80,791,4897.62,5032.69,0.527,3,Auto,2026-01-22,1
2571,2571,2025-11-19,84,741,3242.69,16647.66,0.5443,1,Credit Card,2026-02-17,0
2572,2572,2025-10-13,14,794,4114.05,1616.93,0.8905,1,Credit Card,2026-01-11,0
2573,2573,2025-09-11,81,712,5111.4,13513.12,0.8386,1,Medical,2025-12-10,1
2574,2574,2025-06-01,81,576,6520.95,18667.71,0.5877,1,Credit Card,2025-08-30,0
2575,2575,2025-02-13,89,729,6230.11,1334.02,0.8907,0,Credit Card,2025-05-14,1
2576,2576,2025-03-04,19,552,2699.53,8674.8,0.3363,4,Auto,2025-06-02,1
2577,2577,2025-04-29,52,528,6902.52,22009.95,0.2822,3,Auto,2025-07-28,1
2578,2578,2025-04-03,89,600,4272.92,6024.25,0.3607,3,Medical,2025-07-02,1
2579,2579,2025-04-28,81,808,2852.22,18210.43,0.8967,0,Auto,2025-07-27,0
2580,2580,2025-07-03,54,647,8114.22,15499.84,0.6622,3,Credit Card,2025-10-01,1
2581,2581,2025-06-06,17,573,8591.04,4510.35,0.4094,0,Medical,2025-09-04,0
2582,2582,2025-12-21,7,605,5007.47,18671.83,0.4891,1,Personal Loan,2026-03-21,1
2583,2583,2025-02-08,23,536,6117.8,13535.98,0.6846,1,Auto,2025-05-09,1
2584,2584,2025-09-05,5,684,6281.42,3244.63,0.1481,0,Credit Card,2025-12-04,0
2585,2585,2025-03-22,17,560,8333.99,23759.6,0.7273,1,Credit Card,2025-06-20,0
2586,2586,2025-04-08,6,642,6171.09,12553.07,0.3993,0,Personal Loan,2025-07-07,0
2587,2587,2025-06-12,68,568,2446.81,18754.48,0.8025,3,Medical,2025-09-10,1
2588,2588,2025-12-29,53,548,10986.4,5833.66,0.7851,1,Medical,2026-03-29,0
2589,2589,2025-12-16,46,809,7183.53,3860.99,0.3154,0,Personal Loan,2026-03-16,1
2590,2590,2025-11-01,72,558,3535.87,18662.02,0.5268,0,Auto,2026-01-30,0
2591,2591,2025-01-20,36,448,,17008.69,0.7967,0,Auto,2025-04-20,0
2592,2592,2025-06-11,36,571,5581.24,7215.64,0.6177,2,Medical,2025-09-09,1
2593,2593,2025-10-24,18,633,3923.67,18783.94,0.8312,1,Auto,2026-01-22,0
2594,2594,2025-09-07,40,457,5159.0,12872.31,0.7602,2,Medical,2025-12-06,1
2595,2595,2025-05-13,15,542,6213.83,9040.63,0.7111,1,Medical,2025-08-11,1
2596,2596,2025-02-12,53,486,3446.45,19778.85,0.3887,4,Auto,2025-05-13,1
2597,2597,2025-06-24,89,620,2691.22,15611.18,0.2967,0,Auto,2025-09-22,0
2598,2598,2025-12-25,47,709,5290.24,12928.07,0.7746,2,Credit Card,2026-03-25,1
2599,2599,2025-04-17,26,808,3498.1,19441.12,0.4546,1,Personal Loan,2025-07-16,0
2600,2600,2025-02-28,61,576,4749.26,13848.29,0.5905,3,Auto,2025-05-29,0
2601,2601,2025-10-25,73,766,2429.65,23494.09,0.5359,0,Credit Card,2026-01-23,0
2602,2602,2025-11-08,42,506,,20542.36,0.7415,3,Medical,2026-02-06,1
2603,2603,2025-10-18,22,732,6134.77,9275.6,0.2793,3,Personal Loan,2026-01-16,1
2604,2604,2025-06-23,64,645,5841.07,11890.52,0.8535,1,Auto,2025-09-21,1
2605,2605,2025-06-20,16,724,3118.91,23954.66,0.6554,2,Credit Card,2025-09-18,1
2606,2606,2025-10-01,89,722,2628.8,22432.51,0.3796,2,Auto,2025-12-30,1
2607,2607,2025-01-27,28,633,4478.72,5184.05,0.7858,3,Credit Card,2025-04-27,1
2608,2608,2025-05-01,31,523,5724.24,7220.44,0.8565,4,Credit Card,2025-07-30,0
2609,2609,2025-01-31,65,630,5336.52,9428.3,0.4303,3,Credit Card,2025-05-01,1
2610,2610,2025-07-05,1,751,3531.68,22056.3,0.6322,0,Credit Card,2025-10-03,0
2611,2611,2025-12-02,18,809,5084.85,23221.72,0.6183,0,Medical,2026-03-02,0
2612,2612,2025-08-06,11,791,8743.45,20157.34,0.7646,1,Medical,2025-11-04,0
2613,2613,2025-01-16,35,492,4877.14,7254.86,0.6905,1,Personal Loan,2025-04-16,1
2614,2614,2025-05-31,49,659,2132.57,22233.09,0.6379,2,Medical,2025-08-29,1
2615,2615,2025-08-04,16,461,4872.88,1305.59,0.7763,1,Auto,2025-11-02,0
2616,2616,2025-06-20,30,688,11156.53,10858.69,0.4831,2,Auto,2025-09-18,0
2617,2617,2025-06-17,69,817,2491.58,9751.9,0.8685,1,Personal Loan,2025-09-15,0
2618,2618,2025-12-23,84,441,4506.95,13613.37,0.5495,1,Personal Loan,2026-03-23,1
2619,2619,2025-03-15,1,683,4016.43,14235.69,0.714,1,Auto,2025-06-13,0
2620,2620,2025-06-15,56,799,4643.15,6022.41,0.5402,1,Personal Loan,2025-09-13,0
2621,2621,2025-05-17,2,759,4853.3,5511.61,0.4994,1,Personal Loan,2025-08-15,0
2622,2622,2025-02-28,46,577,7427.82,20187.38,0.5382,0,Auto,2025-05-29,1
2623,2623,2025-12-29,79,461,4620.01,2366.82,0.4535,2,Medical,2026-03-29,1
2624,2624,2025-06-27,71,790,7901.18,12585.51,0.1159,3,Personal Loan,2025-09-25,1
2625,2625,2025-06-30,20,789,4217.74,5195.34,0.6275,2,Credit Card,2025-09-28,0
2626,2626,2025-11-27,23,652,3798.79,8329.4,0.581,1,Medical,2026-02-25,1
2627,2627,2025-04-11,70,812,3290.74,7293.71,0.5662,1,Medical,2025-07-10,0
2628,2628,2025-04-03,73,421,1963.16,17858.79,0.9303,1,Medical,2025-07-02,0
2629,2629,2025-11-14,25,667,5034.66,11672.5,0.6821,4,Auto,2026-02-12,0
2630,2630,2025-04-22,0,435,11207.07,7836.32,0.8079,4,Personal Loan,2025-07-21,1
2631,2631,2025-06-07,40,795,5465.47,20868.12,0.6109,2,Credit Card,2025-09-05,0
2632,2632,2025-04-09,55,692,6057.4,2601.98,0.4355,1,Personal Loan,2025-07-08,0
2633,2633,2025-04-10,39,786,3692.78,19275.84,0.8981,0,Auto,2025-07-09,0
2634,2634,2025-05-16,84,645,3984.03,6583.66,0.237,4,Medical,2025-08-14,0
2635,2635,2025-04-06,73,453,6926.35,22991.47,0.6875,0,Auto,2025-07-05,1
2636,2636,2025-06-22,70,430,10980.89,636.2,0.9466,0,Personal Loan,2025-09-20,0
2637,2637,2025-10-24,1,554,8686.94,14138.25,0.5846,2,Personal Loan,2026-01-22,0
2638,2638,2025-05-03,76,718,6389.17,15745.49,0.8611,1,Medical,2025-08-01,0
2639,2639,2025-04-11,67,480,4517.97,14643.86,0.4904,3,Medical,2025-07-10,1
2640,2640,2025-03-10,35,761,4887.19,20467.87,0.4063,0,Medical,2025-06-08,1
2641,2641,2025-06-05,53,516,3168.21,3248.02,0.9516,0,Auto,2025-09-03,0
2642,2642,2025-05-04,74,619,2317.69,10681.12,0.8662,0,Credit Card,2025-08-02,1
2643,2643,2025-05-26,81,501,2678.31,21661.55,0.3299,1,Personal Loan,2025-08-24,1
2644,2644,2025-06-01,49,606,4547.85,22274.01,0.3918,1,Personal Loan,2025-08-30,1
2645,2645,2025-07-26,3,601,3899.5,12709.44,0.7609,1,Personal Loan,2025-10-24,0
2646,2646,2025-06-28,55,422,2295.6,14170.19,0.9007,2,Credit Card,2025-09-26,1
2647,2647,2025-03-13,61,647,4373.0,19215.76,0.9598,2,Medical,2025-06-11,1
2648,2648,2025-08-28,5,735,3853.38,19600.45,0.69,6,Medical,2025-11-26,0
2649,2649,2025-07-26,73,795,2623.38,22257.99,0.6657,1,Medical,2025-10-24,1
2650,2650,2025-09-27,18,552,,21174.51,0.8172,1,Credit Card,2025-12-26,1
2651,2651,2025-10-17,80,773,3849.01,10653.37,0.4476,0,Personal Loan,2026-01-15,0
2652,2652,2025-10-29,49,772,3369.48,16418.96,0.7687,0,Auto,2026-01-27,1
2653,2653,2025-09-21,28,816,6748.0,12339.26,0.7682,2,Personal Loan,2025-12-20,0
2654,2654,2025-04-02,5,569,1888.79,3390.06,0.2429,1,Auto,2025-07-01,0
2655,2655,2025-02-11,1,761,1819.63,20631.18,0.3612,2,Medical,2025-05-12,0
2656,2656,2025-08-13,66,646,4453.65,15243.21,0.9452,1,Medical,2025-11-11,1
2657,2657,2025-03-08,33,443,4643.66,1921.13,0.8316,1,Medical,2025-06-06,0
2658,2658,2025-03-09,75,528,5334.21,17083.27,0.5904,2,Medical,2025-06-07,1
2659,2659,2025-08-31,20,689,3489.32,7435.98,0.9337,0,Personal Loan,2025-11-29,0
2660,2660,2025-08-15,82,484,2942.26,2197.0,0.9057,2,Personal Loan,2025-11-13,1
2661,2661,2025-03-05,84,594,4432.45,15361.43,0.4496,1,Auto,2025-06-03,1
2662,2662,2025-12-02,9,730,3645.65,18439.11,0.4505,0,Personal Loan,2026-03-02,0
2663,2663,2025-02-03,58,480,8937.24,13173.47,0.7184,2,Personal Loan,2025-05-04,1
2664,2664,2025-11-14,84,619,3843.34,638.38,0.3379,1,Personal Loan,2026-02-12,0
2665,2665,2025-10-23,29,506,4341.9,14633.63,0.7497,1,Credit Card,2026-01-21,1
2666,2666,2025-08-10,6,635,13547.24,661.92,0.9203,2,Personal Loan,2025-11-08,1
2667,2667,2025-05-04,78,516,4073.91,23197.0,0.5751,0,Auto,2025-08-02,1
2668,2668,2025-04-11,42,807,5711.69,7048.98,0.4196,2,Credit Card,2025-07-10,0
2669,2669,2025-07-21,2,450,5948.17,21839.66,0.5134,2,Medical,2025-10-19,0
2670,2670,2025-02-20,75,806,6180.35,796.68,0.6913,1,Auto,2025-05-21,0
2671,2671,2025-10-13,61,737,5065.81,2881.8,0.2701,3,Personal Loan,2026-01-11,1
2672,2672,2025-06-12,6,763,4852.4,11559.5,0.4412,2,Personal Loan,2025-09-10,0
2673,2673,2025-07-15,23,761,4652.46,19085.88,0.7945,0,Credit Card,2025-10-13,0
2674,2674,2025-05-26,1,495,3431.67,23592.76,0.4202,4,Credit Card,2025-08-24,0
2675,2675,2025-02-15,85,793,5148.62,13266.82,0.8302,0,Auto,2025-05-16,0
2676,2676,2025-09-04,2,658,11079.93,9208.79,0.6598,2,Personal Loan,2025-12-03,0
2677,2677,2025-09-06,71,805,7667.97,1591.59,0.6204,2,Medical,2025-12-05,0
2678,2678,2025-02-08,46,772,5098.81,14800.88,0.9754,0,Medical,2025-05-09,1
2679,2679,2025-05-04,52,652,6536.28,9811.07,0.8558,5,Medical,2025-08-02,0
2680,2680,2025-01-17,73,570,3007.52,22773.77,0.8129,3,Medical,2025-04-17,1
2681,2681,2025-05-04,80,467,,12261.45,0.2287,2,Medical,2025-08-02,1
2682,2682,2025-09-22,11,460,6812.62,19253.45,0.505,1,Personal Loan,2025-12-21,1
2683,2683,2025-07-27,1,576,8683.89,21281.16,0.4326,0,Auto,2025-10-25,1
2684,2684,2025-08-08,11,745,3143.56,2907.8,0.1803,0,Auto,2025-11-06,1
2685,2685,2025-08-06,61,622,3577.38,11300.73,0.6159,1,Personal Loan,2025-11-04,1
2686,2686,2025-05-10,51,613,11868.22,22396.08,0.6614,1,Auto,2025-08-08,0
2687,2687,2025-05-27,7,518,4643.94,10899.15,0.1612,0,Medical,2025-08-25,0
2688,2688,2025-09-29,21,646,10102.24,14346.28,0.5077,0,Credit Card,2025-12-28,0
2689,2689,2025-09-19,48,675,4880.9,21891.05,0.769,1,Personal Loan,2025-12-18,1
2690,2690,2025-06-11,65,813,4968.04,6198.54,0.2858,4,Credit Card,2025-09-09,1
2691,2691,2025-09-28,30,712,3875.88,22417.25,0.6686,1,Auto,2025-12-27,1
2692,2692,2025-10-16,85,663,6796.41,10227.2,0.4999,0,Medical,2026-01-14,1
2693,2693,2025-05-28,89,784,8192.71,15029.32,0.473,4,Credit Card,2025-08-26,0
2694,2694,2025-11-02,68,590,2791.26,8536.97,0.2771,0,Medical,2026-01-31,0
2695,2695,2025-02-26,40,794,3794.84,13414.42,0.5811,1,Medical,2025-05-27,1
2696,2696,2025-09-30,78,568,6712.89,1707.5,0.5056,2,Personal Loan,2025-12-29,0
2697,2697,2025-07-22,65,471,4195.23,2098.87,0.5405,1,Medical,2025-10-20,1
2698,2698,2025-12-07,46,587,3561.64,10660.71,0.6412,2,Personal Loan,2026-03-07,1
2699,2699,2025-03-13,39,471,7004.4,8706.32,0.6081,1,Medical,2025-06-11,1
2700,2700,2025-01-27,74,467,7306.75,15586.9,0.7007,0,Auto,2025-04-27,0
2701,2701,2025-01-19,50,773,3632.44,1428.8,0.7464,1,Auto,2025-04-19,0
2702,2702,2025-02-16,16,738,4893.02,4607.88,0.6095,2,Auto,2025-05-17,0
2703,2703,2025-07-15,89,508,2581.66,5635.0,0.517,1,Medical,2025-10-13,1
2704,2704,2025-10-16,6,755,2972.13,11292.05,0.663,2,Credit Card,2026-01-14,0
2705,2705,2025-10-30,62,447,4702.62,6547.45,0.3348,1,Medical,2026-01-28,1
2706,2706,2025-09-24,59,534,4510.36,3872.74,0.6466,2,Medical,2025-12-23,1
2707,2707,2025-04-16,52,703,2878.16,15140.56,0.5156,1,Personal Loan,2025-07-15,0
2708,2708,2025-06-05,4,541,3222.17,18724.86,0.2862,2,Medical,2025-09-03,0
2709,2709,2025-01-18,44,712,2753.78,17289.07,0.9238,3,Credit Card,2025-04-18,0
2710,2710,2025-07-14,80,770,5457.67,7266.41,0.81,2,Auto,2025-10-12,1
2711,2711,2025-10-06,21,446,1834.56,21433.9,0.9289,4,Auto,2026-01-04,0
2712,2712,2025-03-16,62,429,2820.84,15489.64,0.7034,1,Auto,2025-06-14,1
2713,2713,2025-07-06,77,796,1923.07,15559.33,0.5433,1,Credit Card,2025-10-04,0
2714,2714,2025-05-05,85,628,5369.87,5714.79,0.6364,2,Credit Card,2025-08-03,1
2715,2715,2025-11-24,46,623,1975.88,6434.22,0.4477,0,Auto,2026-02-22,0
2716,2716,2025-01-29,28,605,4511.02,12131.38,0.832,1,Auto,2025-04-29,0
2717,2717,2025-09-21,62,593,9300.15,6326.62,0.5027,0,Medical,2025-12-20,0
2718,2718,2025-01-13,43,696,9443.15,17357.9,0.6262,1,Auto,2025-04-13,1
2719,2719,2025-06-15,56,652,1973.06,8059.59,0.6741,1,Medical,2025-09-13,1
2720,2720,2025-08-29,66,485,5086.19,4221.95,0.6037,3,Credit Card,2025-11-27,0
2721,2721,2025-06-15,63,671,2849.68,4214.54,0.529,1,Medical,2025-09-13,1
2722,2722,2025-08-05,21,688,2599.54,3617.08,0.2651,1,Medical,2025-11-03,0
2723,2723,2025-08-31,68,465,4225.69,11273.88,0.651,2,Credit Card,2025-11-29,1
2724,2724,2025-09-13,48,571,7728.97,574.48,0.3326,0,Credit Card,2025-12-12,1
2725,2725,2025-01-07,83,736,5824.61,13788.12,0.3594,0,Medical,2025-04-07,1
2726,2726,2025-05-21,59,668,3223.38,7808.42,0.3802,1,Personal Loan,2025-08-19,1
2727,2727,2025-07-02,80,474,6107.45,14035.73,0.2611,0,Personal Loan,2025-09-30,0
2728,2728,2025-10-21,88,436,1620.24,23417.92,0.7918,0,Auto,2026-01-19,1
2729,2729,2025-08-16,89,653,3169.01,21791.67,0.5733,1,Credit Card,2025-11-14,0
2730,2730,2025-05-18,67,605,3069.44,14622.53,0.7791,1,Auto,2025-08-16,1
2731,2731,2025-10-22,53,805,4606.6,10742.72,0.2381,0,Medical,2026-01-20,0
2732,2732,2025-04-23,10,629,4059.14,17609.89,0.577,0,Credit Card,2025-07-22,0
2733,2733,2025-10-31,34,793,4172.78,23116.91,0.4354,1,Auto,2026-01-29,0
2734,2734,2025-08-07,42,505,4110.81,12493.9,0.5398,0,Medical,2025-11-05,0
2735,2735,2025-10-15,70,599,4492.13,2933.04,0.6061,0,Personal Loan,2026-01-13,1
2736,2736,2025-07-19,52,475,5670.65,19269.16,0.5576,1,Auto,2025-10-17,1
2737,2737,2025-10-13,39,650,4756.17,756.74,0.4642,3,Personal Loan,2026-01-11,1
2738,2738,2025-09-21,13,495,3912.93,19233.64,0.7223,2,Personal Loan,2025-12-20,1
2739,2739,2025-07-10,64,617,5328.3,2580.46,0.7966,0,Personal Loan,2025-10-08,0
2740,2740,2025-06-17,38,558,6449.49,3112.11,0.7334,1,Auto,2025-09-15,0
2741,2741,2025-06-16,3,494,3462.65,19651.82,0.4046,1,Medical,2025-09-14,1
2742,2742,2025-12-12,25,458,4329.77,17393.28,0.7185,4,Medical,2026-03-12,0
2743,2743,2025-08-07,79,625,7501.5,14266.63,0.4735,0,Personal Loan,2025-11-05,0
2744,2744,2025-06-28,10,799,2707.44,20604.34,0.7891,2,Credit Card,2025-09-26,0
2745,2745,2025-05-01,36,499,10017.77,21358.53,0.8664,1,Auto,2025-07-30,1
2746,2746,2025-01-06,46,582,2434.22,11709.05,0.7144,0,Medical,2025-04-06,1
2747,2747,2025-03-04,7,510,3806.96,24909.32,0.7744,0,Medical,2025-06-02,0
2748,2748,2025-07-30,14,744,2899.85,9260.71,0.8163,2,Personal Loan,2025-10-28,0
2749,2749,2025-01-18,84,586,11903.25,4701.94,0.585,0,Auto,2025-04-18,1
2750,2750,2025-10-06,53,810,3545.71,21226.42,0.2733,0,Medical,2026-01-04,0
2751,2751,2025-05-11,18,518,3549.71,10681.47,0.598,0,Auto,2025-08-09,0
2752,2752,2025-07-02,15,452,3763.72,21925.24,0.8533,0,Medical,2025-09-30,1
2753,2753,2025-07-27,38,653,4642.56,1998.58,0.3562,1,Medical,2025-10-25,1
2754,2754,2025-04-23,65,681,3836.06,3220.78,0.2859,1,Personal Loan,2025-07-22,0
2755,2755,2025-08-09,65,817,4188.93,1486.68,0.6116,0,Medical,2025-11-07,0
2756,2756,2025-07-20,17,769,908.56,15249.27,0.7524,1,Personal Loan,2025-10-18,1
2757,2757,2025-05-01,65,774,4562.94,20880.67,0.7422,0,Auto,2025-07-30,1
2758,2758,2025-09-04,80,674,4482.84,10365.19,0.6634,2,Personal Loan,2025-12-03,1
2759,2759,2025-04-11,20,564,7096.49,2722.04,0.5429,0,Auto,2025-07-10,0
2760,2760,2025-08-17,2,592,8015.06,9649.99,0.9292,1,Medical,2025-11-15,1
2761,2761,2025-01-08,86,473,4086.86,9027.13,0.1796,2,Medical,2025-04-08,1
2762,2762,2025-05-29,46,592,6420.83,16265.06,0.5158,1,Personal Loan,2025-08-27,1
2763,2763,2025-06-05,69,566,2708.89,16477.71,0.36,1,Credit Card,2025-09-03,1
2764,2764,2025-05-20,28,434,6281.12,3024.08,0.4947,1,Medical,2025-08-18,1
2765,2765,2025-11-16,26,501,3437.11,10794.33,0.6934,1,Credit Card,2026-02-14,1
2766,2766,2025-10-23,20,634,2609.43,16241.61,0.4737,1,Auto,2026-01-21,0
2767,2767,2025-09-18,19,568,4090.76,6842.1,0.554,0,Credit Card,2025-12-17,0
2768,2768,2025-04-06,42,818,8351.63,10473.47,0.669,0,Credit Card,2025-07-05,0
2769,2769,2025-05-26,9,611,4824.45,15535.53,0.6606,1,Medical,2025-08-24,0
2770,2770,2025-05-21,75,804,8720.39,10370.33,0.6753,1,Credit Card,2025-08-19,0
2771,2771,2025-09-23,46,684,3175.02,1256.09,0.3601,2,Personal Loan,2025-12-22,1
2772,2772,2025-08-30,82,436,7126.2,5954.09,0.7204,1,Personal Loan,2025-11-28,1
2773,2773,2025-02-22,45,501,3316.04,19513.98,0.6936,1,Personal Loan,2025-05-23,1
2774,2774,2025-06-01,27,703,4921.64,6588.35,0.2357,0,Medical,2025-08-30,0
2775,2775,2025-08-05,46,638,4902.53,20533.93,0.6132,1,Medical,2025-11-03,0
2776,2776,2025-05-25,13,541,5988.95,11939.24,0.8707,0,Credit Card,2025-08-23,1
2777,2777,2025-01-23,74,629,4978.25,12086.57,0.8439,1,Personal Loan,2025-04-23,0
2778,2778,2025-02-15,64,782,3188.69,19377.65,0.8795,5,Personal Loan,2025-05-16,1
2779,2779,2025-12-24,13,575,6608.67,9890.69,0.4308,2,Credit Card,2026-03-24,1
2780,2780,2025-07-07,52,438,9693.84,6342.77,0.7508,2,Personal Loan,2025-10-05,1
2781,2781,2025-02-21,48,544,3419.63,3073.29,0.4253,4,Personal Loan,2025-05-22,1
2782,2782,2025-12-28,18,795,1947.2,16961.79,0.4765,1,Personal Loan,2026-03-28,0
2783,2783,2025-12-10,10,725,5567.46,12013.59,0.9102,0,Personal Loan,2026-03-10,0
2784,2784,2025-11-09,68,755,3831.34,20330.47,0.2127,2,Credit Card,2026-02-07,1
2785,2785,2025-07-20,23,785,,11713.03,0.8337,2,Medical,2025-10-18,1
2786,2786,2025-10-14,46,467,5711.75,10662.86,0.6894,1,Credit Card,2026-01-12,1
2787,2787,2025-12-27,22,533,3621.43,7821.88,0.7611,3,Auto,2026-03-27,1
2788,2788,2025-06-27,58,443,3940.32,5385.98,0.7392,1,Medical,2025-09-25,0
2789,2789,2025-12-29,4,421,4251.16,20845.71,0.8339,0,Medical,2026-03-29,1
2790,2790,2025-10-28,32,754,8616.11,2832.68,0.5027,3,Credit Card,2026-01-26,1
2791,2791,2025-08-18,49,795,4507.65,22602.13,0.4838,2,Medical,2025-11-16,0
2792,2792,2025-11-30,39,482,2550.25,1159.27,0.7445,1,Personal Loan,2026-02-28,1
2793,2793,2025-05-27,55,709,2596.33,13295.18,0.8506,1,Credit Card,2025-08-25,1
2794,2794,2025-03-21,16,634,4734.6,1929.05,0.5601,0,Credit Card,2025-06-19,0
2795,2795,2025-12-15,39,447,2675.14,19600.37,0.4439,2,Credit Card,2026-03-15,1
2796,2796,2025-07-01,68,787,2201.65,5681.66,0.7463,1,Credit Card,2025-09-29,1
2797,2797,2025-09-08,30,769,5919.4,14365.1,0.6686,1,Auto,2025-12-07,0
2798,2798,2025-11-09,14,647,6051.28,22952.93,0.6755,1,Credit Card,2026-02-07,1
2799,2799,2025-02-26,76,703,3768.15,16406.84,0.8139,1,Credit Card,2025-05-27,0
2800,2800,2025-10-27,70,579,5075.33,4868.84,0.6574,1,Auto,2026-01-25,0
2801,2801,2025-09-13,61,737,4839.93,20018.61,0.831,2,Medical,2025-12-12,1
2802,2802,2025-11-19,71,598,5831.85,11316.25,0.5959,2,Medical,2026-02-17,1
2803,2803,2025-03-19,70,816,5837.96,822.83,0.6328,0,Medical,2025-06-17,0
2804,2804,2025-12-16,67,445,1376.63,12425.74,0.5479,4,Auto,2026-03-16,1
2805,2805,2025-02-17,45,489,3990.91,20405.87,0.8606,2,Personal Loan,2025-05-18,1
2806,2806,2025-04-15,1,808,5614.21,11033.96,0.2146,1,Auto,2025-07-14,0
2807,2807,2025-07-08,53,535,3697.06,19081.49,0.3468,1,Personal Loan,2025-10-06,1
2808,2808,2025-08-02,24,544,4520.11,17785.38,0.2282,1,Medical,2025-10-31,0
2809,2809,2025-11-14,69,737,6234.26,11694.35,0.7784,2,Auto,2026-02-12,1
2810,2810,2025-02-28,42,495,4612.0,8420.42,0.8883,0,Auto,2025-05-29,1
2811,2811,2025-12-08,81,625,8765.37,18300.23,0.6021,1,Medical,2026-03-08,1
2812,2812,2025-07-11,53,534,7384.54,9538.5,0.2947,3,Personal Loan,2025-10-09,0
2813,2813,2025-09-04,49,499,4216.02,4667.13,0.9087,0,Personal Loan,2025-12-03,1
2814,2814,2025-01-27,82,806,4067.89,8361.15,0.5927,1,Personal Loan,2025-04-27,0
2815,2815,2025-03-04,42,500,,21982.56,0.5996,2,Credit Card,2025-06-02,1
2816,2816,2025-06-03,33,457,3839.41,7443.03,0.8904,1,Medical,2025-09-01,0
2817,2817,2025-07-18,33,690,2418.81,6256.53,0.522,1,Medical,2025-10-16,1
2818,2818,2025-07-10,78,767,4912.57,3768.79,0.6035,0,Credit Card,2025-10-08,0
2819,2819,2025-02-28,68,471,4763.76,1851.86,0.4165,0,Auto,2025-05-29,0
2820,2820,2025-09-12,14,703,6082.28,24428.96,0.7988,1,Personal Loan,2025-12-11,1
2821,2821,2025-03-24,44,636,8337.36,13651.03,0.6126,3,Medical,2025-06-22,0
2822,2822,2025-03-20,33,752,4394.81,18376.29,0.7289,0,Credit Card,2025-06-18,1
2823,2823,2025-02-06,58,470,12409.12,19437.85,0.6951,0,Credit Card,2025-05-07,1
2824,2824,2025-11-17,4,811,4937.44,9131.77,0.697,1,Auto,2026-02-15,0
2825,2825,2025-09-07,64,668,2466.12,20073.19,0.895,1,Credit Card,2025-12-06,1
2826,2826,2025-01-11,66,757,3453.24,24056.36,0.6652,1,Auto,2025-04-11,0
2827,2827,2025-02-17,20,565,3760.34,18673.17,0.6034,1,Personal Loan,2025-05-18,1
2828,2828,2025-08-13,13,798,5804.9,17937.46,0.8507,1,Medical,2025-11-11,0
2829,2829,2025-08-25,56,671,2903.69,11089.73,0.3825,3,Credit Card,2025-11-23,0
2830,2830,2025-11-30,23,470,3889.01,21112.34,0.3129,3,Personal Loan,2026-02-28,0
2831,2831,2025-12-16,84,790,4136.2,2676.52,0.7519,0,Auto,2026-03-16,0
2832,2832,2025-11-12,69,739,3634.93,18867.25,0.6469,3,Personal Loan,2026-02-10,0
2833,2833,2025-11-05,85,540,6406.94,9368.84,0.2046,2,Credit Card,2026-02-03,0
2834,2834,2025-07-11,48,638,5934.84,14366.36,0.5393,2,Credit Card,2025-10-09,1
2835,2835,2025-12-12,84,575,7517.25,22377.61,0.5623,0,Medical,2026-03-12,0
2836,2836,2025-02-22,1,637,3831.6,15322.98,0.7261,0,Auto,2025-05-23,1
2837,2837,2025-08-06,26,807,7639.88,1126.75,0.7668,1,Medical,2025-11-04,0
2838,2838,2025-02-05,0,780,2407.16,18203.82,0.3702,2,Auto,2025-05-06,1
2839,2839,2025-10-08,60,506,2380.88,23261.1,0.8091,1,Credit Card,2026-01-06,1
2840,2840,2025-09-17,45,809,2575.47,16229.29,0.7987,0,Credit Card,2025-12-16,0
2841,2841,2025-12-27,25,595,4465.54,21604.79,0.6186,1,Auto,2026-03-27,0
2842,2842,2025-02-15,27,702,7639.37,20719.75,0.9395,1,Auto,2025-05-16,1
2843,2843,2025-09-17,57,726,3391.53,21601.66,0.6622,2,Credit Card,2025-12-16,1
2844,2844,2025-01-22,16,613,3588.49,8930.46,0.7315,1,Auto,2025-04-22,1
2845,2845,2025-02-01,46,603,4035.12,12117.01,0.64,0,Personal Loan,2025-05-02,0
2846,2846,2025-06-13,55,603,5754.7,21276.82,0.667,0,Auto,2025-09-11,1
2847,2847,2025-12-15,21,765,3586.99,22804.77,0.726,0,Credit Card,2026-03-15,0
2848,2848,2025-03-09,20,574,3498.05,4097.62,0.7092,0,Medical,2025-06-07,0
2849,2849,2025-04-24,31,532,2427.39,4947.54,0.8222,1,Credit Card,2025-07-23,0
2850,2850,2025-10-22,53,565,3438.28,8997.33,0.8192,0,Personal Loan,2026-01-20,0
2851,2851,2025-12-27,22,498,7554.19,19372.3,0.6091,0,Credit Card,2026-03-27,1
2852,2852,2025-07-17,34,576,4632.8,21937.04,0.5308,1,Medical,2025-10-15,1
2853,2853,2025-05-04,48,465,3187.73,14715.88,0.2922,1,Personal Loan,2025-08-02,1
2854,2854,2025-11-09,16,455,7756.33,3275.07,0.7384,2,Medical,2026-02-07,1
2855,2855,2025-07-04,51,710,3417.46,7941.83,0.8601,2,Auto,2025-10-02,0
2856,2856,2025-05-23,12,451,8425.18,21497.06,0.8335,0,Credit Card,2025-08-21,0
2857,2857,2025-03-26,12,647,8363.42,9015.1,0.9065,0,Credit Card,2025-06-24,0
2858,2858,2025-12-03,21,732,4560.58,3018.78,0.7051,2,Medical,2026-03-03,0
2859,2859,2025-06-12,25,710,2265.73,7900.68,0.1812,0,Medical,2025-09-10,0
2860,2860,2025-12-23,2,598,12459.96,20264.31,0.4801,0,Personal Loan,2026-03-23,1
2861,2861,2025-03-12,86,497,5293.71,12590.25,0.5865,1,Medical,2025-06-10,0
2862,2862,2025-07-21,27,793,3843.93,4703.53,0.815,1,Medical,2025-10-19,0
2863,2863,2025-06-05,72,754,6838.05,8159.49,0.5604,4,Credit Card,2025-09-03,0
2864,2864,2025-03-10,81,665,6099.95,23862.74,0.9814,2,Medical,2025-06-08,1
2865,2865,2025-12-25,72,454,8021.83,11082.96,0.5486,1,Medical,2026-03-25,1
2866,2866,2025-01-20,74,434,3300.88,11319.18,0.7322,0,Medical,2025-04-20,1
2867,2867,2025-01-07,9,546,5132.32,4250.21,0.8352,0,Personal Loan,2025-04-07,0
2868,2868,2025-12-02,33,483,2608.05,7961.58,0.2556,2,Personal Loan,2026-03-02,1
2869,2869,2025-04-03,67,765,6002.01,20459.81,0.1975,0,Auto,2025-07-02,0
2870,2870,2025-07-05,51,502,4401.39,19761.87,0.51,0,Auto,2025-10-03,1
2871,2871,2025-02-07,0,533,5046.52,11169.72,0.8097,0,Credit Card,2025-05-08,0
2872,2872,2025-03-15,51,811,4163.63,22394.48,0.4785,0,Personal Loan,2025-06-13,1
2873,2873,2025-11-01,72,748,3972.12,9816.34,0.6822,0,Auto,2026-01-30,1
2874,2874,2025-05-17,74,507,3008.8,21676.07,0.9092,0,Medical,2025-08-15,1
2875,2875,2025-11-04,34,573,6346.72,1273.36,0.4232,2,Credit Card,2026-02-02,0
2876,2876,2025-12-06,21,626,8693.81,9007.14,0.208,2,Credit Card,2026-03-06,1
2877,2877,2025-12-22,27,686,3461.65,21449.18,0.6059,2,Medical,2026-03-22,1
2878,2878,2025-12-17,26,795,5704.97,22582.08,0.3834,0,Auto,2026-03-17,0
2879,2879,2025-06-02,31,769,,19032.39,0.6948,0,Personal Loan,2025-08-31,0
2880,2880,2025-03-17,27,811,4463.3,16911.71,0.4369,2,Auto,2025-06-15,1
2881,2881,2025-10-04,41,436,2237.32,20479.87,0.8055,3,Credit Card,2026-01-02,1
2882,2882,2025-07-04,3,514,2475.71,17835.18,0.8759,2,Auto,2025-10-02,1
2883,2883,2025-02-24,24,645,3129.28,6728.41,0.2826,1,Credit Card,2025-05-25,1
2884,2884,2025-10-22,28,439,1698.41,11922.8,0.3421,2,Personal Loan,2026-01-20,1
2885,2885,2025-11-11,13,562,8380.09,16687.27,0.8365,0,Credit Card,2026-02-09,1
2886,2886,2025-09-21,79,481,5247.29,14901.17,0.2538,0,Medical,2025-12-20,0
2887,2887,2025-06-22,60,794,4387.51,22184.89,0.6227,1,Auto,2025-09-20,1
2888,2888,2025-08-28,82,445,1659.7,12109.19,0.2626,1,Credit Card,2025-11-26,1
2889,2889,2025-02-21,50,479,1957.18,4860.69,0.5796,2,Auto,2025-05-22,1
2890,2890,2025-10-30,9,498,4442.38,5757.26,0.8539,2,Auto,2026-01-28,1
2891,2891,2025-11-24,81,479,,21228.39,0.8505,0,Credit Card,2026-02-22,1
2892,2892,2025-10-25,41,647,3247.4,713.66,0.3931,1,Auto,2026-01-23,0
2893,2893,2025-06-11,61,566,6559.76,21793.69,0.2768,1,Auto,2025-09-09,0
2894,2894,2025-08-09,34,785,3583.32,1861.91,0.5869,3,Personal Loan,2025-11-07,0
2895,2895,2025-01-07,44,524,4559.0,10095.63,0.274,0,Medical,2025-04-07,0
2896,2896,2025-06-29,44,635,7681.79,20104.32,0.4378,1,Auto,2025-09-27,1
2897,2897,2025-08-04,25,684,3805.95,10486.58,0.3308,1,Medical,2025-11-02,0
2898,2898,2025-10-26,49,671,3259.9,20647.53,0.2089,2,Credit Card,2026-01-24,1
2899,2899,2025-11-24,66,739,8418.04,2957.32,0.0608,1,Personal Loan,2026-02-22,0
2900,2900,2025-10-06,1,500,4539.18,13032.78,0.6939,0,Credit Card,2026-01-04,0
2901,2901,2025-03-02,11,623,7266.59,14770.61,0.3144,2,Credit Card,2025-05-31,0
2902,2902,2025-03-13,75,741,3267.03,22326.28,0.8978,2,Personal Loan,2025-06-11,1
2903,2903,2025-11-17,51,766,8374.98,2793.72,0.6993,1,Credit Card,2026-02-15,1
2904,2904,2025-07-04,87,667,5029.78,8795.72,0.6307,1,Credit Card,2025-10-02,1
2905,2905,2025-10-22,54,681,5408.11,16654.03,0.7034,0,Medical,2026-01-20,0
2906,2906,2025-08-05,58,766,4718.44,24508.29,0.5521,0,Personal Loan,2025-11-03,0
2907,2907,2025-01-17,80,670,3542.32,21282.72,0.5773,0,Personal Loan,2025-04-17,1
2908,2908,2025-12-19,59,800,4443.7,21239.13,0.9541,1,Medical,2026-03-19,0
2909,2909,2025-11-16,29,471,3643.99,13170.97,0.9052,1,Personal Loan,2026-02-14,1
2910,2910,2025-06-24,47,559,6848.57,14325.33,0.6091,0,Credit Card,2025-09-22,1
2911,2911,2025-04-09,21,464,,21535.21,0.3599,0,Medical,2025-07-08,1
2912,2912,2025-04-10,30,456,2267.81,21805.83,0.7597,1,Auto,2025-07-09,0
2913,2913,2025-10-23,61,609,2088.62,20155.73,0.4497,1,Medical,2026-01-21,1
2914,2914,2025-03-11,13,510,2044.64,20555.0,0.4772,0,Medical,2025-06-09,1
2915,2915,2025-08-03,60,583,5872.8,22050.93,0.5893,0,Credit Card,2025-11-01,1
2916,2916,2025-12-07,52,595,2648.7,3287.66,0.761,4,Medical,2026-03-07,1
2917,2917,2025-07-09,27,668,5090.03,7669.66,0.7154,2,Credit Card,2025-10-07,0
2918,2918,2025-07-20,4,799,4728.95,24414.78,0.641,2,Medical,2025-10-18,0
2919,2919,2025-06-11,63,760,4319.44,13847.02,0.4582,0,Personal Loan,2025-09-09,1
2920,2920,2025-04-02,74,571,5416.92,4823.36,0.7629,0,Credit Card,2025-07-01,0
2921,2921,2025-04-06,65,550,4775.42,12824.86,0.3751,1,Medical,2025-07-05,0
2922,2922,2025-06-03,37,729,1313.72,16321.71,0.6561,0,Auto,2025-09-01,1
2923,2923,2025-06-17,58,469,,20791.44,0.6442,0,Auto,2025-09-15,0
2924,2924,2025-01-11,37,636,5384.59,20398.33,0.7789,2,Medical,2025-04-11,1
2925,2925,2025-11-04,32,589,9303.33,1706.42,0.4301,1,Personal Loan,2026-02-02,0
2926,2926,2025-01-02,29,493,9498.66,11611.36,0.7319,1,Credit Card,2025-04-02,0
2927,2927,2025-03-26,18,667,2408.07,1003.94,0.7946,0,Medical,2025-06-24,0
2928,2928,2025-05-06,87,548,3799.5,22259.83,0.353,1,Credit Card,2025-08-04,0
2929,2929,2025-12-08,59,494,2197.88,4760.7,0.4981,1,Personal Loan,2026-03-08,0
2930,2930,2025-09-16,15,681,8812.69,15809.43,0.7119,3,Auto,2025-12-15,0
2931,2931,2025-03-01,77,489,7014.85,14480.15,0.5461,3,Medical,2025-05-30,1
2932,2932,2025-09-25,13,689,5207.03,15825.47,0.925,0,Credit Card,2025-12-24,0
2933,2933,2025-07-01,53,484,4792.19,14303.71,0.5,1,Personal Loan,2025-09-29,1
2934,2934,2025-01-02,14,594,8277.4,18031.92,0.7251,0,Auto,2025-04-02,0
2935,2935,2025-06-01,32,744,7670.19,15839.69,0.2808,0,Auto,2025-08-30,0
2936,2936,2025-09-07,59,511,7488.47,2712.36,0.7145,0,Personal Loan,2025-12-06,1
2937,2937,2025-06-28,89,727,5461.65,9485.81,0.6023,2,Auto,2025-09-26,1
2938,2938,2025-10-04,89,709,3800.35,13891.54,0.7653,2,Auto,2026-01-02,0
2939,2939,2025-12-28,80,781,6280.51,8467.34,0.4698,2,Auto,2026-03-28,0
2940,2940,2025-03-26,21,487,6420.29,19128.11,0.8811,1,Auto,2025-06-24,0
2941,2941,2025-08-01,8,706,4081.47,8288.49,0.7701,1,Medical,2025-10-30,0
2942,2942,2025-02-25,81,795,3796.89,20802.76,0.3066,4,Auto,2025-05-26,0
2943,2943,2025-05-27,83,725,7405.59,4094.98,0.7432,2,Auto,2025-08-25,0
2944,2944,2025-09-15,25,495,9403.64,19350.12,0.2707,2,Medical,2025-12-14,0
2945,2945,2025-06-23,1,749,3174.08,4994.9,0.3417,1,Credit Card,2025-09-21,0
2946,2946,2025-07-27,58,463,3950.04,13436.37,0.4243,1,Medical,2025-10-25,1
2947,2947,2025-06-24,6,656,5207.84,8352.85,0.494,2,Credit Card,2025-09-22,0
2948,2948,2025-05-25,3,619,5535.68,16114.69,0.5798,1,Credit Card,2025-08-23,0
2949,2949,2025-09-28,84,632,3515.49,5712.14,0.5386,4,Auto,2025-12-27,1
2950,2950,2025-07-31,44,628,10379.46,19987.54,0.5311,2,Credit Card,2025-10-29,1
2951,2951,2025-04-10,10,432,5377.31,14552.8,0.7744,0,Auto,2025-07-09,0
2952,2952,2025-10-23,58,623,5648.37,23953.19,0.7033,3,Medical,2026-01-21,0
2953,2953,2025-09-30,33,795,9813.34,17938.37,0.8058,3,Credit Card,2025-12-29,0
2954,2954,2025-02-03,48,595,3633.39,15381.19,0.7737,5,Credit Card,2025-05-04,1
2955,2955,2025-08-22,80,531,4273.57,20814.39,0.3638,0,Credit Card,2025-11-20,1
2956,2956,2025-07-07,21,818,2530.08,5882.22,0.5153,3,Auto,2025-10-05,0
2957,2957,2025-08-17,58,459,4115.2,16002.19,0.1856,0,Auto,2025-11-15,1
2958,2958,2025-04-11,74,614,2275.56,10064.89,0.252,0,Credit Card,2025-07-10,1
2959,2959,2025-01-31,38,625,6226.27,18722.88,0.7126,1,Medical,2025-05-01,0
2960,2960,2025-04-14,87,611,5372.23,1099.5,0.5761,2,Auto,2025-07-13,0
2961,2961,2025-07-08,40,789,3925.77,10978.95,0.0994,0,Credit Card,2025-10-06,0
2962,2962,2025-10-10,41,589,4250.57,16466.7,0.4038,2,Medical,2026-01-08,0
2963,2963,2025-05-01,79,810,6264.54,11785.66,0.6958,0,Personal Loan,2025-07-30,0
2964,2964,2025-08-26,57,446,2667.49,6330.3,0.8497,0,Credit Card,2025-11-24,0
2965,2965,2025-09-09,78,714,4875.0,11876.56,0.878,4,Medical,2025-12-08,1
2966,2966,2025-11-20,71,657,6092.29,21318.74,0.6824,1,Auto,2026-02-18,0
2967,2967,2025-10-07,64,516,,5567.56,0.6313,1,Medical,2026-01-05,1
2968,2968,2025-05-14,21,511,6052.47,9495.72,0.7707,0,Personal Loan,2025-08-12,1
2969,2969,2025-06-12,35,708,2093.67,24763.22,0.1756,0,Medical,2025-09-10,0
2970,2970,2025-07-04,77,675,4217.86,22864.02,0.7042,0,Auto,2025-10-02,0
2971,2971,2025-04-28,55,665,2634.57,1332.22,0.5057,0,Credit Card,2025-07-27,0
2972,2972,2025-02-22,25,440,8468.1,13493.13,0.7295,2,Medical,2025-05-23,1
2973,2973,2025-07-24,29,659,2642.01,2102.62,0.7577,0,Medical,2025-10-22,1
2974,2974,2025-11-08,69,813,2116.28,23135.67,0.7946,2,Credit Card,2026-02-06,0
2975,2975,2025-06-22,16,426,4722.1,11317.85,0.8718,4,Credit Card,2025-09-20,1
2976,2976,2025-08-14,10,608,3691.67,10751.71,0.6532,0,Auto,2025-11-12,1
2977,2977,2025-08-21,68,618,2259.57,7187.18,0.301,3,Auto,2025-11-19,1
2978,2978,2025-11-29,25,779,5634.24,14436.07,0.7371,0,Medical,2026-02-27,1
2979,2979,2025-07-30,68,533,1814.97,4052.47,0.6071,2,Personal Loan,2025-10-28,1
2980,2980,2025-08-19,48,610,2789.71,20074.4,0.8063,1,Credit Card,2025-11-17,1
2981,2981,2025-11-30,89,707,3432.87,12534.65,0.2899,0,Auto,2026-02-28,0
2982,2982,2025-02-18,47,444,6380.49,14378.34,0.2342,0,Credit Card,2025-05-19,1
2983,2983,2025-02-25,78,741,7966.18,21099.72,0.4836,0,Personal Loan,2025-05-26,0
2984,2984,2025-07-25,76,749,7304.54,5036.14,0.2345,1,Personal Loan,2025-10-23,0
2985,2985,2025-11-11,19,708,4150.68,4791.99,0.8362,0,Personal Loan,2026-02-09,0
2986,2986,2025-12-13,89,679,1491.76,10809.64,0.8441,2,Auto,2026-03-13,1
2987,2987,2025-05-30,67,719,5302.24,19760.14,0.3844,2,Personal Loan,2025-08-28,0
2988,2988,2025-03-03,9,733,8619.29,1934.37,0.8223,0,Credit Card,2025-06-01,0
2989,2989,2025-09-14,0,782,7748.12,19981.67,0.2874,0,Auto,2025-12-13,0
2990,2990,2025-04-30,24,591,5477.08,12768.54,0.8151,1,Personal Loan,2025-07-29,0
2991,2991,2025-03-11,1,602,2603.79,14263.2,0.6865,0,Credit Card,2025-06-09,1
2992,2992,2025-08-24,32,675,3510.84,14327.46,0.8724,0,Personal Loan,2025-11-22,0
2993,2993,2025-10-26,89,497,10617.05,1876.1,0.6101,2,Medical,2026-01-24,1
2994,2994,2025-07-27,43,763,2350.71,6619.38,0.3409,1,Personal Loan,2025-10-25,1
2995,2995,2025-05-02,2,728,2653.07,19004.79,0.7193,0,Credit Card,2025-07-31,0
2996,2996,2025-03-08,44,673,6796.4,10600.57,0.4443,0,Auto,2025-06-06,1
2997,2997,2025-12-05,19,540,3662.78,14232.67,0.505,0,Personal Loan,2026-03-05,1
2998,2998,2025-02-28,77,559,2612.88,23649.28,0.6916,2,Personal Loan,2025-05-29,1
2999,2999,2025-08-26,8,594,8844.82,1633.66,0.8356,1,Medical,2025-11-24,0
3000,3000,2025-02-23,69,685,5472.41,11517.17,0.3297,1,Medical,2025-05-24,0
3001,3001,2025-07-01,40,731,3745.05,9351.22,0.9432,0,Personal Loan,2025-09-29,1
3002,3002,2025-07-15,1,689,2655.53,3108.01,0.4093,1,Medical,2025-10-13,0
3003,3003,2025-10-30,60,792,11173.87,23794.46,0.7676,0,Auto,2026-01-28,0
3004,3004,2025-11-29,40,805,4398.4,24055.76,0.6489,1,Personal Loan,2026-02-27,0
3005,3005,2025-11-17,69,702,8339.83,8131.46,0.1322,2,Auto,2026-02-15,0
3006,3006,2025-07-03,55,568,6648.42,23694.56,0.8946,0,Personal Loan,2025-10-01,0
3007,3007,2025-07-08,70,660,3517.81,1361.75,0.8456,1,Personal Loan,2025-10-06,0
3008,3008,2025-05-30,41,590,3530.44,24531.95,0.5466,1,Personal Loan,2025-08-28,0
3009,3009,2025-03-19,0,672,8525.71,20980.33,0.7499,3,Personal Loan,2025-06-17,1
3010,3010,2025-03-18,11,745,8588.1,5751.09,0.8918,0,Medical,2025-06-16,1
3011,3011,2025-02-27,41,568,1911.01,15188.91,0.3623,0,Personal Loan,2025-05-28,1
3012,3012,2025-11-20,35,622,5695.33,20058.33,0.2003,0,Credit Card,2026-02-18,0
3013,3013,2025-09-23,71,438,4210.99,8322.82,0.9066,2,Personal Loan,2025-12-22,1
3014,3014,2025-12-27,37,715,2793.37,9166.92,0.7155,1,Auto,2026-03-27,1
3015,3015,2025-04-29,77,616,,15909.83,0.5857,1,Personal Loan,2025-07-28,0
3016,3016,2025-09-17,16,604,2422.81,4103.8,0.5618,1,Credit Card,2025-12-16,1
3017,3017,2025-01-13,34,633,3605.07,3396.16,0.604,0,Medical,2025-04-13,0
3018,3018,2025-07-08,68,506,3104.74,6620.23,0.7094,4,Medical,2025-10-06,1
3019,3019,2025-05-27,11,659,3551.39,18660.86,0.6521,1,Personal Loan,2025-08-25,1
3020,3020,2025-11-30,28,718,4306.3,9481.68,0.9948,0,Medical,2026-02-28,1
3021,3021,2025-06-12,67,560,2815.78,12930.28,0.6251,2,Medical,2025-09-10,1
3022,3022,2025-07-11,53,472,9026.6,5288.54,0.6008,1,Credit Card,2025-10-09,0
3023,3023,2025-11-14,70,575,5552.36,5255.59,0.4837,2,Credit Card,2026-02-12,0
3024,3024,2025-05-07,46,499,9972.17,16436.06,0.7287,2,Medical,2025-08-05,0
3025,3025,2025-11-30,77,569,,3155.19,0.7655,3,Credit Card,2026-02-28,1
3026,3026,2025-03-10,78,671,3473.94,16862.1,0.9693,1,Personal Loan,2025-06-08,1
3027,3027,2025-11-04,87,465,9811.27,10317.2,0.4485,1,Medical,2026-02-02,0
3028,3028,2025-02-20,10,719,3428.48,16946.14,0.1618,0,Medical,2025-05-21,0
3029,3029,2025-07-23,53,510,4104.21,9852.37,0.3927,1,Medical,2025-10-21,1
3030,3030,2025-06-13,10,778,6148.86,21228.28,0.5151,1,Medical,2025-09-11,0
3031,3031,2025-02-13,20,713,2547.9,1861.13,0.5274,0,Credit Card,2025-05-14,0
3032,3032,2025-05-23,27,529,6124.69,22385.78,0.5357,2,Credit Card,2025-08-21,0
3033,3033,2025-02-12,58,645,5782.01,7082.2,0.9119,0,Medical,2025-05-13,1
3034,3034,2025-03-17,38,464,7873.02,1542.28,0.8344,0,Auto,2025-06-15,1
3035,3035,2025-09-25,77,459,6637.69,14278.91,0.8392,1,Credit Card,2025-12-24,1
3036,3036,2025-07-05,26,803,7982.37,5996.68,0.7167,2,Auto,2025-10-03,0
3037,3037,2025-09-02,55,741,4231.49,11750.48,0.3493,3,Credit Card,2025-12-01,0
3038,3038,2025-09-23,68,481,3016.34,20156.7,0.3116,0,Personal Loan,2025-12-22,1
3039,3039,2025-09-15,88,533,11493.0,19892.9,0.7858,1,Medical,2025-12-14,1
3040,3040,2025-08-13,22,499,2237.21,15209.45,0.5431,1,Personal Loan,2025-11-11,0
3041,3041,2025-07-14,66,578,2340.38,24457.86,0.468,1,Personal Loan,2025-10-12,1
3042,3042,2025-10-10,7,536,5734.8,11861.9,0.6628,0,Auto,2026-01-08,1
3043,3043,2025-11-17,48,551,,1465.02,0.3289,0,Personal Loan,2026-02-15,0
3044,3044,2025-10-23,37,632,4843.04,20575.92,0.1647,1,Personal Loan,2026-01-21,0
3045,3045,2025-06-07,86,495,6972.2,5921.7,0.8459,2,Auto,2025-09-05,1
3046,3046,2025-02-19,69,774,1811.46,4817.85,0.8046,1,Auto,2025-05-20,0
3047,3047,2025-05-02,83,711,3551.78,2215.24,0.3374,0,Credit Card,2025-07-31,1
3048,3048,2025-12-29,76,724,1913.57,8533.55,0.7665,2,Auto,2026-03-29,1
3049,3049,2025-09-09,36,487,6318.17,8490.89,0.86,0,Personal Loan,2025-12-08,0
3050,3050,2025-03-01,66,703,2216.64,7917.9,0.2993,1,Medical,2025-05-30,0
3051,3051,2025-05-15,2,755,2502.34,15033.23,0.885,3,Credit Card,2025-08-13,0
3052,3052,2025-09-27,50,490,5604.42,18912.78,0.8032,3,Personal Loan,2025-12-26,1
3053,3053,2025-12-06,4,721,7171.15,23475.28,0.3423,0,Personal Loan,2026-03-06,1
3054,3054,2025-07-27,65,563,4140.05,2804.23,0.5891,2,Medical,2025-10-25,1
3055,3055,2025-11-17,87,735,5747.83,4184.35,0.4578,1,Credit Card,2026-02-15,0
3056,3056,2025-07-09,61,611,5664.67,14951.14,0.8324,3,Credit Card,2025-10-07,0
3057,3057,2025-10-17,75,741,4036.2,2904.32,0.4259,0,Medical,2026-01-15,0
3058,3058,2025-11-26,21,479,2717.27,9583.72,0.9808,2,Credit Card,2026-02-24,1
3059,3059,2025-08-03,89,576,5734.19,15801.53,0.8338,0,Credit Card,2025-11-01,1
3060,3060,2025-10-16,49,529,5859.93,19623.35,0.6821,2,Auto,2026-01-14,1
3061,3061,2025-03-13,60,519,6649.59,5831.18,0.2664,2,Auto,2025-06-11,1
3062,3062,2025-01-21,69,543,5117.54,16865.65,0.7039,6,Credit Card,2025-04-21,1
3063,3063,2025-06-29,57,573,2628.52,16323.81,0.8416,1,Credit Card,2025-09-27,1
3064,3064,2025-08-18,28,471,6067.2,21560.6,0.4258,0,Personal Loan,2025-11-16,0
3065,3065,2025-04-25,55,703,4444.3,8186.81,0.9854,1,Credit Card,2025-07-24,0
3066,3066,2025-06-30,58,640,3578.75,18877.25,0.659,0,Personal Loan,2025-09-28,0
3067,3067,2025-06-10,77,752,3894.86,18924.0,0.6056,2,Auto,2025-09-08,0
3068,3068,2025-05-31,43,702,3259.68,6360.27,0.572,2,Credit Card,2025-08-29,0
3069,3069,2025-10-05,45,479,6634.11,15718.37,0.3929,1,Medical,2026-01-03,1
3070,3070,2025-01-13,45,448,2349.24,17041.47,0.4852,1,Credit Card,2025-04-13,1
3071,3071,2025-03-15,10,589,2843.9,7223.5,0.5719,1,Credit Card,2025-06-13,0
3072,3072,2025-11-17,8,612,3835.49,11569.1,0.653,0,Personal Loan,2026-02-15,0
3073,3073,2025-11-24,1,516,9192.91,11176.55,0.6406,2,Credit Card,2026-02-22,0
3074,3074,2025-04-30,59,733,7146.84,19450.98,0.8848,1,Medical,2025-07-29,0
3075,3075,2025-06-19,37,653,2125.2,516.94,0.7414,0,Auto,2025-09-17,0
3076,3076,2025-12-31,77,719,8169.04,12775.15,0.3582,0,Auto,2026-03-31,0
3077,3077,2025-06-15,63,463,8161.96,5016.35,0.6109,0,Auto,2025-09-13,1
3078,3078,2025-10-25,12,746,2622.01,16347.63,0.6561,0,Personal Loan,2026-01-23,0
3079,3079,2025-02-10,9,502,1429.88,17169.04,0.1974,2,Auto,2025-05-11,1
3080,3080,2025-10-21,32,599,4304.86,12777.6,0.5104,1,Credit Card,2026-01-19,1
3081,3081,2025-07-05,82,596,7369.4,13779.72,0.6602,1,Credit Card,2025-10-03,0
3082,3082,2025-08-05,4,749,9100.35,8218.93,0.3632,2,Personal Loan,2025-11-03,0
3083,3083,2025-04-29,16,531,3005.29,8176.41,0.8349,1,Credit Card,2025-07-28,1
3084,3084,2025-10-30,2,516,9782.89,18755.37,0.2884,0,Personal Loan,2026-01-28,0
3085,3085,2025-04-20,37,556,1631.79,3727.42,0.481,1,Medical,2025-07-19,1
3086,3086,2025-04-02,89,564,3768.29,19401.83,0.746,3,Personal Loan,2025-07-01,0
3087,3087,2025-05-30,61,492,3685.85,16547.82,0.5404,3,Medical,2025-08-28,1
3088,3088,2025-08-05,44,490,7469.26,22169.63,0.4789,2,Auto,2025-11-03,1
3089,3089,2025-01-14,12,512,7976.35,6873.54,0.545,2,Credit Card,2025-04-14,1
3090,3090,2025-08-01,31,607,6832.19,12901.39,0.9029,1,Auto,2025-10-30,0
3091,3091,2025-04-10,47,557,2421.77,1455.24,0.3418,3,Personal Loan,2025-07-09,1
3092,3092,2025-06-07,24,577,6556.28,22856.41,0.7265,3,Medical,2025-09-05,1
3093,3093,2025-03-23,63,708,5591.87,17047.09,0.218,3,Auto,2025-06-21,1
3094,3094,2025-07-26,88,516,2096.33,15760.44,0.3711,1,Credit Card,2025-10-24,1
3095,3095,2025-01-30,18,784,1754.33,18450.89,0.7716,0,Personal Loan,2025-04-30,1
3096,3096,2025-10-03,22,721,7094.64,7466.06,0.7447,2,Auto,2026-01-01,0
3097,3097,2025-03-30,11,490,4100.87,15294.58,0.3486,1,Medical,2025-06-28,1
3098,3098,2025-03-10,65,545,2494.06,20122.59,0.6874,2,Auto,2025-06-08,1
3099,3099,2025-01-08,41,493,4049.39,2712.21,0.5005,0,Personal Loan,2025-04-08,1
3100,3100,2025-12-23,25,529,5238.65,23991.01,0.5559,0,Medical,2026-03-23,1
3101,3101,2025-09-18,19,566,4284.32,22351.23,0.5745,0,Personal Loan,2025-12-17,0
3102,3102,2025-06-21,6,472,2211.9,24093.96,0.5479,2,Auto,2025-09-19,1
3103,3103,2025-04-24,42,425,10388.98,20304.54,0.9293,4,Auto,2025-07-23,1
3104,3104,2025-09-10,61,595,6987.64,7710.62,0.7854,1,Credit Card,2025-12-09,0
3105,3105,2025-06-19,21,701,3824.11,14748.11,0.2201,0,Credit Card,2025-09-17,0
3106,3106,2025-11-27,0,541,3894.06,3443.98,0.2668,0,Credit Card,2026-02-25,1
3107,3107,2025-09-27,42,765,5227.92,18977.08,0.6574,1,Credit Card,2025-12-26,0
3108,3108,2025-12-20,60,568,2674.91,4264.17,0.5961,2,Credit Card,2026-03-20,1
3109,3109,2025-11-13,31,781,5142.04,21737.19,0.2997,1,Personal Loan,2026-02-11,0
3110,3110,2025-08-03,22,514,2443.46,6393.65,0.6544,1,Personal Loan,2025-11-01,1
3111,3111,2025-01-10,13,636,4308.13,4430.09,0.6475,1,Medical,2025-04-10,0
3112,3112,2025-12-17,67,726,2628.43,2237.16,0.7321,2,Personal Loan,2026-03-17,1
3113,3113,2025-04-01,77,443,2688.83,17928.45,0.4407,1,Auto,2025-06-30,1
3114,3114,2025-07-30,69,792,9326.13,5061.99,0.7257,1,Credit Card,2025-10-28,0
3115,3115,2025-10-07,46,566,4567.18,5342.86,0.8979,1,Credit Card,2026-01-05,1
3116,3116,2025-04-04,65,619,4882.11,4657.57,0.5712,1,Credit Card,2025-07-03,0
3117,3117,2025-10-09,35,672,1798.81,7991.98,0.3905,2,Personal Loan,2026-01-07,1
3118,3118,2025-07-21,2,677,3399.38,23559.68,0.2998,2,Medical,2025-10-19,1
3119,3119,2025-12-03,33,429,5472.8,12422.23,0.7457,0,Auto,2026-03-03,1
3120,3120,2025-02-13,63,767,4853.04,6891.51,0.2067,0,Personal Loan,2025-05-14,0
3121,3121,2025-04-13,58,670,1686.97,4674.57,0.9082,1,Auto,2025-07-12,0
3122,3122,2025-09-22,89,820,4881.52,963.08,0.678,2,Medical,2025-12-21,0
3123,3123,2025-11-21,89,609,5244.59,9442.32,0.887,1,Credit Card,2026-02-19,1
3124,3124,2025-03-27,21,666,7924.33,3196.51,0.8067,2,Auto,2025-06-25,1
3125,3125,2025-09-21,0,596,3311.47,1161.79,0.836,1,Medical,2025-12-20,0
3126,3126,2025-06-01,24,776,1621.44,3023.0,0.6134,2,Auto,2025-08-30,0
3127,3127,2025-11-14,78,753,2839.7,8303.78,0.6241,1,Medical,2026-02-12,0
3128,3128,2025-05-18,73,784,2714.39,18896.16,0.7799,1,Auto,2025-08-16,1
3129,3129,2025-12-14,8,622,6195.13,2141.16,0.6027,0,Medical,2026-03-14,0
3130,3130,2025-03-28,14,737,1309.59,17127.51,0.6122,1,Credit Card,2025-06-26,0
3131,3131,2025-12-29,50,563,3634.55,15703.29,0.303,0,Auto,2026-03-29,0
3132,3132,2025-09-20,59,604,8447.35,22108.76,0.5372,2,Auto,2025-12-19,0
3133,3133,2025-03-21,88,724,4461.52,5007.68,0.1932,2,Medical,2025-06-19,1
3134,3134,2025-04-27,67,452,6656.46,19959.56,0.2456,5,Credit Card,2025-07-26,1
3135,3135,2025-01-25,19,704,2124.29,21689.2,0.8106,0,Medical,2025-04-25,0
3136,3136,2025-12-10,3,426,2162.68,24423.86,0.6451,1,Medical,2026-03-10,0
3137,3137,2025-02-26,57,652,8490.97,20309.46,0.6679,1,Auto,2025-05-27,1
3138,3138,2025-01-03,49,611,4654.3,3532.32,0.7082,3,Auto,2025-04-03,0
3139,3139,2025-08-03,82,607,4658.61,23704.66,0.792,0,Personal Loan,2025-11-01,1
3140,3140,2025-06-15,51,618,2688.75,20467.31,0.6415,0,Credit Card,2025-09-13,0
3141,3141,2025-09-03,45,617,4653.39,5701.97,0.3115,4,Auto,2025-12-02,1
3142,3142,2025-06-19,27,583,2655.34,4547.34,0.7559,1,Auto,2025-09-17,0
3143,3143,2025-03-18,7,600,7586.24,23442.15,0.4743,0,Medical,2025-06-16,0
3144,3144,2025-08-02,78,647,15176.81,4314.62,0.8615,2,Medical,2025-10-31,1
3145,3145,2025-11-09,74,726,5529.06,19539.03,0.4731,1,Personal Loan,2026-02-07,1
3146,3146,2025-02-13,14,641,3341.83,10428.85,0.4018,2,Medical,2025-05-14,0
3147,3147,2025-04-10,63,677,1422.05,18233.23,0.7958,2,Medical,2025-07-09,1
3148,3148,2025-11-11,32,755,2083.89,2750.36,0.6638,1,Credit Card,2026-02-09,0
3149,3149,2025-12-02,39,816,8952.5,18263.93,0.5517,3,Personal Loan,2026-03-02,0
3150,3150,2025-03-23,76,463,2798.57,13041.83,0.7407,1,Medical,2025-06-21,1
3151,3151,2025-10-23,75,705,3763.57,22559.27,0.669,1,Auto,2026-01-21,1
3152,3152,2025-05-20,17,510,5972.36,5115.76,0.9109,0,Auto,2025-08-18,0
3153,3153,2025-09-19,27,498,8664.85,3179.22,0.5074,1,Auto,2025-12-18,1
3154,3154,2025-07-26,73,737,4065.07,5307.4,0.5243,3,Personal Loan,2025-10-24,1
3155,3155,2025-05-31,82,447,3706.71,2425.1,0.6657,2,Auto,2025-08-29,1
3156,3156,2025-01-02,7,759,4592.73,24513.69,0.4814,0,Medical,2025-04-02,0
3157,3157,2025-05-13,75,728,3352.84,3509.99,0.7543,2,Auto,2025-08-11,1
3158,3158,2025-08-16,44,818,3435.03,5420.85,0.5274,1,Medical,2025-11-14,1
3159,3159,2025-10-08,53,687,5352.64,20337.3,0.5696,0,Auto,2026-01-06,1
3160,3160,2025-03-16,6,770,4833.77,6545.48,0.8247,4,Auto,2025-06-14,1
3161,3161,2025-03-13,61,467,11605.36,5946.19,0.5887,2,Medical,2025-06-11,1
3162,3162,2025-10-05,61,776,5418.0,16971.59,0.8756,1,Medical,2026-01-03,0
3163,3163,2025-04-01,59,484,7465.26,10269.75,0.7024,1,Auto,2025-06-30,1
3164,3164,2025-04-15,71,546,2746.06,20969.24,0.6338,3,Personal Loan,2025-07-14,0
3165,3165,2025-06-01,85,471,5632.57,16137.6,0.9834,1,Auto,2025-08-30,0
3166,3166,2025-08-08,76,581,3212.03,7561.26,0.9246,1,Auto,2025-11-06,1
3167,3167,2025-05-01,67,720,5313.22,15149.12,0.1729,2,Auto,2025-07-30,1
3168,3168,2025-07-02,88,527,6062.22,21728.31,0.6127,4,Medical,2025-09-30,1
3169,3169,2025-12-17,60,749,4547.99,9429.83,0.8338,0,Medical,2026-03-17,1
3170,3170,2025-11-18,60,663,13138.43,18543.53,0.1211,3,Medical,2026-02-16,0
3171,3171,2025-06-19,48,672,8455.66,10687.91,0.2975,1,Auto,2025-09-17,1
3172,3172,2025-05-10,69,796,7553.46,13805.3,0.3779,2,Personal Loan,2025-08-08,0
3173,3173,2025-05-25,6,593,6272.49,18475.65,0.301,2,Credit Card,2025-08-23,0
3174,3174,2025-07-03,45,558,9833.13,1982.92,0.6422,1,Medical,2025-10-01,0
3175,3175,2025-05-26,38,818,2329.39,11646.26,0.7856,2,Credit Card,2025-08-24,0
3176,3176,2025-07-15,82,643,8238.94,2832.73,0.7693,2,Personal Loan,2025-10-13,1
3177,3177,2025-07-24,6,666,2846.77,18262.64,0.6227,0,Medical,2025-10-22,0
3178,3178,2025-02-10,57,538,,15391.25,0.4049,2,Medical,2025-05-11,0
3179,3179,2025-08-06,16,506,5725.16,8509.78,0.7902,1,Medical,2025-11-04,0
3180,3180,2025-07-18,79,488,7746.13,2368.9,0.5978,2,Personal Loan,2025-10-16,1
3181,3181,2025-12-04,76,509,2646.23,23182.16,0.6818,2,Medical,2026-03-04,1
3182,3182,2025-06-28,21,498,3531.07,8217.59,0.8585,0,Personal Loan,2025-09-26,1
3183,3183,2025-06-04,78,719,4646.59,7246.73,0.4263,2,Personal Loan,2025-09-02,1
3184,3184,2025-03-04,44,443,4089.33,2974.62,0.4555,0,Credit Card,2025-06-02,1
3185,3185,2025-02-17,87,672,6530.99,14645.15,0.6119,3,Personal Loan,2025-05-18,0
3186,3186,2025-08-15,65,800,20872.08,7008.51,0.5557,2,Credit Card,2025-11-13,1
3187,3187,2025-05-30,3,726,5370.6,21149.9,0.8069,0,Auto,2025-08-28,0
3188,3188,2025-07-06,18,581,3194.42,17227.79,0.4175,0,Auto,2025-10-04,1
3189,3189,2025-04-10,36,443,2481.38,595.92,0.4059,4,Auto,2025-07-09,1
3190,3190,2025-02-21,19,754,3841.57,14359.03,0.5981,2,Medical,2025-05-22,1
3191,3191,2025-12-20,11,421,2912.85,6179.95,0.5825,0,Personal Loan,2026-03-20,0
3192,3192,2025-08-18,88,693,5488.43,876.49,0.5824,1,Credit Card,2025-11-16,1
3193,3193,2025-07-21,78,689,5450.21,15674.5,0.5604,2,Auto,2025-10-19,0
3194,3194,2025-06-21,39,496,3610.4,5520.4,0.7375,0,Credit Card,2025-09-19,0
3195,3195,2025-01-15,19,716,10864.22,22541.08,0.5939,2,Medical,2025-04-15,0
3196,3196,2025-11-27,16,490,3194.06,14547.83,0.6794,0,Credit Card,2026-02-25,1
3197,3197,2025-08-13,82,510,4214.37,5625.04,0.6125,2,Auto,2025-11-11,0
3198,3198,2025-07-16,29,745,5929.07,24488.62,0.3629,6,Medical,2025-10-14,1
3199,3199,2025-12-21,1,812,6643.7,13887.82,0.8926,0,Personal Loan,2026-03-21,0
3200,3200,2025-03-30,35,526,7902.3,4554.07,0.4822,3,Medical,2025-06-28,1
3201,3201,2025-03-15,40,789,5392.82,13172.43,0.67,2,Auto,2025-06-13,0
3202,3202,2025-09-28,56,786,7136.02,24004.05,0.8503,1,Auto,2025-12-27,0
3203,3203,2025-11-23,30,728,3296.78,10893.15,0.5975,2,Auto,2026-02-21,0
3204,3204,2025-06-04,83,476,6721.97,10920.97,0.8037,3,Personal Loan,2025-09-02,1
3205,3205,2025-03-01,57,540,6681.7,11797.6,0.5879,0,Medical,2025-05-30,1
3206,3206,2025-11-01,88,691,8784.98,7362.54,0.6767,2,Personal Loan,2026-01-30,0
3207,3207,2025-02-28,33,820,2098.97,4463.7,0.4015,2,Medical,2025-05-29,0
3208,3208,2025-06-14,58,746,2956.52,14683.73,0.124,1,Credit Card,2025-09-12,0
3209,3209,2025-05-27,32,588,6440.83,22407.9,0.0671,1,Medical,2025-08-25,1
3210,3210,2025-03-18,62,514,1348.69,18525.38,0.6194,2,Auto,2025-06-16,1
3211,3211,2025-12-14,67,805,5549.17,2856.59,0.4864,1,Credit Card,2026-03-14,1
3212,3212,2025-07-01,28,530,7164.63,10320.8,0.3209,0,Credit Card,2025-09-29,0
3213,3213,2025-08-12,84,557,3431.08,629.75,0.7394,1,Auto,2025-11-10,1
3214,3214,2025-02-07,77,806,3664.38,8044.54,0.8503,2,Auto,2025-05-08,0
3215,3215,2025-10-31,80,645,2742.54,16899.73,0.849,1,Credit Card,2026-01-29,1
3216,3216,2025-05-24,19,526,3516.79,7610.74,0.4929,0,Auto,2025-08-22,0
3217,3217,2025-02-13,64,422,3562.95,21093.68,0.3691,0,Auto,2025-05-14,0
3218,3218,2025-07-26,9,592,3270.58,12195.91,0.5738,1,Credit Card,2025-10-24,0
3219,3219,2025-08-06,9,815,3190.86,16894.62,0.7637,4,Auto,2025-11-04,0
3220,3220,2025-08-14,87,593,3936.5,22154.7,0.8608,1,Medical,2025-11-12,1
3221,3221,2025-10-14,13,700,3915.13,17228.85,0.6483,1,Medical,2026-01-12,0
3222,3222,2025-05-18,77,521,10335.7,22484.49,0.5923,0,Personal Loan,2025-08-16,1
3223,3223,2025-05-01,38,731,3724.23,20297.6,0.4507,1,Auto,2025-07-30,1
3224,3224,2025-02-27,27,731,5191.97,14393.07,0.8301,0,Credit Card,2025-05-28,1
3225,3225,2025-12-21,6,663,3430.3,7782.21,0.6745,1,Medical,2026-03-21,1
3226,3226,2025-04-27,60,729,3410.73,7804.49,0.6662,0,Credit Card,2025-07-26,0
3227,3227,2025-12-16,64,652,2065.31,21945.61,0.6371,0,Credit Card,2026-03-16,1
3228,3228,2025-07-05,42,571,2192.69,1820.16,0.2904,3,Credit Card,2025-10-03,1
3229,3229,2025-12-12,72,715,2583.37,23565.2,0.765,3,Medical,2026-03-12,1
3230,3230,2025-07-19,29,754,4830.3,8512.97,0.7053,0,Auto,2025-10-17,0
3231,3231,2025-12-11,49,757,7217.6,18602.34,0.8794,1,Auto,2026-03-11,1
3232,3232,2025-11-04,25,505,1990.22,8585.73,0.7992,3,Credit Card,2026-02-02,0
3233,3233,2025-01-22,52,691,3473.49,23855.88,0.0562,1,Auto,2025-04-22,1
3234,3234,2025-01-20,12,421,2404.02,1393.61,0.9112,1,Credit Card,2025-04-20,1
3235,3235,2025-02-25,42,649,3948.44,9156.31,0.8366,0,Medical,2025-05-26,0
3236,3236,2025-07-15,49,649,7216.29,21752.8,0.7405,1,Auto,2025-10-13,0
3237,3237,2025-02-27,50,565,3636.96,7214.39,0.5997,1,Credit Card,2025-05-28,1
3238,3238,2025-03-09,40,818,4352.99,7252.68,0.7925,2,Personal Loan,2025-06-07,0
3239,3239,2025-03-26,57,774,8559.98,22519.42,0.714,0,Credit Card,2025-06-24,0
3240,3240,2025-11-19,46,435,5464.65,20849.27,0.5254,0,Medical,2026-02-17,1
3241,3241,2025-04-21,25,503,3158.84,3091.39,0.9405,1,Medical,2025-07-20,0
3242,3242,2025-09-08,19,503,4776.73,14714.41,0.8512,0,Credit Card,2025-12-07,1
3243,3243,2025-05-12,58,779,3064.39,5973.18,0.5034,2,Auto,2025-08-10,0
3244,3244,2025-04-09,84,628,,5770.89,0.6519,1,Credit Card,2025-07-08,1
3245,3245,2025-02-20,67,712,5607.74,15577.4,0.2022,1,Medical,2025-05-21,0
3246,3246,2025-08-01,57,744,2403.73,3534.72,0.5098,1,Credit Card,2025-10-30,1
3247,3247,2025-07-22,82,727,4811.76,12009.59,0.4672,0,Auto,2025-10-20,0
3248,3248,2025-11-13,80,455,4217.9,6767.63,0.709,2,Auto,2026-02-11,1
3249,3249,2025-11-05,45,476,5682.26,21421.1,0.5691,1,Auto,2026-02-03,1
3250,3250,2025-02-23,9,578,6464.66,14085.11,0.6209,1,Credit Card,2025-05-24,0
3251,3251,2025-07-25,57,555,5512.93,5770.17,0.744,2,Credit Card,2025-10-23,1
3252,3252,2025-04-26,56,719,3879.89,23198.41,0.9695,1,Credit Card,2025-07-25,0
3253,3253,2025-08-12,24,482,6768.25,20660.96,0.4873,2,Personal Loan,2025-11-10,0
3254,3254,2025-06-24,76,568,3002.26,6999.66,0.5935,2,Medical,2025-09-22,1
3255,3255,2025-05-12,78,514,2454.71,24045.75,0.6818,1,Medical,2025-08-10,1
3256,3256,2025-04-01,29,495,1055.87,7059.6,0.7431,0,Personal Loan,2025-06-30,0
3257,3257,2025-06-26,42,489,4308.89,7669.76,0.6086,2,Credit Card,2025-09-24,1
3258,3258,2025-02-18,17,498,3072.68,9956.1,0.6019,0,Medical,2025-05-19,1
3259,3259,2025-06-24,16,646,5318.73,4537.73,0.746,2,Medical,2025-09-22,0
3260,3260,2025-03-11,23,584,1831.6,17331.9,0.2373,0,Personal Loan,2025-06-09,0
3261,3261,2025-03-10,32,594,3323.49,14154.76,0.5922,1,Personal Loan,2025-06-08,1
3262,3262,2025-05-02,24,612,5495.15,22414.33,0.3197,4,Medical,2025-07-31,0
3263,3263,2025-10-15,13,717,2797.76,6401.44,0.7394,0,Auto,2026-01-13,0
3264,3264,2025-10-05,40,765,5346.33,4670.66,0.464,3,Auto,2026-01-03,0
3265,3265,2025-12-08,56,631,3461.09,9286.27,0.4055,1,Personal Loan,2026-03-08,1
3266,3266,2025-12-25,29,677,4381.89,4079.66,0.6339,2,Credit Card,2026-03-25,1
3267,3267,2025-03-16,48,716,5812.82,23680.7,0.3664,0,Medical,2025-06-14,0
3268,3268,2025-03-20,24,696,6827.81,18077.44,0.395,0,Personal Loan,2025-06-18,0
3269,3269,2025-12-13,63,473,4636.07,20006.7,0.1783,1,Auto,2026-03-13,0
3270,3270,2025-10-24,58,814,3083.11,18827.07,0.6691,1,Medical,2026-01-22,1
3271,3271,2025-08-25,86,486,3618.74,6449.07,0.838,2,Credit Card,2025-11-23,1
3272,3272,2025-06-12,4,585,5923.19,3946.09,0.9736,0,Medical,2025-09-10,0
3273,3273,2025-04-03,76,681,2808.58,11021.12,0.3965,2,Personal Loan,2025-07-02,0
3274,3274,2025-02-12,30,581,4104.63,20810.97,0.7625,0,Credit Card,2025-05-13,0
3275,3275,2025-11-27,5,517,3738.17,8597.63,0.4433,1,Personal Loan,2026-02-25,1
3276,3276,2025-08-07,62,790,4244.96,734.29,0.2587,1,Medical,2025-11-05,0
3277,3277,2025-01-19,15,448,2823.76,16671.49,0.6336,3,Credit Card,2025-04-19,0
3278,3278,2025-05-23,15,518,1932.61,5401.55,0.8825,0,Personal Loan,2025-08-21,0
3279,3279,2025-10-04,88,818,5621.39,13799.46,0.3072,0,Personal Loan,2026-01-02,0
3280,3280,2025-04-23,19,712,6862.72,864.56,0.5673,2,Auto,2025-07-22,0
3281,3281,2025-12-03,49,454,1985.29,12966.82,0.4907,5,Credit Card,2026-03-03,1
3282,3282,2025-05-16,18,722,5250.18,10143.41,0.6785,2,Auto,2025-08-14,0
3283,3283,2025-10-26,11,808,7240.4,22070.09,0.8442,2,Auto,2026-01-24,0
3284,3284,2025-07-06,0,459,5814.79,18184.44,0.6208,1,Personal Loan,2025-10-04,1
3285,3285,2025-10-23,1,586,3686.74,1382.69,0.6588,1,Personal Loan,2026-01-21,1
3286,3286,2025-07-02,42,607,2908.6,19843.3,0.5915,2,Personal Loan,2025-09-30,1
3287,3287,2025-09-02,39,472,4612.11,19885.07,0.7514,1,Auto,2025-12-01,1
3288,3288,2025-05-25,3,500,4971.63,16753.53,0.8762,0,Medical,2025-08-23,0
3289,3289,2025-03-20,31,489,4642.99,23267.77,0.2288,1,Auto,2025-06-18,0
3290,3290,2025-02-09,24,494,4100.81,20179.71,0.2555,1,Medical,2025-05-10,0
3291,3291,2025-06-23,51,581,2732.05,5863.02,0.4575,2,Auto,2025-09-21,0
3292,3292,2025-07-08,89,605,5378.74,9847.87,0.8651,0,Personal Loan,2025-10-06,1
3293,3293,2025-08-29,62,515,5496.6,9073.12,0.8843,1,Personal Loan,2025-11-27,0
3294,3294,2025-11-24,82,536,4867.67,12870.24,0.702,3,Credit Card,2026-02-22,1
3295,3295,2025-12-27,17,497,4674.83,23865.98,0.1451,1,Credit Card,2026-03-27,1
3296,3296,2025-05-25,19,739,9467.9,15582.16,0.5884,1,Credit Card,2025-08-23,0
3297,3297,2025-01-24,67,504,3357.76,8167.01,0.6793,0,Auto,2025-04-24,1
3298,3298,2025-07-17,27,783,7916.04,23567.18,0.5418,1,Personal Loan,2025-10-15,0
3299,3299,2025-11-24,76,636,3196.11,17656.65,0.8077,0,Personal Loan,2026-02-22,1
3300,3300,2025-08-20,41,741,7324.85,7018.97,0.3558,0,Credit Card,2025-11-18,1
3301,3301,2025-07-16,18,675,7746.65,22709.56,0.4496,1,Credit Card,2025-10-14,0
3302,3302,2025-06-06,75,526,3897.64,8933.22,0.0388,1,Personal Loan,2025-09-04,0
3303,3303,2025-12-03,49,661,9390.31,13147.18,0.2284,1,Personal Loan,2026-03-03,1
3304,3304,2025-10-18,72,529,5492.1,12240.96,0.656,1,Credit Card,2026-01-16,1
3305,3305,2025-11-06,40,467,2996.58,23128.96,0.8207,2,Personal Loan,2026-02-04,1
3306,3306,2025-01-13,11,522,3757.95,7008.75,0.7647,0,Credit Card,2025-04-13,1
3307,3307,2025-04-13,61,530,7403.76,8666.02,0.7393,1,Auto,2025-07-12,0
3308,3308,2025-02-12,11,474,6737.06,16673.92,0.63,1,Credit Card,2025-05-13,1
3309,3309,2025-07-20,59,429,2762.47,22222.08,0.372,1,Credit Card,2025-10-18,1
3310,3310,2025-01-10,37,798,4176.94,3314.66,0.643,0,Medical,2025-04-10,0
3311,3311,2025-11-03,71,625,4873.59,5642.15,0.8571,2,Medical,2026-02-01,1
3312,3312,2025-12-09,78,581,3538.92,23726.84,0.8479,1,Personal Loan,2026-03-09,1
3313,3313,2025-10-29,36,792,12848.85,19543.78,0.6023,1,Credit Card,2026-01-27,1
3314,3314,2025-02-05,79,510,4940.14,8978.71,0.811,0,Auto,2025-05-06,1
3315,3315,2025-07-05,9,581,4325.07,9262.05,0.6509,1,Auto,2025-10-03,1
3316,3316,2025-10-23,9,759,7599.84,12003.58,0.5702,2,Auto,2026-01-21,0
3317,3317,2025-05-30,89,673,3773.11,17008.09,0.4674,2,Credit Card,2025-08-28,1
3318,3318,2025-02-04,51,580,6997.74,14245.51,0.6803,0,Credit Card,2025-05-05,0
3319,3319,2025-10-03,40,522,2099.64,19514.94,0.7408,0,Medical,2026-01-01,1
3320,3320,2025-06-09,14,434,3625.89,1827.09,0.8345,1,Medical,2025-09-07,1
3321,3321,2025-11-09,26,454,7130.11,20566.5,0.8156,1,Credit Card,2026-02-07,1
3322,3322,2025-07-18,61,484,9014.49,1922.26,0.7339,2,Auto,2025-10-16,1
3323,3323,2025-05-13,73,735,3140.12,22083.86,0.5951,4,Credit Card,2025-08-11,1
3324,3324,2025-10-15,82,676,2979.71,1559.73,0.8496,1,Credit Card,2026-01-13,0
3325,3325,2025-10-03,36,593,5740.78,3631.89,0.6057,1,Personal Loan,2026-01-01,0
3326,3326,2025-02-26,40,733,3359.79,4914.52,0.6728,1,Auto,2025-05-27,1
3327,3327,2025-04-05,14,484,3940.8,5964.74,0.1937,1,Personal Loan,2025-07-04,0
3328,3328,2025-08-26,7,504,6597.08,10343.17,0.5761,2,Credit Card,2025-11-24,1
3329,3329,2025-12-06,39,577,3481.28,16559.31,0.6703,1,Personal Loan,2026-03-06,1
3330,3330,2025-11-13,52,787,1836.39,22368.78,0.6099,4,Auto,2026-02-11,1
3331,3331,2025-03-02,9,666,2476.28,13350.32,0.4978,1,Credit Card,2025-05-31,0
3332,3332,2025-12-13,36,761,4467.03,13546.0,0.6397,1,Medical,2026-03-13,0
3333,3333,2025-06-21,57,519,1922.65,8322.97,0.7119,1,Auto,2025-09-19,0
3334,3334,2025-12-25,72,760,3890.44,20116.67,0.1049,0,Personal Loan,2026-03-25,0
3335,3335,2025-03-27,84,449,2376.91,3206.91,0.6299,2,Personal Loan,2025-06-25,1
3336,3336,2025-12-05,30,511,9301.89,7877.03,0.4429,2,Credit Card,2026-03-05,0
3337,3337,2025-07-24,35,629,11781.83,2876.04,0.776,2,Auto,2025-10-22,1
3338,3338,2025-05-07,78,440,2762.28,5747.43,0.7137,0,Auto,2025-08-05,0
3339,3339,2025-05-06,62,764,4991.75,14871.65,0.665,2,Medical,2025-08-04,1
3340,3340,2025-03-13,24,767,2886.55,3586.03,0.1992,2,Auto,2025-06-11,0
3341,3341,2025-12-29,61,637,3869.22,2965.14,0.7803,0,Personal Loan,2026-03-29,1
3342,3342,2025-06-04,14,542,10012.22,20734.81,0.3337,1,Credit Card,2025-09-02,0
3343,3343,2025-08-25,40,459,3604.69,3398.33,0.6914,0,Credit Card,2025-11-23,0
3344,3344,2025-03-19,27,668,3909.96,15397.31,0.6958,2,Auto,2025-06-17,0
3345,3345,2025-04-27,89,635,2909.86,9124.27,0.5596,1,Credit Card,2025-07-26,1
3346,3346,2025-12-05,3,724,7448.63,22460.99,0.9386,1,Auto,2026-03-05,0
3347,3347,2025-01-17,77,661,1024.06,17834.98,0.6791,1,Auto,2025-04-17,1
3348,3348,2025-06-17,25,471,3643.65,1956.04,0.8337,1,Credit Card,2025-09-15,1
3349,3349,2025-07-30,3,468,4356.18,22438.97,0.448,2,Medical,2025-10-28,1
3350,3350,2025-04-24,59,733,3302.76,10640.52,0.7258,0,Auto,2025-07-23,0
3351,3351,2025-07-27,61,483,6559.01,7806.57,0.2768,0,Credit Card,2025-10-25,1
3352,3352,2025-12-02,12,796,7638.16,16983.16,0.1962,0,Auto,2026-03-02,0
3353,3353,2025-05-10,3,462,2355.67,18090.36,0.6603,1,Medical,2025-08-08,1
3354,3354,2025-04-20,10,712,11407.99,7929.64,0.5773,2,Medical,2025-07-19,0
3355,3355,2025-03-31,36,811,2343.81,9115.59,0.5522,0,Auto,2025-06-29,0
3356,3356,2025-07-01,11,596,7941.71,4330.1,0.467,0,Personal Loan,2025-09-29,0
3357,3357,2025-11-20,63,442,4757.24,15039.37,0.304,2,Credit Card,2026-02-18,1
3358,3358,2025-06-17,6,771,3545.15,23944.27,0.8945,0,Credit Card,2025-09-15,0
3359,3359,2025-09-03,71,495,3698.88,10707.3,0.4507,2,Personal Loan,2025-12-02,1
3360,3360,2025-11-03,78,631,4380.5,24907.05,0.8348,1,Personal Loan,2026-02-01,1
3361,3361,2025-02-15,64,814,4884.33,4822.16,0.9432,2,Credit Card,2025-05-16,0
3362,3362,2025-06-26,84,718,2939.31,20004.44,0.7417,0,Credit Card,2025-09-24,0
3363,3363,2025-12-31,84,438,4002.71,23238.65,0.7108,1,Auto,2026-03-31,1
3364,3364,2025-05-09,4,749,3143.83,17357.33,0.8401,3,Credit Card,2025-08-07,1
3365,3365,2025-04-16,30,484,2574.03,3178.49,0.8716,1,Auto,2025-07-15,1
3366,3366,2025-02-15,68,720,3078.54,8500.26,0.8984,3,Personal Loan,2025-05-16,1
3367,3367,2025-03-02,30,669,2650.52,2598.81,0.8051,1,Credit Card,2025-05-31,0
3368,3368,2025-07-16,66,535,3680.97,15242.83,0.9198,0,Credit Card,2025-10-14,1
3369,3369,2025-10-09,69,589,5402.48,24954.65,0.6114,2,Personal Loan,2026-01-07,0
3370,3370,2025-08-31,89,467,4695.31,9681.49,0.3439,1,Personal Loan,2025-11-29,1
3371,3371,2025-07-22,29,815,10812.47,4492.15,0.4528,0,Personal Loan,2025-10-20,0
3372,3372,2025-04-05,31,515,1644.67,7081.68,0.841,2,Auto,2025-07-04,1
3373,3373,2025-07-09,2,543,5492.85,14484.65,0.5925,2,Credit Card,2025-10-07,0
3374,3374,2025-08-31,25,621,4459.93,14439.56,0.7963,0,Credit Card,2025-11-29,0
3375,3375,2025-03-24,25,689,6419.22,6130.61,0.0951,2,Personal Loan,2025-06-22,1
3376,3376,2025-06-18,40,622,6138.95,18892.27,0.8666,1,Personal Loan,2025-09-16,0
3377,3377,2025-08-03,37,622,4128.85,2656.3,0.5231,2,Medical,2025-11-01,1
3378,3378,2025-01-16,77,653,4806.35,15764.49,0.8419,1,Personal Loan,2025-04-16,1
3379,3379,2025-08-31,69,763,3181.69,10929.62,0.5117,2,Medical,2025-11-29,0
3380,3380,2025-01-17,65,578,5861.47,3615.79,0.3213,5,Medical,2025-04-17,1
3381,3381,2025-06-09,0,753,1909.33,16042.43,0.4929,1,Auto,2025-09-07,0
3382,3382,2025-01-22,42,735,6307.99,16989.71,0.4982,2,Credit Card,2025-04-22,0
3383,3383,2025-04-07,65,805,4400.93,11280.5,0.522,2,Credit Card,2025-07-06,0
3384,3384,2025-06-01,22,786,3571.79,20050.82,0.4546,1,Medical,2025-08-30,1
3385,3385,2025-02-26,38,740,4005.25,12978.26,0.8792,3,Auto,2025-05-27,1
3386,3386,2025-10-27,65,518,4139.63,7500.98,0.7013,3,Auto,2026-01-25,1
3387,3387,2025-11-16,71,730,7972.77,23863.23,0.5543,1,Auto,2026-02-14,1
3388,3388,2025-04-28,76,715,19054.76,23629.08,0.2702,3,Medical,2025-07-27,0
3389,3389,2025-07-24,38,536,7699.74,2842.72,0.5391,1,Credit Card,2025-10-22,1
3390,3390,2025-08-18,35,691,3448.19,23678.99,0.2662,1,Credit Card,2025-11-16,0
3391,3391,2025-06-25,34,521,5904.1,19499.32,0.215,0,Personal Loan,2025-09-23,0
3392,3392,2025-11-05,60,629,6020.94,3112.78,0.9244,0,Medical,2026-02-03,0
3393,3393,2025-11-15,37,739,2932.7,13223.47,0.6429,2,Personal Loan,2026-02-13,0
3394,3394,2025-07-24,36,495,2521.58,1356.31,0.5043,1,Medical,2025-10-22,1
3395,3395,2025-09-07,15,555,4322.22,14927.0,0.8188,0,Personal Loan,2025-12-06,1
3396,3396,2025-12-04,43,738,6396.26,23363.1,0.6867,0,Auto,2026-03-04,0
3397,3397,2025-11-13,21,601,2153.15,9521.14,0.2996,1,Credit Card,2026-02-11,0
3398,3398,2025-04-22,47,805,3215.04,12961.32,0.8151,1,Credit Card,2025-07-21,0
3399,3399,2025-12-08,79,423,5754.25,6075.23,0.2728,2,Medical,2026-03-08,1
3400,3400,2025-07-05,69,709,4531.35,13753.18,0.3282,1,Personal Loan,2025-10-03,0
3401,3401,2025-12-09,43,746,8411.23,20163.08,0.4202,2,Medical,2026-03-09,1
3402,3402,2025-07-18,87,788,2356.39,5773.83,0.6607,0,Credit Card,2025-10-16,0
3403,3403,2025-12-23,88,482,12816.31,14060.43,0.5728,0,Credit Card,2026-03-23,1
3404,3404,2025-03-05,39,814,2225.87,9188.76,0.2053,0,Auto,2025-06-03,0
3405,3405,2025-10-12,68,577,1784.47,18822.87,0.8444,0,Personal Loan,2026-01-10,1
3406,3406,2025-07-02,30,561,4330.72,17699.95,0.4848,0,Medical,2025-09-30,1
3407,3407,2025-02-21,79,562,2669.09,17620.35,0.6386,0,Personal Loan,2025-05-22,0
3408,3408,2025-08-27,33,675,4370.18,9756.18,0.8011,0,Medical,2025-11-25,0
3409,3409,2025-07-20,23,684,4301.95,15182.34,0.6819,1,Medical,2025-10-18,0
3410,3410,2025-02-06,12,610,4072.05,16451.59,0.4866,2,Medical,2025-05-07,0
3411,3411,2025-02-25,75,448,3043.96,17179.94,0.9223,0,Auto,2025-05-26,1
3412,3412,2025-08-23,26,815,,14593.78,0.3342,1,Medical,2025-11-21,1
3413,3413,2025-12-18,73,509,3855.28,21736.72,0.2445,0,Medical,2026-03-18,0
3414,3414,2025-07-11,7,457,7307.45,6595.57,0.4899,1,Personal Loan,2025-10-09,1
3415,3415,2025-05-20,45,659,4100.37,1867.27,0.7125,2,Credit Card,2025-08-18,0
3416,3416,2025-05-16,38,585,2881.05,24081.33,0.7465,1,Personal Loan,2025-08-14,1
3417,3417,2025-09-24,39,666,2080.85,1987.98,0.8637,0,Personal Loan,2025-12-23,1
3418,3418,2025-05-20,15,771,4115.64,22622.41,0.6864,1,Personal Loan,2025-08-18,1
3419,3419,2025-07-16,6,459,2512.06,15500.98,0.7305,2,Credit Card,2025-10-14,1
3420,3420,2025-11-09,31,533,2422.41,23009.14,0.6084,1,Auto,2026-02-07,1
3421,3421,2025-10-13,42,627,5638.4,14341.37,0.42,1,Personal Loan,2026-01-11,1
3422,3422,2025-12-18,71,735,1998.29,20614.71,0.6356,2,Credit Card,2026-03-18,0
3423,3423,2025-09-23,41,660,8395.8,18171.61,0.1157,2,Personal Loan,2025-12-22,0
3424,3424,2025-05-10,22,573,4778.45,13365.25,0.6483,1,Personal Loan,2025-08-08,1
3425,3425,2025-02-01,23,664,4360.19,9401.43,0.4917,2,Personal Loan,2025-05-02,1
3426,3426,2025-06-17,55,812,2791.56,570.05,0.2863,0,Medical,2025-09-15,0
3427,3427,2025-05-09,39,612,6272.73,6647.18,0.6862,0,Auto,2025-08-07,0
3428,3428,2025-06-25,81,774,4441.26,23818.29,0.3658,0,Credit Card,2025-09-23,0
3429,3429,2025-12-09,39,732,3265.79,7248.82,0.7709,2,Credit Card,2026-03-09,0
3430,3430,2025-08-27,51,540,4865.48,18920.38,0.734,1,Credit Card,2025-11-25,1
3431,3431,2025-02-27,5,520,2085.46,12958.19,0.3783,2,Auto,2025-05-28,1
3432,3432,2025-03-29,17,728,2130.48,8058.6,0.8846,0,Medical,2025-06-27,1
3433,3433,2025-03-06,76,503,,24781.79,0.5496,2,Medical,2025-06-04,1
3434,3434,2025-05-11,31,555,5204.54,1650.87,0.2865,1,Credit Card,2025-08-09,0
3435,3435,2025-12-18,37,514,4440.55,14760.89,0.8332,2,Personal Loan,2026-03-18,1
3436,3436,2025-02-20,53,663,7129.82,11807.2,0.8174,2,Personal Loan,2025-05-21,1
3437,3437,2025-09-18,5,537,2939.53,2374.9,0.7955,2,Credit Card,2025-12-17,0
3438,3438,2025-01-03,45,684,,5745.36,0.7743,2,Personal Loan,2025-04-03,1
3439,3439,2025-02-08,31,794,4224.93,17508.93,0.7247,2,Credit Card,2025-05-09,0
3440,3440,2025-03-10,13,752,2909.19,3154.05,0.7841,0,Credit Card,2025-06-08,0
3441,3441,2025-05-28,37,800,5289.02,20125.12,0.5245,3,Personal Loan,2025-08-26,0
3442,3442,2025-01-17,40,429,4316.91,15813.99,0.8061,1,Personal Loan,2025-04-17,0
3443,3443,2025-01-18,16,602,3350.61,2971.01,0.8182,1,Personal Loan,2025-04-18,1
3444,3444,2025-03-30,48,508,4531.91,7526.96,0.4328,3,Personal Loan,2025-06-28,1
3445,3445,2025-10-19,67,788,4195.26,3860.86,0.8243,1,Medical,2026-01-17,1
3446,3446,2025-05-12,24,705,4149.9,20041.23,0.5892,2,Credit Card,2025-08-10,0
3447,3447,2025-02-03,86,548,3693.51,13557.51,0.8046,1,Medical,2025-05-04,0
3448,3448,2025-01-24,55,645,2471.98,569.33,0.2041,1,Auto,2025-04-24,0
3449,3449,2025-01-26,69,662,,13801.14,0.7611,0,Auto,2025-04-26,1
3450,3450,2025-12-17,6,618,3098.83,12328.69,0.3415,2,Auto,2026-03-17,0
3451,3451,2025-05-30,69,610,2809.75,16255.37,0.639,1,Personal Loan,2025-08-28,1
3452,3452,2025-02-19,30,442,3990.55,1353.68,0.5001,0,Personal Loan,2025-05-20,1
3453,3453,2025-02-24,63,601,6187.66,1367.93,0.68,1,Auto,2025-05-25,0
3454,3454,2025-11-09,72,559,4834.47,9059.52,0.7927,0,Credit Card,2026-02-07,1
3455,3455,2025-10-26,22,748,3501.64,17369.18,0.6767,0,Personal Loan,2026-01-24,0
3456,3456,2025-09-18,23,766,3438.86,16830.67,0.6682,1,Medical,2025-12-17,0
3457,3457,2025-07-11,5,720,,7317.46,0.514,1,Medical,2025-10-09,0
3458,3458,2025-10-08,54,432,1512.42,5793.65,0.8378,1,Medical,2026-01-06,1
3459,3459,2025-06-30,69,757,6366.56,17236.58,0.3274,3,Credit Card,2025-09-28,0
3460,3460,2025-03-23,36,578,1913.51,1164.26,0.7288,0,Medical,2025-06-21,0
3461,3461,2025-06-03,14,586,2352.11,14141.19,0.583,0,Personal Loan,2025-09-01,0
3462,3462,2025-12-09,28,799,3528.33,10890.42,0.3363,1,Personal Loan,2026-03-09,0
3463,3463,2025-05-20,36,767,11808.28,6357.63,0.4413,1,Auto,2025-08-18,0
3464,3464,2025-03-26,82,440,9460.1,13247.3,0.6872,1,Medical,2025-06-24,1
3465,3465,2025-08-13,11,564,6111.45,5820.61,0.3981,0,Credit Card,2025-11-11,0
3466,3466,2025-01-09,30,720,5221.0,14325.88,0.6815,3,Medical,2025-04-09,1
3467,3467,2025-07-07,57,636,1923.64,4149.86,0.5985,1,Medical,2025-10-05,1
3468,3468,2025-02-26,21,523,4772.1,10439.48,0.209,1,Medical,2025-05-27,1
3469,3469,2025-01-05,79,630,3473.26,13005.45,0.9594,2,Medical,2025-04-05,1
3470,3470,2025-05-08,81,767,3079.43,1276.68,0.6699,1,Medical,2025-08-06,1
3471,3471,2025-09-16,34,509,4767.9,15462.57,0.4368,2,Medical,2025-12-15,0
3472,3472,2025-01-30,67,719,3597.52,18882.72,0.6121,0,Credit Card,2025-04-30,0
3473,3473,2025-02-02,68,714,6576.02,23923.8,0.3387,2,Auto,2025-05-03,0
3474,3474,2025-10-24,61,775,1860.91,5476.6,0.221,1,Credit Card,2026-01-22,0
3475,3475,2025-12-01,16,539,4599.74,5613.04,0.5,0,Auto,2026-03-01,0
3476,3476,2025-07-24,4,506,2994.12,7968.36,0.5217,2,Personal Loan,2025-10-22,0
3477,3477,2025-06-20,31,639,3698.43,22323.72,0.5288,0,Medical,2025-09-18,1
3478,3478,2025-12-05,11,633,5100.44,10468.0,0.8074,4,Personal Loan,2026-03-05,0
3479,3479,2025-04-05,26,584,2689.77,7893.95,0.255,2,Medical,2025-07-04,0
3480,3480,2025-08-03,57,732,4788.17,18658.93,0.6894,1,Medical,2025-11-01,1
3481,3481,2025-01-22,52,740,4041.81,1430.76,0.954,1,Medical,2025-04-22,0
3482,3482,2025-01-24,18,518,3303.49,13945.96,0.3229,1,Credit Card,2025-04-24,1
3483,3483,2025-05-12,1,739,3598.39,11529.65,0.6746,0,Medical,2025-08-10,0
3484,3484,2025-07-15,20,512,4148.29,15809.03,0.4209,2,Auto,2025-10-13,0
3485,3485,2025-01-02,40,583,3147.85,18411.94,0.5819,0,Auto,2025-04-02,0
3486,3486,2025-01-29,70,430,4461.29,8462.22,0.2256,2,Auto,2025-04-29,0
3487,3487,2025-02-19,32,556,3923.82,16092.22,0.7614,0,Personal Loan,2025-05-20,1
3488,3488,2025-12-09,25,804,3377.61,13346.05,0.7139,2,Personal Loan,2026-03-09,0
3489,3489,2025-04-06,49,597,9094.54,3782.21,0.6479,1,Auto,2025-07-05,0
3490,3490,2025-08-28,6,704,5360.74,22102.29,0.5503,0,Personal Loan,2025-11-26,1
3491,3491,2025-12-02,20,463,3743.51,18987.46,0.6215,2,Auto,2026-03-02,1
3492,3492,2025-05-07,3,674,4748.75,23080.53,0.8051,1,Medical,2025-08-05,1
3493,3493,2025-02-26,47,569,2801.56,18149.91,0.8883,1,Credit Card,2025-05-27,1
3494,3494,2025-08-11,39,718,3653.54,6497.76,0.533,0,Personal Loan,2025-11-09,0
3495,3495,2025-05-01,52,792,3850.53,11047.89,0.2755,0,Personal Loan,2025-07-30,0
3496,3496,2025-10-02,55,633,2537.52,9978.28,0.3632,1,Auto,2025-12-31,0
3497,3497,2025-12-20,35,461,5293.89,1377.64,0.3627,1,Auto,2026-03-20,1
3498,3498,2025-12-10,78,610,3542.1,10558.43,0.7878,3,Credit Card,2026-03-10,0
3499,3499,2025-05-21,82,469,3789.69,8966.45,0.8978,0,Auto,2025-08-19,0
3500,3500,2025-08-17,9,600,3442.92,596.13,0.2438,4,Personal Loan,2025-11-15,1
3501,3501,2025-06-14,82,444,16841.32,21254.52,0.5197,0,Credit Card,2025-09-12,1
3502,3502,2025-09-04,17,676,3300.48,4024.92,0.2329,2,Credit Card,2025-12-03,0
3503,3503,2025-04-11,22,544,1753.02,12773.33,0.9205,2,Auto,2025-07-10,1
3504,3504,2025-05-27,47,500,2164.69,19724.61,0.2451,1,Personal Loan,2025-08-25,1
3505,3505,2025-02-11,2,426,6258.44,15309.79,0.7739,0,Auto,2025-05-12,1
3506,3506,2025-03-24,32,776,8114.47,4649.11,0.7226,2,Credit Card,2025-06-22,0
3507,3507,2025-03-24,17,755,3272.11,15646.17,0.1858,2,Medical,2025-06-22,0
3508,3508,2025-05-09,43,745,7907.19,19061.12,0.3223,2,Credit Card,2025-08-07,1
3509,3509,2025-02-26,73,443,6208.75,21441.73,0.5239,3,Medical,2025-05-27,1
3510,3510,2025-08-30,83,560,4083.6,8307.02,0.5449,1,Auto,2025-11-28,1
3511,3511,2025-12-23,19,809,3955.25,1331.07,0.6974,1,Medical,2026-03-23,0
3512,3512,2025-11-15,49,652,4824.16,15394.73,0.5587,2,Personal Loan,2026-02-13,0
3513,3513,2025-10-04,42,471,6600.2,6031.33,0.4076,0,Auto,2026-01-02,1
3514,3514,2025-08-31,37,476,5317.63,19631.93,0.5035,1,Medical,2025-11-29,1
3515,3515,2025-04-26,56,525,3279.47,17157.1,0.5208,0,Auto,2025-07-25,1
3516,3516,2025-12-16,89,809,4111.76,19443.08,0.6035,2,Personal Loan,2026-03-16,0
3517,3517,2025-07-27,36,488,10846.18,24204.51,0.5081,2,Medical,2025-10-25,0
3518,3518,2025-09-03,5,782,4979.31,14821.41,0.0574,1,Auto,2025-12-02,0
3519,3519,2025-01-30,82,691,6576.1,22655.68,0.654,2,Medical,2025-04-30,1
3520,3520,2025-08-18,83,789,5670.02,16226.39,0.635,0,Medical,2025-11-16,0
3521,3521,2025-03-13,29,751,5029.17,4952.74,0.5796,0,Auto,2025-06-11,0
3522,3522,2025-01-05,45,553,4670.0,20083.05,0.7935,4,Credit Card,2025-04-05,1
3523,3523,2025-12-05,77,751,6659.67,17495.62,0.546,1,Credit Card,2026-03-05,0
3524,3524,2025-08-11,45,487,6144.97,24459.52,0.7855,1,Credit Card,2025-11-09,1
3525,3525,2025-01-06,43,536,5007.8,6464.08,0.7423,1,Personal Loan,2025-04-06,0
3526,3526,2025-01-27,82,504,3254.54,8661.58,0.7357,1,Auto,2025-04-27,1
3527,3527,2025-10-16,74,473,,20626.53,0.7324,0,Auto,2026-01-14,1
3528,3528,2025-07-10,45,456,4314.97,2040.8,0.9588,0,Personal Loan,2025-10-08,1
3529,3529,2025-02-27,14,495,3871.06,16013.39,0.8434,2,Auto,2025-05-28,1
3530,3530,2025-08-02,39,468,14845.46,13619.16,0.3354,2,Personal Loan,2025-10-31,1
3531,3531,2025-12-05,60,572,2224.81,4636.14,0.7304,0,Auto,2026-03-05,1
3532,3532,2025-08-24,24,448,6845.39,4545.48,0.8193,1,Medical,2025-11-22,1
3533,3533,2025-11-04,48,444,3016.34,20349.84,0.3367,3,Credit Card,2026-02-02,0
3534,3534,2025-11-14,59,816,4717.52,878.41,0.2117,0,Personal Loan,2026-02-12,0
3535,3535,2025-12-13,7,455,14127.3,18797.62,0.5527,2,Auto,2026-03-13,1
3536,3536,2025-06-22,51,449,2884.0,18450.35,0.5888,1,Credit Card,2025-09-20,0
3537,3537,2025-12-30,66,432,3210.74,16417.16,0.5559,1,Credit Card,2026-03-30,1
3538,3538,2025-06-25,19,473,4412.16,10533.18,0.7414,2,Medical,2025-09-23,1
3539,3539,2025-05-04,49,631,3037.39,1193.86,0.5672,1,Medical,2025-08-02,0
3540,3540,2025-07-20,63,751,6619.83,20143.53,0.9264,0,Credit Card,2025-10-18,0
3541,3541,2025-11-10,3,714,3496.3,3579.83,0.2089,4,Credit Card,2026-02-08,1
3542,3542,2025-05-03,57,652,5968.82,7379.29,0.6087,2,Personal Loan,2025-08-01,0
3543,3543,2025-06-26,23,454,2445.16,23696.18,0.8048,1,Medical,2025-09-24,1
3544,3544,2025-04-10,35,730,1972.24,7895.6,0.9367,0,Personal Loan,2025-07-09,1
3545,3545,2025-05-09,58,434,4011.65,6750.91,0.5817,4,Credit Card,2025-08-07,1
3546,3546,2025-02-09,0,672,2195.51,24347.58,0.5799,1,Auto,2025-05-10,0
3547,3547,2025-11-11,1,584,8806.29,2605.34,0.5161,0,Auto,2026-02-09,0
3548,3548,2025-11-03,40,773,2234.09,4436.91,0.8858,1,Personal Loan,2026-02-01,1
3549,3549,2025-12-30,85,543,2787.89,11238.78,0.6253,2,Medical,2026-03-30,1
3550,3550,2025-01-16,0,676,5356.84,19797.99,0.448,0,Credit Card,2025-04-16,1
3551,3551,2025-01-24,70,596,3415.69,22166.79,0.6138,4,Medical,2025-04-24,1
3552,3552,2025-12-25,6,629,,19013.08,0.9265,2,Auto,2026-03-25,0
3553,3553,2025-10-31,44,796,11136.51,24416.29,0.7523,4,Personal Loan,2026-01-29,0
3554,3554,2025-04-16,38,705,2833.49,912.73,0.4692,1,Medical,2025-07-15,0
3555,3555,2025-06-26,42,586,4071.16,15677.91,0.6628,1,Personal Loan,2025-09-24,1
3556,3556,2025-09-14,7,599,4047.54,3350.48,0.4363,1,Credit Card,2025-12-13,0
3557,3557,2025-05-22,67,702,6121.97,22803.89,0.7133,1,Credit Card,2025-08-20,1
3558,3558,2025-09-24,24,558,5475.61,23415.03,0.9049,0,Medical,2025-12-23,1
3559,3559,2025-10-13,69,487,3065.42,7924.19,0.705,0,Credit Card,2026-01-11,1
3560,3560,2025-05-25,58,607,3840.58,20778.86,0.5361,1,Personal Loan,2025-08-23,1
3561,3561,2025-01-13,49,447,4015.37,15941.75,0.8799,3,Auto,2025-04-13,1
3562,3562,2025-05-30,27,488,6229.38,2961.98,0.7236,0,Medical,2025-08-28,1
3563,3563,2025-12-19,58,588,2628.73,15267.82,0.6107,2,Medical,2026-03-19,1
3564,3564,2025-08-07,89,739,11027.53,24413.4,0.6949,0,Credit Card,2025-11-05,0
3565,3565,2025-02-07,83,733,3160.13,8048.3,0.0773,1,Medical,2025-05-08,1
3566,3566,2025-01-26,82,524,4429.59,527.95,0.8604,2,Medical,2025-04-26,1
3567,3567,2025-12-19,19,589,2638.6,24431.4,0.4324,2,Medical,2026-03-19,0
3568,3568,2025-01-09,52,481,2479.54,10642.59,0.8531,1,Personal Loan,2025-04-09,0
3569,3569,2025-01-02,35,722,3000.42,11057.85,0.8942,2,Medical,2025-04-02,0
3570,3570,2025-09-21,87,518,2873.44,17959.0,0.6632,1,Credit Card,2025-12-20,0
3571,3571,2025-02-07,85,740,3690.75,15307.44,0.6245,2,Credit Card,2025-05-08,0
3572,3572,2025-07-09,78,757,2862.54,7898.67,0.4648,0,Auto,2025-10-07,0
3573,3573,2025-02-14,14,696,6081.45,2949.46,0.5283,0,Credit Card,2025-05-15,0
3574,3574,2025-12-31,28,552,3126.46,20770.38,0.4771,1,Medical,2026-03-31,1
3575,3575,2025-03-14,64,802,2974.36,12342.74,0.5641,1,Personal Loan,2025-06-12,0
3576,3576,2025-04-20,67,695,3726.27,16975.62,0.6017,1,Auto,2025-07-19,0
3577,3577,2025-04-17,31,678,6951.95,21582.37,0.6141,3,Credit Card,2025-07-16,1
3578,3578,2025-05-17,12,763,4898.55,934.2,0.3922,1,Credit Card,2025-08-15,0
3579,3579,2025-04-27,12,773,4251.98,21554.94,0.3866,0,Personal Loan,2025-07-26,0
3580,3580,2025-08-20,61,451,2333.51,18918.98,0.3442,1,Credit Card,2025-11-18,1
3581,3581,2025-06-04,40,773,2659.2,23697.13,0.811,0,Personal Loan,2025-09-02,0
3582,3582,2025-09-08,44,726,2501.67,6222.97,0.7488,0,Credit Card,2025-12-07,0
3583,3583,2025-07-22,73,502,8007.09,8399.35,0.5186,1,Auto,2025-10-20,0
3584,3584,2025-05-22,1,543,5646.29,16706.23,0.788,1,Credit Card,2025-08-20,0
3585,3585,2025-10-25,67,721,3017.76,23181.93,0.8347,1,Auto,2026-01-23,1
3586,3586,2025-02-14,24,506,3449.67,24820.4,0.6816,2,Personal Loan,2025-05-15,1
3587,3587,2025-11-08,83,601,,10710.07,0.7178,3,Auto,2026-02-06,1
3588,3588,2025-01-25,85,696,2985.02,13711.13,0.9068,0,Auto,2025-04-25,1
3589,3589,2025-07-12,45,680,5470.56,4678.5,0.757,1,Credit Card,2025-10-10,1
3590,3590,2025-01-01,28,784,3907.33,17502.4,0.4442,2,Medical,2025-04-01,0
3591,3591,2025-08-07,20,464,11344.92,21015.58,0.3762,0,Credit Card,2025-11-05,1
3592,3592,2025-05-16,16,538,7806.11,20066.91,0.8474,0,Medical,2025-08-14,0
3593,3593,2025-02-14,89,814,8016.57,8973.15,0.8331,0,Medical,2025-05-15,0
3594,3594,2025-04-12,16,648,6015.6,24099.97,0.1793,2,Auto,2025-07-11,1
3595,3595,2025-06-28,40,519,3676.82,3448.49,0.6403,0,Auto,2025-09-26,1
3596,3596,2025-01-08,43,536,5819.71,12602.27,0.7919,1,Credit Card,2025-04-08,0
3597,3597,2025-06-11,61,556,3801.02,14087.63,0.4827,1,Auto,2025-09-09,1
3598,3598,2025-08-29,75,642,9261.53,13644.59,0.8355,2,Auto,2025-11-27,0
3599,3599,2025-03-19,50,534,5334.37,19068.32,0.6764,1,Personal Loan,2025-06-17,1
3600,3600,2025-05-10,68,669,5004.35,15435.38,0.88,0,Personal Loan,2025-08-08,1
3601,3601,2025-06-13,51,598,4708.77,2389.67,0.7996,1,Credit Card,2025-09-11,1
3602,3602,2025-07-18,39,664,9731.47,4906.37,0.6364,1,Credit Card,2025-10-16,1
3603,3603,2025-08-14,14,482,2332.77,13539.86,0.902,1,Medical,2025-11-12,1
3604,3604,2025-11-12,18,670,10170.33,17516.42,0.1392,0,Medical,2026-02-10,0
3605,3605,2025-09-17,38,790,4089.72,13097.28,0.83,0,Credit Card,2025-12-16,0
3606,3606,2025-05-13,4,474,2361.93,9209.94,0.691,1,Personal Loan,2025-08-11,1
3607,3607,2025-11-09,28,551,3170.06,1752.8,0.847,0,Auto,2026-02-07,0
3608,3608,2025-03-20,41,698,2115.69,19754.08,0.6631,2,Medical,2025-06-18,0
3609,3609,2025-10-17,42,667,5967.87,12681.26,0.7357,1,Medical,2026-01-15,0
3610,3610,2025-04-12,73,690,2787.13,13700.33,0.4582,1,Personal Loan,2025-07-11,1
3611,3611,2025-05-23,87,644,4797.74,11989.47,0.5913,0,Auto,2025-08-21,1
3612,3612,2025-01-15,65,693,7408.61,7000.96,0.5446,0,Auto,2025-04-15,1
3613,3613,2025-11-21,7,664,3286.55,7271.15,0.2163,1,Auto,2026-02-19,1
3614,3614,2025-03-24,36,449,3941.64,2055.77,0.8841,2,Auto,2025-06-22,1
3615,3615,2025-01-17,65,721,2473.74,17836.18,0.8741,1,Credit Card,2025-04-17,0
3616,3616,2025-11-26,53,599,3734.01,7160.89,0.6885,0,Credit Card,2026-02-24,1
3617,3617,2025-12-17,41,440,14161.9,7814.75,0.2369,0,Personal Loan,2026-03-17,0
3618,3618,2025-02-15,39,584,6311.13,24840.75,0.5301,0,Credit Card,2025-05-16,0
3619,3619,2025-11-07,36,594,3947.63,9952.41,0.5996,0,Auto,2026-02-05,0
3620,3620,2025-05-01,52,454,3376.99,13012.08,0.2293,0,Credit Card,2025-07-30,0
3621,3621,2025-10-13,16,819,4362.56,9968.59,0.5602,1,Auto,2026-01-11,0
3622,3622,2025-02-16,46,509,4715.09,7609.68,0.6123,2,Auto,2025-05-17,1
3623,3623,2025-01-09,18,552,3682.76,643.34,0.9305,0,Credit Card,2025-04-09,1
3624,3624,2025-01-22,61,596,5645.01,21444.72,0.8142,2,Auto,2025-04-22,1
3625,3625,2025-10-11,77,753,2895.6,12092.27,0.1243,2,Credit Card,2026-01-09,0
3626,3626,2025-05-19,45,717,2889.17,18137.31,0.987,1,Auto,2025-08-17,0
3627,3627,2025-03-13,34,729,5253.18,23987.09,0.7532,1,Credit Card,2025-06-11,0
3628,3628,2025-10-28,84,515,2628.35,569.37,0.5004,1,Auto,2026-01-26,1
3629,3629,2025-05-26,59,759,6173.73,17038.47,0.7182,1,Credit Card,2025-08-24,1
3630,3630,2025-01-14,38,752,4418.58,3406.7,0.4522,1,Auto,2025-04-14,0
3631,3631,2025-10-31,2,606,,11720.14,0.1656,1,Auto,2026-01-29,1
3632,3632,2025-09-08,1,638,4671.68,21246.16,0.3357,3,Personal Loan,2025-12-07,1
3633,3633,2025-09-02,19,434,2083.25,2251.65,0.3919,3,Auto,2025-12-01,0
3634,3634,2025-01-19,21,724,6075.46,24745.53,0.6851,3,Medical,2025-04-19,0
3635,3635,2025-03-03,64,805,,14730.48,0.2513,0,Medical,2025-06-01,0
3636,3636,2025-09-22,45,609,10229.06,10177.34,0.7197,0,Personal Loan,2025-12-21,1
3637,3637,2025-10-09,89,636,7201.83,978.0,0.791,0,Credit Card,2026-01-07,1
3638,3638,2025-12-19,48,620,2759.18,14877.17,0.6823,2,Medical,2026-03-19,1
3639,3639,2025-10-30,81,453,1791.25,12624.82,0.5191,2,Personal Loan,2026-01-28,1
3640,3640,2025-04-11,49,668,3165.94,5775.27,0.4664,0,Medical,2025-07-10,1
3641,3641,2025-07-06,32,709,2566.85,12515.96,0.4939,1,Medical,2025-10-04,0
3642,3642,2025-06-17,64,792,10113.05,813.34,0.791,3,Auto,2025-09-15,0
3643,3643,2025-05-27,40,792,4426.47,24987.2,0.7131,1,Auto,2025-08-25,0
3644,3644,2025-07-19,24,617,6768.52,8636.8,0.7691,4,Credit Card,2025-10-17,0
3645,3645,2025-11-23,42,804,3911.73,12265.44,0.9796,2,Credit Card,2026-02-21,0
3646,3646,2025-03-25,59,631,4101.67,19727.07,0.518,1,Credit Card,2025-06-23,0
3647,3647,2025-07-21,33,677,4382.25,17963.07,0.4084,2,Personal Loan,2025-10-19,0
3648,3648,2025-01-17,63,661,7316.9,22269.7,0.7769,3,Credit Card,2025-04-17,1
3649,3649,2025-07-07,88,820,5116.53,23562.48,0.5405,2,Medical,2025-10-05,1
3650,3650,2025-01-25,37,715,2763.35,5134.86,0.403,3,Credit Card,2025-04-25,0
3651,3651,2025-11-08,26,468,9229.23,10064.8,0.5469,0,Personal Loan,2026-02-06,1
3652,3652,2025-05-16,36,448,,17327.02,0.6904,2,Medical,2025-08-14,0
3653,3653,2025-03-22,75,584,,1603.09,0.7627,3,Credit Card,2025-06-20,1
3654,3654,2025-03-17,16,626,1244.79,18065.15,0.2331,0,Credit Card,2025-06-15,0
3655,3655,2025-04-07,87,688,5916.38,619.64,0.6757,0,Auto,2025-07-06,1
3656,3656,2025-07-07,37,613,4653.88,22895.17,0.8362,1,Medical,2025-10-05,0
3657,3657,2025-05-04,75,626,4651.6,18095.15,0.4745,1,Auto,2025-08-02,1
3658,3658,2025-01-24,70,789,3709.78,14354.73,0.6365,1,Auto,2025-04-24,0
3659,3659,2025-03-14,70,554,3432.87,11008.07,0.6397,3,Personal Loan,2025-06-12,1
3660,3660,2025-09-08,81,617,3765.7,24706.61,0.4436,4,Personal Loan,2025-12-07,1
3661,3661,2025-04-25,16,643,5477.6,18544.54,0.5023,1,Medical,2025-07-24,0
3662,3662,2025-02-25,53,607,5928.95,20278.68,0.5671,1,Credit Card,2025-05-26,1
3663,3663,2025-08-09,8,808,4007.95,20721.93,0.4646,2,Medical,2025-11-07,1
3664,3664,2025-01-13,26,805,,1035.94,0.3771,1,Medical,2025-04-13,0
3665,3665,2025-08-18,3,625,4291.8,1839.77,0.8715,0,Medical,2025-11-16,0
3666,3666,2025-04-02,61,600,3544.31,5359.94,0.8019,1,Credit Card,2025-07-01,1
3667,3667,2025-07-09,54,656,4862.4,16552.83,0.7037,0,Medical,2025-10-07,1
3668,3668,2025-09-08,66,492,2412.16,15786.76,0.6742,1,Personal Loan,2025-12-07,0
3669,3669,2025-06-11,15,590,4938.04,8466.51,0.3837,0,Medical,2025-09-09,1
3670,3670,2025-02-11,29,506,2221.68,24338.47,0.4663,2,Credit Card,2025-05-12,1
3671,3671,2025-09-17,60,477,2800.41,2781.11,0.2027,1,Auto,2025-12-16,1
3672,3672,2025-10-10,74,458,1792.9,19529.64,0.4923,2,Medical,2026-01-08,1
3673,3673,2025-04-11,79,655,4110.08,12281.49,0.4359,1,Medical,2025-07-10,1
3674,3674,2025-08-17,6,420,9175.89,10761.44,0.7126,1,Personal Loan,2025-11-15,1
3675,3675,2025-01-12,36,679,4218.84,1126.34,0.5253,2,Personal Loan,2025-04-12,0
3676,3676,2025-04-23,0,593,5940.89,18331.09,0.7628,1,Personal Loan,2025-07-22,1
3677,3677,2025-11-03,73,566,12817.17,19403.6,0.4367,0,Medical,2026-02-01,1
3678,3678,2025-02-02,11,728,5333.83,8314.46,0.6791,2,Auto,2025-05-03,1
3679,3679,2025-05-04,73,636,3151.57,13165.59,0.4906,1,Medical,2025-08-02,1
3680,3680,2025-11-29,14,714,3352.94,15357.83,0.6105,2,Personal Loan,2026-02-27,0
3681,3681,2025-06-21,1,704,4448.38,9507.31,0.6983,1,Medical,2025-09-19,1
3682,3682,2025-03-27,79,432,3344.92,15581.76,0.9365,0,Credit Card,2025-06-25,1
3683,3683,2025-09-22,39,506,3459.44,11136.11,0.8076,2,Personal Loan,2025-12-21,1
3684,3684,2025-08-19,38,648,6928.26,22012.71,0.8519,0,Auto,2025-11-17,0
3685,3685,2025-06-20,58,811,7056.96,18103.57,0.6083,2,Auto,2025-09-18,0
3686,3686,2025-09-10,24,481,2119.42,3207.25,0.7657,1,Credit Card,2025-12-09,1
3687,3687,2025-10-14,62,462,3077.35,20090.28,0.4391,1,Auto,2026-01-12,1
3688,3688,2025-07-14,38,797,3609.04,8768.89,0.8103,2,Medical,2025-10-12,0
3689,3689,2025-03-14,24,807,5823.11,23421.43,0.6747,1,Credit Card,2025-06-12,0
3690,3690,2025-08-02,35,487,7438.2,15282.6,0.7606,1,Auto,2025-10-31,0
3691,3691,2025-10-25,0,581,15001.2,1175.66,0.5868,2,Personal Loan,2026-01-23,1
3692,3692,2025-04-19,27,671,3606.33,18491.89,0.6594,0,Personal Loan,2025-07-18,0
3693,3693,2025-01-19,53,498,3688.3,3702.99,0.5073,0,Medical,2025-04-19,0
3694,3694,2025-08-03,12,550,5795.61,21993.05,0.4932,1,Credit Card,2025-11-01,0
3695,3695,2025-05-08,10,578,3271.5,23734.09,0.3939,3,Auto,2025-08-06,0
3696,3696,2025-10-28,59,677,4173.74,17533.77,0.622,2,Personal Loan,2026-01-26,1
3697,3697,2025-08-12,38,543,3689.45,13555.38,0.5506,3,Credit Card,2025-11-10,1
3698,3698,2025-10-11,12,585,1366.84,15250.54,0.8217,1,Credit Card,2026-01-09,1
3699,3699,2025-07-02,67,536,4700.64,11006.95,0.2102,2,Auto,2025-09-30,1
3700,3700,2025-03-23,69,724,4096.7,2547.78,0.8914,0,Medical,2025-06-21,1
3701,3701,2025-08-27,3,481,7879.77,23256.67,0.1764,1,Auto,2025-11-25,0
3702,3702,2025-10-13,18,512,4458.07,8565.07,0.2014,1,Auto,2026-01-11,1
3703,3703,2025-03-27,33,520,2528.45,8164.77,0.2083,1,Medical,2025-06-25,1
3704,3704,2025-09-06,65,783,3959.43,5187.46,0.6998,0,Personal Loan,2025-12-05,1
3705,3705,2025-12-21,6,798,1735.43,24814.0,0.067,1,Auto,2026-03-21,0
3706,3706,2025-06-09,72,620,2578.82,23592.83,0.5028,3,Medical,2025-09-07,1
3707,3707,2025-04-07,28,482,5919.32,9061.09,0.6988,1,Medical,2025-07-06,1
3708,3708,2025-06-27,11,723,3978.65,6870.13,0.814,1,Medical,2025-09-25,0
3709,3709,2025-06-08,77,617,6735.37,20231.55,0.2964,0,Auto,2025-09-06,1
3710,3710,2025-07-08,7,760,1835.18,10853.95,0.9281,1,Auto,2025-10-06,0
3711,3711,2025-09-04,11,564,3987.39,24210.81,0.4926,1,Auto,2025-12-03,0
3712,3712,2025-10-12,85,820,3590.4,22579.81,0.2628,0,Medical,2026-01-10,0
3713,3713,2025-09-26,46,743,6837.19,19106.56,0.643,0,Credit Card,2025-12-25,0
3714,3714,2025-08-12,41,509,6019.4,2703.15,0.738,1,Credit Card,2025-11-10,1
3715,3715,2025-09-02,61,710,5937.32,17702.13,0.4838,3,Credit Card,2025-12-01,1
3716,3716,2025-11-06,56,535,8898.47,24687.73,0.3699,0,Personal Loan,2026-02-04,1
3717,3717,2025-03-26,55,560,3768.23,9645.67,0.5319,3,Credit Card,2025-06-24,1
3718,3718,2025-10-27,2,520,8109.46,22098.44,0.88,1,Personal Loan,2026-01-25,0
3719,3719,2025-03-03,49,693,2779.72,10499.48,0.6004,0,Credit Card,2025-06-01,0
3720,3720,2025-11-30,25,525,2734.23,24297.44,0.6006,5,Auto,2026-02-28,1
3721,3721,2025-07-19,72,676,6240.0,16512.99,0.777,2,Credit Card,2025-10-17,1
3722,3722,2025-11-16,45,653,2259.43,2864.26,0.6569,2,Medical,2026-02-14,0
3723,3723,2025-12-15,11,721,5754.54,12236.62,0.61,2,Personal Loan,2026-03-15,0
3724,3724,2025-01-08,79,818,4654.51,1718.35,0.6711,0,Auto,2025-04-08,0
3725,3725,2025-07-18,25,423,7203.58,10179.36,0.552,2,Medical,2025-10-16,0
3726,3726,2025-05-13,24,817,4329.69,22926.84,0.783,0,Medical,2025-08-11,0
3727,3727,2025-03-08,84,463,4560.66,6188.95,0.65,2,Personal Loan,2025-06-06,1
3728,3728,2025-05-17,69,631,5592.43,23788.91,0.439,1,Credit Card,2025-08-15,1
3729,3729,2025-08-12,77,556,3300.43,2948.11,0.5985,4,Credit Card,2025-11-10,1
3730,3730,2025-09-08,59,676,3236.37,16787.88,0.8166,0,Medical,2025-12-07,1
3731,3731,2025-02-02,81,709,5505.45,24159.3,0.4349,1,Personal Loan,2025-05-03,1
3732,3732,2025-07-26,10,764,4388.84,16526.76,0.8519,2,Personal Loan,2025-10-24,0
3733,3733,2025-08-11,53,581,3702.3,22525.6,0.6164,1,Credit Card,2025-11-09,1
3734,3734,2025-12-28,26,794,4284.45,24780.25,0.6657,1,Auto,2026-03-28,1
3735,3735,2025-03-19,35,549,9113.86,16225.16,0.6715,1,Medical,2025-06-17,1
3736,3736,2025-08-14,21,501,3643.29,19665.46,0.8313,2,Credit Card,2025-11-12,0
3737,3737,2025-10-14,18,572,3596.05,1283.64,0.6938,0,Auto,2026-01-12,0
3738,3738,2025-07-26,39,631,2062.45,10969.1,0.761,1,Credit Card,2025-10-24,1
3739,3739,2025-03-18,82,687,4363.11,7562.5,0.5195,0,Auto,2025-06-16,0
3740,3740,2025-11-07,57,753,5976.54,20692.54,0.5754,2,Auto,2026-02-05,1
3741,3741,2025-02-18,31,510,6478.79,17100.66,0.5113,2,Medical,2025-05-19,1
3742,3742,2025-10-16,39,541,4668.99,15553.15,0.7488,2,Auto,2026-01-14,1
3743,3743,2025-12-07,47,796,6837.14,23323.19,0.8097,0,Personal Loan,2026-03-07,0
3744,3744,2025-02-28,22,596,6179.88,2677.26,0.5088,0,Personal Loan,2025-05-29,0
3745,3745,2025-08-16,46,516,7338.04,23869.11,0.2711,2,Auto,2025-11-14,0
3746,3746,2025-06-26,62,815,6925.3,2968.74,0.6672,0,Personal Loan,2025-09-24,1
3747,3747,2025-09-23,21,600,,9001.93,0.817,1,Medical,2025-12-22,1
3748,3748,2025-12-28,52,815,4120.12,15941.7,0.9282,4,Credit Card,2026-03-28,0
3749,3749,2025-03-26,63,788,2447.5,8866.17,0.5505,1,Personal Loan,2025-06-24,1
3750,3750,2025-09-16,46,783,5994.95,17222.14,0.7515,0,Medical,2025-12-15,0
3751,3751,2025-12-07,26,653,6318.57,19497.76,0.5631,0,Personal Loan,2026-03-07,1
3752,3752,2025-01-09,49,740,9013.67,20798.39,0.6254,1,Credit Card,2025-04-09,0
3753,3753,2025-10-22,71,805,7915.52,4893.92,0.3578,1,Credit Card,2026-01-20,0
3754,3754,2025-01-23,19,527,10672.89,4960.88,0.472,1,Personal Loan,2025-04-23,1
3755,3755,2025-03-03,51,435,5877.78,1781.69,0.3994,0,Credit Card,2025-06-01,1
3756,3756,2025-09-24,61,548,4929.36,12525.87,0.4463,0,Medical,2025-12-23,1
3757,3757,2025-11-21,28,675,2384.53,3869.57,0.2198,1,Medical,2026-02-19,0
3758,3758,2025-10-10,34,639,5108.41,8305.63,0.7028,0,Auto,2026-01-08,0
3759,3759,2025-03-10,79,452,3468.14,21090.64,0.7735,0,Personal Loan,2025-06-08,1
3760,3760,2025-10-27,32,644,4891.13,23742.14,0.8317,3,Auto,2026-01-25,1
3761,3761,2025-04-16,53,489,4557.51,20640.86,0.7289,2,Medical,2025-07-15,1
3762,3762,2025-04-17,13,622,5498.77,515.89,0.4262,2,Credit Card,2025-07-16,1
3763,3763,2025-10-17,83,650,4256.49,14416.59,0.6477,2,Personal Loan,2026-01-15,1
3764,3764,2025-10-22,53,675,6773.4,4583.17,0.4605,0,Auto,2026-01-20,0
3765,3765,2025-10-16,68,585,1305.81,9705.8,0.8494,0,Auto,2026-01-14,1
3766,3766,2025-12-29,54,583,4844.0,10984.01,0.8815,0,Medical,2026-03-29,0
3767,3767,2025-03-31,31,692,7639.75,23602.05,0.2915,0,Personal Loan,2025-06-29,0
3768,3768,2025-07-30,30,720,10316.73,16026.6,0.2729,2,Auto,2025-10-28,0
3769,3769,2025-07-27,63,743,6181.91,7057.55,0.559,4,Personal Loan,2025-10-25,1
3770,3770,2025-08-07,77,553,9491.93,16248.47,0.8704,0,Medical,2025-11-05,1
3771,3771,2025-12-27,11,590,4798.32,23820.7,0.7327,0,Medical,2026-03-27,0
3772,3772,2025-03-31,76,552,4452.8,1949.4,0.8003,2,Personal Loan,2025-06-29,0
3773,3773,2025-03-09,74,631,5643.37,20491.7,0.5989,4,Medical,2025-06-07,1
3774,3774,2025-03-20,9,471,4440.68,5813.99,0.4498,0,Medical,2025-06-18,0
3775,3775,2025-02-04,9,592,3127.34,4251.14,0.7509,0,Credit Card,2025-05-05,0
3776,3776,2025-01-03,62,495,3526.78,22522.24,0.5759,0,Credit Card,2025-04-03,1
3777,3777,2025-04-24,75,633,2696.02,545.31,0.2193,3,Auto,2025-07-23,0
3778,3778,2025-03-20,35,761,5640.74,18656.6,0.7091,1,Personal Loan,2025-06-18,0
3779,3779,2025-12-13,57,815,4469.92,2637.1,0.2619,2,Medical,2026-03-13,1
3780,3780,2025-02-25,89,598,3781.48,15640.88,0.6772,2,Credit Card,2025-05-26,0
3781,3781,2025-04-28,29,442,,15711.97,0.2851,0,Medical,2025-07-27,0
3782,3782,2025-08-30,20,511,5581.85,21638.01,0.7306,1,Auto,2025-11-28,1
3783,3783,2025-08-23,89,462,6318.28,20653.86,0.875,0,Personal Loan,2025-11-21,1
3784,3784,2025-01-16,25,724,2673.83,17286.53,0.5117,0,Personal Loan,2025-04-16,1
3785,3785,2025-07-08,42,814,2491.26,9823.42,0.4843,2,Credit Card,2025-10-06,0
3786,3786,2025-12-20,39,642,6833.07,4576.94,0.6646,1,Credit Card,2026-03-20,1
3787,3787,2025-03-17,47,490,2395.12,16074.23,0.5639,0,Auto,2025-06-15,0
3788,3788,2025-12-02,24,428,5689.45,12675.76,0.6828,1,Medical,2026-03-02,0
3789,3789,2025-11-07,61,811,9205.99,2409.59,0.9196,1,Personal Loan,2026-02-05,0
3790,3790,2025-04-26,62,546,9215.62,23911.27,0.6093,2,Auto,2025-07-25,1
3791,3791,2025-05-21,18,464,6198.38,8203.28,0.2347,1,Medical,2025-08-19,0
3792,3792,2025-11-29,43,490,6117.84,552.45,0.6616,0,Auto,2026-02-27,0
3793,3793,2025-07-31,5,522,12250.94,22591.41,0.3541,0,Credit Card,2025-10-29,0
3794,3794,2025-06-24,19,683,1555.45,14637.75,0.354,2,Medical,2025-09-22,0
3795,3795,2025-06-28,88,777,3608.51,18459.99,0.5134,2,Medical,2025-09-26,0
3796,3796,2025-11-10,45,530,6514.73,4240.32,0.8884,2,Medical,2026-02-08,1
3797,3797,2025-02-19,56,695,3820.82,10412.84,0.6469,0,Personal Loan,2025-05-20,0
3798,3798,2025-09-09,79,446,7769.03,16304.0,0.5801,1,Medical,2025-12-08,1
3799,3799,2025-01-14,64,424,4369.01,6648.64,0.6736,2,Medical,2025-04-14,1
3800,3800,2025-02-03,71,442,4718.68,17686.72,0.4529,3,Personal Loan,2025-05-04,1
3801,3801,2025-02-23,64,790,3930.01,6223.57,0.5312,2,Medical,2025-05-24,1
3802,3802,2025-09-18,44,653,3515.26,5623.63,0.3111,2,Personal Loan,2025-12-17,1
3803,3803,2025-11-08,56,742,3476.57,784.8,0.6804,1,Auto,2026-02-06,1
3804,3804,2025-08-22,25,428,5024.22,7406.72,0.7654,2,Credit Card,2025-11-20,1
3805,3805,2025-05-28,80,428,3138.33,6545.05,0.2671,2,Personal Loan,2025-08-26,1
3806,3806,2025-10-22,16,760,6829.06,19226.74,0.7045,0,Personal Loan,2026-01-20,0
3807,3807,2025-04-12,79,461,,14457.89,0.4879,1,Medical,2025-07-11,1
3808,3808,2025-10-07,79,482,7293.49,4856.7,0.3593,0,Personal Loan,2026-01-05,1
3809,3809,2025-08-29,12,628,2675.75,14419.12,0.5955,1,Personal Loan,2025-11-27,0
3810,3810,2025-09-25,63,663,2069.86,6023.37,0.6154,0,Auto,2025-12-24,0
3811,3811,2025-04-11,89,511,4438.7,10924.81,0.5482,2,Credit Card,2025-07-10,1
3812,3812,2025-08-24,51,598,16390.55,22261.1,0.8913,0,Medical,2025-11-22,1
3813,3813,2025-03-09,30,690,7861.98,18121.78,0.3629,0,Credit Card,2025-06-07,0
3814,3814,2025-11-10,79,597,3465.11,16451.95,0.3151,1,Auto,2026-02-08,1
3815,3815,2025-02-02,46,573,,7396.34,0.3969,0,Medical,2025-05-03,1
3816,3816,2025-10-12,10,448,6169.75,3552.25,0.8153,5,Personal Loan,2026-01-10,1
3817,3817,2025-08-07,22,601,2402.4,18947.25,0.9248,0,Medical,2025-11-05,0
3818,3818,2025-09-26,61,741,8236.51,14413.31,0.2456,0,Personal Loan,2025-12-25,0
3819,3819,2025-01-26,40,671,4124.33,15757.62,0.7785,0,Credit Card,2025-04-26,1
3820,3820,2025-02-14,19,778,4269.25,24390.28,0.52,2,Credit Card,2025-05-15,0
3821,3821,2025-04-30,71,470,4494.92,9033.86,0.3383,0,Medical,2025-07-29,1
3822,3822,2025-12-21,10,424,7443.1,20118.31,0.8835,1,Auto,2026-03-21,0
3823,3823,2025-06-17,19,639,3165.82,14194.44,0.7456,3,Personal Loan,2025-09-15,1
3824,3824,2025-11-16,41,491,2062.89,6263.87,0.7912,3,Personal Loan,2026-02-14,1
3825,3825,2025-04-24,3,658,5142.68,1795.76,0.7413,2,Personal Loan,2025-07-23,0
3826,3826,2025-07-15,34,782,1772.87,15592.27,0.8387,0,Medical,2025-10-13,0
3827,3827,2025-06-07,81,555,3883.54,7791.6,0.3737,0,Credit Card,2025-09-05,1
3828,3828,2025-11-25,84,640,7586.26,17539.22,0.6629,1,Credit Card,2026-02-23,1
3829,3829,2025-05-27,78,693,5770.95,17667.82,0.3718,1,Credit Card,2025-08-25,0
3830,3830,2025-07-16,29,480,7108.6,11658.78,0.4117,1,Personal Loan,2025-10-14,0
3831,3831,2025-04-19,5,779,5879.09,13641.73,0.5372,1,Personal Loan,2025-07-18,0
3832,3832,2025-07-20,73,501,13156.23,15850.4,0.4222,0,Auto,2025-10-18,1
3833,3833,2025-08-01,33,744,3412.81,11980.82,0.4406,1,Medical,2025-10-30,0
3834,3834,2025-11-04,67,684,5319.63,21995.58,0.1236,1,Auto,2026-02-02,1
3835,3835,2025-07-16,10,476,3651.33,2360.4,0.2391,1,Medical,2025-10-14,1
3836,3836,2025-05-22,60,710,6840.12,24505.54,0.3471,0,Credit Card,2025-08-20,1
3837,3837,2025-08-09,52,498,4325.54,1319.55,0.1706,2,Auto,2025-11-07,0
3838,3838,2025-09-20,82,660,9638.11,5598.36,0.3089,0,Personal Loan,2025-12-19,1
3839,3839,2025-04-19,9,804,3502.15,17853.54,0.6655,2,Medical,2025-07-18,0
3840,3840,2025-10-21,36,802,8376.68,2581.53,0.836,3,Credit Card,2026-01-19,1
3841,3841,2025-05-13,89,769,5807.54,6923.23,0.8197,3,Auto,2025-08-11,1
3842,3842,2025-11-25,35,618,4382.58,4272.43,0.5926,0,Auto,2026-02-23,0
3843,3843,2025-05-15,59,644,5676.55,18227.5,0.3576,2,Medical,2025-08-13,1
3844,3844,2025-08-17,14,540,5001.88,14683.87,0.6934,0,Auto,2025-11-15,1
3845,3845,2025-04-22,65,789,5219.62,2079.73,0.5256,3,Auto,2025-07-21,0
3846,3846,2025-04-16,24,611,4051.77,11773.29,0.8557,0,Credit Card,2025-07-15,1
3847,3847,2025-02-13,51,729,3243.1,5608.32,0.455,1,Personal Loan,2025-05-14,0
3848,3848,2025-10-13,79,564,3824.63,24208.62,0.5499,0,Medical,2026-01-11,1
3849,3849,2025-06-22,59,716,2085.13,3143.99,0.7038,3,Medical,2025-09-20,0
3850,3850,2025-02-03,42,509,6495.58,15152.35,0.671,2,Personal Loan,2025-05-04,1
3851,3851,2025-04-03,17,714,2550.84,12305.26,0.8335,1,Personal Loan,2025-07-02,0
3852,3852,2025-08-26,30,438,4032.17,14663.07,0.6,1,Medical,2025-11-24,1
3853,3853,2025-09-24,76,462,5952.82,23934.07,0.6513,0,Credit Card,2025-12-23,1
3854,3854,2025-09-16,19,561,6488.12,8861.41,0.3418,2,Personal Loan,2025-12-15,0
3855,3855,2025-12-11,59,613,2001.01,18844.78,0.7916,4,Auto,2026-03-11,1
3856,3856,2025-11-16,43,705,4267.01,11462.93,0.4992,1,Auto,2026-02-14,0
3857,3857,2025-05-18,28,563,5469.19,16688.66,0.883,3,Credit Card,2025-08-16,1
3858,3858,2025-05-25,64,427,4552.39,9458.61,0.6622,0,Personal Loan,2025-08-23,1
3859,3859,2025-03-27,32,550,8142.35,6064.49,0.3471,0,Auto,2025-06-25,1
3860,3860,2025-10-03,25,596,3072.32,2548.6,0.2415,0,Credit Card,2026-01-01,0
3861,3861,2025-09-23,47,638,1768.58,2992.91,0.7023,1,Medical,2025-12-22,1
3862,3862,2025-07-26,68,678,6403.8,24006.04,0.663,4,Credit Card,2025-10-24,1
3863,3863,2025-09-19,77,519,3492.28,19817.19,0.7614,3,Personal Loan,2025-12-18,1
3864,3864,2025-08-18,56,664,2015.57,6501.5,0.5653,2,Auto,2025-11-16,1
3865,3865,2025-10-21,59,673,4140.9,13464.11,0.9464,0,Medical,2026-01-19,1
3866,3866,2025-09-08,70,731,7736.86,17998.7,0.7821,3,Credit Card,2025-12-07,1
3867,3867,2025-07-30,24,629,2518.8,9137.18,0.9043,1,Personal Loan,2025-10-28,1
3868,3868,2025-02-27,22,745,12723.4,11279.71,0.4591,1,Medical,2025-05-28,0
3869,3869,2025-07-05,43,508,3050.17,18100.36,0.7264,1,Auto,2025-10-03,1
3870,3870,2025-09-28,56,705,,6072.63,0.557,2,Auto,2025-12-27,1
3871,3871,2025-12-21,58,438,2569.3,13395.44,0.4037,0,Auto,2026-03-21,1
3872,3872,2025-02-04,13,461,4531.12,5647.16,0.3662,0,Credit Card,2025-05-05,1
3873,3873,2025-04-02,70,766,4187.31,575.4,0.4148,1,Medical,2025-07-01,0
3874,3874,2025-12-22,32,610,2274.98,17411.46,0.7293,1,Personal Loan,2026-03-22,0
3875,3875,2025-12-26,78,668,15861.06,17827.99,0.4383,1,Auto,2026-03-26,0
3876,3876,2025-02-21,65,661,3558.51,24895.21,0.4821,3,Personal Loan,2025-05-22,1
3877,3877,2025-04-14,88,698,,4934.88,0.7568,1,Credit Card,2025-07-13,1
3878,3878,2025-12-26,56,518,6877.88,18619.72,0.8973,2,Auto,2026-03-26,1
3879,3879,2025-01-27,47,491,10060.93,23725.2,0.2276,2,Credit Card,2025-04-27,1
3880,3880,2025-04-02,16,437,7382.71,16292.22,0.7763,0,Credit Card,2025-07-01,1
3881,3881,2025-12-03,35,766,2590.14,24096.94,0.6998,1,Medical,2026-03-03,0
3882,3882,2025-05-29,77,509,4896.42,24863.8,0.5417,1,Personal Loan,2025-08-27,0
3883,3883,2025-10-29,34,650,1907.18,20139.8,0.5285,1,Credit Card,2026-01-27,0
3884,3884,2025-07-28,4,602,6672.62,24982.5,0.4618,2,Personal Loan,2025-10-26,1
3885,3885,2025-04-13,22,485,2130.61,15832.7,0.9254,1,Personal Loan,2025-07-12,0
3886,3886,2025-06-25,53,585,3098.15,12677.86,0.434,2,Credit Card,2025-09-23,1
3887,3887,2025-08-09,56,453,4440.66,22982.09,0.3623,3,Auto,2025-11-07,0
3888,3888,2025-09-15,88,490,5433.03,20858.42,0.3137,1,Personal Loan,2025-12-14,1
3889,3889,2025-06-30,84,476,3954.38,3197.75,0.892,5,Auto,2025-09-28,1
3890,3890,2025-09-04,47,750,8809.51,7916.7,0.7453,2,Personal Loan,2025-12-03,0
3891,3891,2025-02-19,49,647,6157.7,6885.81,0.6769,0,Auto,2025-05-20,0
3892,3892,2025-05-14,72,791,5943.93,21453.91,0.5812,0,Medical,2025-08-12,1
3893,3893,2025-10-04,4,594,2557.46,6214.51,0.3287,4,Personal Loan,2026-01-02,1
3894,3894,2025-10-07,53,500,9554.0,7949.1,0.6792,0,Credit Card,2026-01-05,1
3895,3895,2025-10-25,42,664,3098.34,13210.32,0.6362,3,Personal Loan,2026-01-23,0
3896,3896,2025-06-28,70,792,9719.55,2364.93,0.7953,4,Medical,2025-09-26,1
3897,3897,2025-07-29,72,633,,24050.13,0.7822,1,Medical,2025-10-27,1
3898,3898,2025-08-14,59,427,5600.97,12531.04,0.3822,1,Personal Loan,2025-11-12,1
3899,3899,2025-02-05,59,541,7075.59,5165.63,0.8709,2,Credit Card,2025-05-06,1
3900,3900,2025-09-15,62,790,1110.63,7135.11,0.6714,2,Auto,2025-12-14,0
3901,3901,2025-03-23,52,627,4073.46,20053.05,0.7275,2,Medical,2025-06-21,1
3902,3902,2025-08-13,20,801,7302.52,16033.16,0.2896,2,Medical,2025-11-11,1
3903,3903,2025-11-12,25,624,6741.45,11883.34,0.5091,0,Credit Card,2026-02-10,0
3904,3904,2025-01-29,66,424,2568.62,8624.23,0.6535,0,Personal Loan,2025-04-29,1
3905,3905,2025-05-06,55,770,3896.47,22566.77,0.6252,1,Medical,2025-08-04,1
3906,3906,2025-10-03,21,725,1420.32,19427.83,0.3986,2,Credit Card,2026-01-01,0
3907,3907,2025-02-07,79,706,5355.33,18093.74,0.9955,2,Medical,2025-05-08,0
3908,3908,2025-06-23,88,809,1905.5,11427.01,0.5348,2,Medical,2025-09-21,0
3909,3909,2025-09-26,56,498,7396.15,24538.42,0.4991,0,Personal Loan,2025-12-25,0
3910,3910,2025-02-17,20,783,7572.1,17896.72,0.8402,3,Personal Loan,2025-05-18,0
3911,3911,2025-12-20,84,513,3592.25,10878.81,0.7596,1,Credit Card,2026-03-20,0
3912,3912,2025-03-11,21,809,5622.74,24033.53,0.4337,1,Auto,2025-06-09,0
3913,3913,2025-09-15,38,496,4033.16,22445.26,0.7319,0,Credit Card,2025-12-14,1
3914,3914,2025-03-23,77,640,4958.5,18629.15,0.416,1,Personal Loan,2025-06-21,0
3915,3915,2025-05-28,46,736,2653.76,19291.4,0.8825,0,Medical,2025-08-26,1
3916,3916,2025-11-20,21,451,5884.76,10878.87,0.5631,4,Auto,2026-02-18,1
3917,3917,2025-12-28,7,446,2124.87,12930.09,0.644,0,Auto,2026-03-28,1
3918,3918,2025-08-09,32,760,1951.85,5192.91,0.2559,0,Credit Card,2025-11-07,0
3919,3919,2025-03-15,60,444,4209.64,15087.21,0.7568,2,Credit Card,2025-06-13,1
3920,3920,2025-01-21,64,666,4043.8,9562.96,0.4459,1,Auto,2025-04-21,1
3921,3921,2025-09-11,20,796,5026.78,9012.24,0.6166,3,Auto,2025-12-10,0
3922,3922,2025-10-20,14,666,3320.01,23731.59,0.6994,1,Credit Card,2026-01-18,1
3923,3923,2025-05-22,63,612,10389.61,4537.19,0.9318,2,Credit Card,2025-08-20,1
3924,3924,2025-09-12,14,587,4780.37,20834.35,0.772,0,Credit Card,2025-12-11,0
3925,3925,2025-03-19,5,675,4938.4,7395.98,0.5915,1,Personal Loan,2025-06-17,0
3926,3926,2025-07-07,43,649,4859.81,1202.06,0.8823,0,Credit Card,2025-10-05,0
3927,3927,2025-02-08,51,621,6983.53,1491.35,0.245,0,Auto,2025-05-09,0
3928,3928,2025-10-29,21,481,5762.97,11014.85,0.1673,1,Credit Card,2026-01-27,0
3929,3929,2025-11-05,19,685,5425.73,11634.29,0.2083,2,Auto,2026-02-03,0
3930,3930,2025-10-08,21,716,6193.11,8346.15,0.7525,1,Medical,2026-01-06,0
3931,3931,2025-01-04,30,704,1956.52,16885.1,0.6518,2,Medical,2025-04-04,1
3932,3932,2025-07-03,0,450,1990.06,12390.9,0.9817,1,Auto,2025-10-01,1
3933,3933,2025-06-24,1,701,4297.43,2315.77,0.4461,0,Medical,2025-09-22,0
3934,3934,2025-09-27,33,712,4068.57,9027.74,0.8039,1,Credit Card,2025-12-26,1
3935,3935,2025-10-03,1,493,5772.81,2998.09,0.8277,1,Medical,2026-01-01,0
3936,3936,2025-01-09,28,760,4487.31,2041.43,0.68,2,Credit Card,2025-04-09,0
3937,3937,2025-11-29,52,630,5778.15,5603.51,0.3304,3,Auto,2026-02-27,0
3938,3938,2025-07-03,2,609,2538.89,17664.1,0.4798,1,Personal Loan,2025-10-01,1
3939,3939,2025-02-02,55,709,4425.62,17552.04,0.695,1,Auto,2025-05-03,1
3940,3940,2025-05-15,55,624,2432.13,21604.03,0.8995,1,Auto,2025-08-13,1
3941,3941,2025-09-21,51,638,5292.71,19032.27,0.9096,1,Credit Card,2025-12-20,1
3942,3942,2025-03-26,56,545,1909.83,13619.64,0.4661,2,Personal Loan,2025-06-24,1
3943,3943,2025-07-07,72,792,5201.69,8159.0,0.4965,1,Auto,2025-10-05,0
3944,3944,2025-06-18,6,808,2296.06,642.38,0.961,0,Credit Card,2025-09-16,0
3945,3945,2025-05-11,15,472,3742.14,16354.87,0.3176,2,Credit Card,2025-08-09,1
3946,3946,2025-05-24,28,713,6652.3,7597.97,0.5509,0,Personal Loan,2025-08-22,0
3947,3947,2025-07-24,61,429,4926.19,6627.45,0.4516,1,Auto,2025-10-22,1
3948,3948,2025-03-09,78,567,2120.6,24383.23,0.3353,0,Medical,2025-06-07,1
3949,3949,2025-08-29,82,808,3285.99,4768.88,0.7305,2,Medical,2025-11-27,1
3950,3950,2025-12-31,52,490,2262.85,1294.65,0.463,0,Medical,2026-03-31,1
3951,3951,2025-10-01,36,571,2074.26,23760.06,0.7028,1,Medical,2025-12-30,0
3952,3952,2025-01-19,37,508,4688.88,7997.16,0.6068,0,Personal Loan,2025-04-19,0
3953,3953,2025-06-02,5,712,5722.35,10138.79,0.442,1,Auto,2025-08-31,0
3954,3954,2025-11-02,41,606,5422.29,2482.91,0.7572,2,Credit Card,2026-01-31,0
3955,3955,2025-09-12,46,657,5832.39,10399.6,0.5902,1,Personal Loan,2025-12-11,0
3956,3956,2025-10-03,18,797,4423.29,24319.42,0.3249,0,Auto,2026-01-01,0
3957,3957,2025-08-25,69,628,3932.28,17503.48,0.8872,0,Medical,2025-11-23,0
3958,3958,2025-01-28,73,714,2743.85,12108.71,0.8259,1,Credit Card,2025-04-28,0
3959,3959,2025-09-22,27,459,3648.11,8033.06,0.8051,2,Personal Loan,2025-12-21,1
3960,3960,2025-05-05,82,506,2453.8,9468.08,0.5992,1,Medical,2025-08-03,1
3961,3961,2025-01-12,9,799,3040.19,15475.09,0.8091,1,Personal Loan,2025-04-12,1
3962,3962,2025-08-13,81,764,4628.63,6734.03,0.8731,2,Personal Loan,2025-11-11,1
3963,3963,2025-08-17,69,683,4217.46,4222.71,0.4886,0,Credit Card,2025-11-15,0
3964,3964,2025-02-26,20,571,17661.24,17557.6,0.7062,1,Credit Card,2025-05-27,1
3965,3965,2025-09-30,58,500,,21802.01,0.6491,1,Credit Card,2025-12-29,0
3966,3966,2025-09-29,27,761,4203.64,22587.7,0.6513,0,Personal Loan,2025-12-28,1
3967,3967,2025-05-19,71,734,2343.31,21114.75,0.5895,0,Personal Loan,2025-08-17,0
3968,3968,2025-05-09,14,516,3734.97,13499.69,0.1679,0,Personal Loan,2025-08-07,0
3969,3969,2025-11-17,22,656,3804.0,19826.36,0.851,1,Auto,2026-02-15,1
3970,3970,2025-02-21,27,668,6504.15,23195.72,0.5929,2,Medical,2025-05-22,0
3971,3971,2025-08-29,17,611,3632.4,1072.38,0.8029,1,Auto,2025-11-27,0
3972,3972,2025-09-10,29,791,4080.22,10596.41,0.5404,2,Medical,2025-12-09,0
3973,3973,2025-03-29,54,469,3664.17,5501.07,0.3479,1,Credit Card,2025-06-27,0
3974,3974,2025-04-02,56,523,2367.35,24920.84,0.2442,0,Credit Card,2025-07-01,1
3975,3975,2025-07-11,49,458,3316.13,23274.37,0.4896,1,Medical,2025-10-09,1
3976,3976,2025-05-09,17,697,3744.82,20153.56,0.8465,5,Medical,2025-08-07,0
3977,3977,2025-02-05,18,678,4597.29,7749.06,0.7717,2,Personal Loan,2025-05-06,0
3978,3978,2025-06-08,82,815,5718.87,23826.51,0.7137,1,Credit Card,2025-09-06,0
3979,3979,2025-09-26,22,637,4001.53,1216.64,0.5611,0,Auto,2025-12-25,0
3980,3980,2025-06-07,9,480,3970.0,5106.97,0.3516,2,Personal Loan,2025-09-05,1
3981,3981,2025-10-01,40,600,2050.08,15613.41,0.469,3,Medical,2025-12-30,1
3982,3982,2025-10-16,0,455,5669.64,19928.66,0.6357,0,Personal Loan,2026-01-14,1
3983,3983,2025-08-02,30,689,3251.42,22148.96,0.6587,1,Personal Loan,2025-10-31,0
3984,3984,2025-08-25,76,690,6224.23,7862.46,0.6287,0,Auto,2025-11-23,0
3985,3985,2025-01-25,24,763,8041.72,10074.71,0.4107,0,Credit Card,2025-04-25,0
3986,3986,2025-11-08,63,556,4086.48,11643.27,0.7221,1,Personal Loan,2026-02-06,1
3987,3987,2025-02-27,44,544,2805.99,1160.86,0.6259,3,Credit Card,2025-05-28,0
3988,3988,2025-10-09,31,448,4413.78,21667.25,0.2359,3,Personal Loan,2026-01-07,0
3989,3989,2025-10-08,59,586,5202.61,8779.74,0.6266,1,Auto,2026-01-06,1
3990,3990,2025-12-08,53,610,3858.43,5382.32,0.5516,1,Personal Loan,2026-03-08,1
3991,3991,2025-05-03,28,722,3450.18,10525.33,0.7674,1,Personal Loan,2025-08-01,0
3992,3992,2025-05-08,20,722,5730.68,17908.8,0.1508,1,Personal Loan,2025-08-06,0
3993,3993,2025-04-01,82,476,5563.1,21837.43,0.3807,1,Credit Card,2025-06-30,1
3994,3994,2025-07-31,15,534,3805.37,5776.72,0.9246,0,Auto,2025-10-29,1
3995,3995,2025-03-19,86,625,2112.59,4729.02,0.2628,1,Auto,2025-06-17,0
3996,3996,2025-11-04,42,554,5460.91,23622.68,0.386,2,Credit Card,2026-02-02,0
3997,3997,2025-08-30,89,430,3148.57,13996.88,0.8177,0,Medical,2025-11-28,1
3998,3998,2025-10-26,31,759,4897.37,9461.41,0.5368,0,Auto,2026-01-24,0
3999,3999,2025-06-25,50,713,4760.08,5383.33,0.6546,1,Credit Card,2025-09-23,0
4000,4000,2025-10-23,55,628,1900.69,24883.57,0.7603,0,Credit Card,2026-01-21,0
4001,4001,2025-02-08,30,547,4612.32,18120.02,0.6885,1,Personal Loan,2025-05-09,1
4002,4002,2025-06-07,19,757,5605.7,5838.19,0.7101,1,Medical,2025-09-05,0
4003,4003,2025-08-15,46,434,5923.71,2735.86,0.4987,0,Credit Card,2025-11-13,1
4004,4004,2025-06-27,59,599,4688.25,5382.42,0.8087,2,Credit Card,2025-09-25,0
4005,4005,2025-09-29,23,741,1826.7,6569.69,0.8059,0,Auto,2025-12-28,0
4006,4006,2025-01-29,69,802,7900.54,3221.6,0.4358,1,Auto,2025-04-29,0
4007,4007,2025-10-20,57,520,5350.58,6126.46,0.8006,1,Personal Loan,2026-01-18,1
4008,4008,2025-03-05,14,680,2587.65,3361.1,0.7966,4,Auto,2025-06-03,0
4009,4009,2025-02-15,84,496,3119.75,9754.43,0.6809,0,Personal Loan,2025-05-16,1
4010,4010,2025-06-11,3,466,4934.72,12411.78,0.6311,1,Medical,2025-09-09,1
4011,4011,2025-10-19,58,561,6038.45,11654.48,0.704,0,Personal Loan,2026-01-17,1
4012,4012,2025-04-24,39,774,3570.34,20815.65,0.7982,3,Medical,2025-07-23,0
4013,4013,2025-11-02,58,696,6447.75,6722.89,0.6149,0,Credit Card,2026-01-31,1
4014,4014,2025-03-30,69,616,1984.76,22233.8,0.7383,0,Credit Card,2025-06-28,0
4015,4015,2025-10-16,61,533,2781.91,22749.01,0.5547,1,Auto,2026-01-14,1
4016,4016,2025-02-24,58,476,1756.43,24015.09,0.3499,3,Auto,2025-05-25,1
4017,4017,2025-09-10,75,528,2969.56,4934.09,0.4532,0,Medical,2025-12-09,1
4018,4018,2025-10-03,63,481,,6520.9,0.2325,0,Credit Card,2026-01-01,1
4019,4019,2025-02-08,73,495,11226.26,15783.89,0.6879,2,Auto,2025-05-09,0
4020,4020,2025-10-23,36,695,4942.2,3951.85,0.3562,2,Medical,2026-01-21,1
4021,4021,2025-08-16,18,473,3336.6,2597.72,0.569,0,Auto,2025-11-14,1
4022,4022,2025-06-29,21,438,4024.93,2305.58,0.3676,2,Personal Loan,2025-09-27,0
4023,4023,2025-11-29,55,637,5502.75,15350.67,0.7584,0,Auto,2026-02-27,1
4024,4024,2025-10-29,47,534,2200.98,20214.61,0.7522,1,Credit Card,2026-01-27,0
4025,4025,2025-05-13,6,602,3437.07,6842.7,0.401,1,Credit Card,2025-08-11,1
4026,4026,2025-11-30,18,476,8482.0,23371.58,0.7952,0,Credit Card,2026-02-28,1
4027,4027,2025-11-20,87,504,2777.84,19902.42,0.443,2,Medical,2026-02-18,1
4028,4028,2025-02-25,65,596,3174.61,2397.78,0.4281,0,Medical,2025-05-26,1
4029,4029,2025-08-20,67,696,4473.55,10478.93,0.3672,0,Auto,2025-11-18,1
4030,4030,2025-10-31,17,586,5051.37,2166.36,0.5833,3,Auto,2026-01-29,0
4031,4031,2025-02-17,5,637,3356.82,22922.26,0.6756,1,Medical,2025-05-18,1
4032,4032,2025-01-11,26,629,4603.78,18698.65,0.6068,0,Medical,2025-04-11,0
4033,4033,2025-10-05,77,527,5846.35,17320.36,0.7531,1,Personal Loan,2026-01-03,1
4034,4034,2025-02-11,45,532,10749.92,17226.2,0.7705,0,Personal Loan,2025-05-12,1
4035,4035,2025-04-27,70,590,4201.47,7486.97,0.8238,1,Medical,2025-07-26,1
4036,4036,2025-05-31,43,432,4365.19,23371.71,0.7554,1,Personal Loan,2025-08-29,1
4037,4037,2025-11-11,44,694,8842.75,23108.03,0.8311,3,Auto,2026-02-09,0
4038,4038,2025-09-02,54,666,3473.35,18617.48,0.668,1,Medical,2025-12-01,1
4039,4039,2025-04-12,86,542,2450.48,11988.79,0.4804,0,Medical,2025-07-11,1
4040,4040,2025-06-28,39,569,4977.15,1654.34,0.6793,2,Personal Loan,2025-09-26,0
4041,4041,2025-06-23,53,551,7217.61,1193.63,0.537,1,Medical,2025-09-21,1
4042,4042,2025-03-18,82,681,5231.59,3884.29,0.7829,0,Personal Loan,2025-06-16,1
4043,4043,2025-06-16,33,724,4257.1,15096.23,0.8797,1,Personal Loan,2025-09-14,0
4044,4044,2025-08-19,75,463,,20053.43,0.7157,1,Credit Card,2025-11-17,1
4045,4045,2025-02-17,48,585,,23737.41,0.7511,1,Credit Card,2025-05-18,1
4046,4046,2025-11-14,79,425,7745.91,4796.37,0.359,0,Medical,2026-02-12,1
4047,4047,2025-09-08,42,601,2552.04,7250.43,0.4077,1,Medical,2025-12-07,0
4048,4048,2025-10-18,56,519,3983.29,1825.46,0.4458,0,Medical,2026-01-16,1
4049,4049,2025-07-11,29,554,3735.48,24731.66,0.4085,0,Personal Loan,2025-10-09,0
4050,4050,2025-04-19,57,603,3248.77,19632.42,0.9009,0,Medical,2025-07-18,1
4051,4051,2025-09-22,29,549,4971.94,12277.5,0.8099,2,Personal Loan,2025-12-21,1
4052,4052,2025-11-26,54,578,5428.88,14601.35,0.4275,0,Credit Card,2026-02-24,0
4053,4053,2025-03-02,70,726,5403.34,14273.27,0.7885,1,Auto,2025-05-31,0
4054,4054,2025-05-22,39,744,2865.32,6731.84,0.6951,0,Medical,2025-08-20,1
4055,4055,2025-12-06,38,422,2120.29,5042.07,0.5326,0,Medical,2026-03-06,1
4056,4056,2025-11-25,28,571,5004.41,7775.91,0.7158,2,Auto,2026-02-23,1
4057,4057,2025-11-11,65,759,3541.61,6555.26,0.5431,1,Credit Card,2026-02-09,1
4058,4058,2025-02-07,53,632,10170.44,14159.44,0.5801,1,Credit Card,2025-05-08,0
4059,4059,2025-02-16,46,502,10384.08,8050.97,0.883,1,Medical,2025-05-17,0
4060,4060,2025-12-08,2,657,10892.29,18359.15,0.2185,1,Personal Loan,2026-03-08,0
4061,4061,2025-11-12,9,478,2913.03,14414.52,0.8702,1,Medical,2026-02-10,1
4062,4062,2025-05-08,0,428,5745.75,13540.46,0.5143,4,Medical,2025-08-06,1
4063,4063,2025-04-23,76,673,6580.91,23806.7,0.6856,0,Medical,2025-07-22,0
4064,4064,2025-06-10,76,626,6255.77,8399.03,0.773,1,Credit Card,2025-09-08,1
4065,4065,2025-01-03,6,723,3791.51,16064.11,0.615,2,Auto,2025-04-03,0
4066,4066,2025-11-02,4,558,7907.95,501.24,0.5076,0,Auto,2026-01-31,1
4067,4067,2025-11-16,70,762,4448.02,18554.63,0.6731,2,Personal Loan,2026-02-14,1
4068,4068,2025-09-09,47,588,4710.96,12812.33,0.6311,1,Auto,2025-12-08,1
4069,4069,2025-03-06,27,715,2226.03,5605.43,0.7066,1,Credit Card,2025-06-04,1
4070,4070,2025-07-22,55,460,5944.04,537.01,0.6573,2,Medical,2025-10-20,0
4071,4071,2025-06-01,21,458,3955.31,17820.13,0.3229,1,Auto,2025-08-30,0
4072,4072,2025-09-05,17,733,5481.59,16736.17,0.632,3,Credit Card,2025-12-04,1
4073,4073,2025-01-21,33,754,4943.36,16802.47,0.8109,0,Medical,2025-04-21,0
4074,4074,2025-07-10,80,797,4824.3,11217.64,0.7139,1,Medical,2025-10-08,0
4075,4075,2025-10-20,69,550,4356.52,16162.78,0.2361,1,Medical,2026-01-18,1
4076,4076,2025-01-10,17,428,6335.79,14497.7,0.6069,1,Medical,2025-04-10,0
4077,4077,2025-12-15,50,812,4066.34,6352.93,0.3235,0,Auto,2026-03-15,0
4078,4078,2025-06-21,79,661,2310.37,13209.82,0.7678,2,Medical,2025-09-19,1
4079,4079,2025-01-16,85,519,5744.68,13107.52,0.4746,4,Medical,2025-04-16,0
4080,4080,2025-08-09,68,726,,20678.76,0.7089,0,Credit Card,2025-11-07,0
4081,4081,2025-09-07,11,782,2450.59,11120.48,0.4777,0,Personal Loan,2025-12-06,0
4082,4082,2025-02-17,21,534,2807.33,11184.09,0.2804,1,Personal Loan,2025-05-18,1
4083,4083,2025-06-24,19,728,5051.8,24617.91,0.4471,3,Auto,2025-09-22,0
4084,4084,2025-03-24,13,735,4258.05,22414.36,0.5811,2,Auto,2025-06-22,0
4085,4085,2025-11-30,15,621,1703.25,6436.01,0.6301,2,Credit Card,2026-02-28,0
4086,4086,2025-03-25,28,673,3741.92,22802.18,0.939,0,Personal Loan,2025-06-23,0
4087,4087,2025-02-13,49,528,7526.26,3880.18,0.7875,1,Auto,2025-05-14,0
4088,4088,2025-07-17,35,792,,21408.08,0.8737,2,Personal Loan,2025-10-15,0
4089,4089,2025-11-28,37,814,4127.95,4991.42,0.2625,1,Personal Loan,2026-02-26,0
4090,4090,2025-03-24,22,813,7110.63,10927.28,0.6022,0,Medical,2025-06-22,0
4091,4091,2025-11-22,13,715,6361.19,24606.08,0.4401,3,Auto,2026-02-20,0
4092,4092,2025-03-24,89,436,7042.99,2877.7,0.8625,3,Personal Loan,2025-06-22,1
4093,4093,2025-12-03,53,566,1277.1,21074.8,0.3311,0,Auto,2026-03-03,1
4094,4094,2025-06-05,20,598,9701.98,12620.98,0.4347,1,Personal Loan,2025-09-03,0
4095,4095,2025-05-28,72,804,5921.71,3219.29,0.2382,3,Credit Card,2025-08-26,0
4096,4096,2025-10-15,74,639,13462.51,23836.04,0.6964,2,Medical,2026-01-13,1
4097,4097,2025-06-28,87,635,3127.39,13956.17,0.4182,0,Personal Loan,2025-09-26,0
4098,4098,2025-04-13,14,478,2011.12,22075.71,0.8218,0,Medical,2025-07-12,0
4099,4099,2025-05-18,57,738,4461.54,21793.12,0.7978,3,Personal Loan,2025-08-16,1
4100,4100,2025-04-02,88,554,3928.77,858.55,0.5259,0,Credit Card,2025-07-01,0
4101,4101,2025-06-13,72,456,5967.89,6988.6,0.7411,0,Personal Loan,2025-09-11,1
4102,4102,2025-07-03,20,816,7213.56,8754.58,0.6082,2,Personal Loan,2025-10-01,0
4103,4103,2025-09-08,80,496,4275.76,13604.17,0.8496,0,Medical,2025-12-07,1
4104,4104,2025-05-09,37,426,3990.54,2260.72,0.9071,0,Medical,2025-08-07,1
4105,4105,2025-04-08,44,451,5626.39,10029.69,0.4936,0,Credit Card,2025-07-07,1
4106,4106,2025-12-25,50,601,3962.59,20458.63,0.1757,0,Medical,2026-03-25,0
4107,4107,2025-10-28,69,461,3816.19,4743.18,0.3201,1,Personal Loan,2026-01-26,1
4108,4108,2025-10-22,10,757,7091.92,17681.27,0.4111,0,Medical,2026-01-20,0
4109,4109,2025-05-10,48,625,,11778.07,0.6442,3,Auto,2025-08-08,1
4110,4110,2025-05-23,73,549,7242.96,2232.28,0.686,1,Personal Loan,2025-08-21,1
4111,4111,2025-09-04,49,421,4122.84,4845.66,0.6707,0,Credit Card,2025-12-03,1
4112,4112,2025-02-13,24,612,1697.81,3955.25,0.5574,2,Credit Card,2025-05-14,1
4113,4113,2025-12-20,5,480,4160.15,15683.09,0.4308,2,Credit Card,2026-03-20,0
4114,4114,2025-03-21,49,812,3161.84,2639.45,0.6586,0,Credit Card,2025-06-19,0
4115,4115,2025-03-27,63,536,4194.9,20664.65,0.6911,1,Auto,2025-06-25,1
4116,4116,2025-10-13,49,610,3287.92,20263.15,0.1778,0,Auto,2026-01-11,1
4117,4117,2025-04-12,88,427,4405.76,2461.52,0.6369,0,Auto,2025-07-11,1
4118,4118,2025-06-16,54,472,2785.9,22260.83,0.4898,2,Personal Loan,2025-09-14,1
4119,4119,2025-12-12,45,503,2499.08,23999.44,0.9195,0,Medical,2026-03-12,1
4120,4120,2025-03-13,4,440,7709.52,1564.97,0.7363,5,Medical,2025-06-11,0
4121,4121,2025-02-09,50,711,2874.56,23783.07,0.9318,0,Personal Loan,2025-05-10,0
4122,4122,2025-08-17,15,799,4447.73,7346.82,0.8522,1,Auto,2025-11-15,0
4123,4123,2025-01-13,65,815,6833.09,16786.67,0.8483,1,Auto,2025-04-13,0
4124,4124,2025-08-22,14,526,6710.55,4782.99,0.2861,0,Personal Loan,2025-11-20,1
4125,4125,2025-03-30,81,736,6359.35,20527.67,0.6602,1,Medical,2025-06-28,1
4126,4126,2025-05-01,27,622,5096.4,21126.88,0.4012,1,Personal Loan,2025-07-30,0
4127,4127,2025-05-23,39,438,6159.81,24469.36,0.4609,1,Auto,2025-08-21,0
4128,4128,2025-02-22,13,456,8249.35,24817.07,0.6047,0,Credit Card,2025-05-23,0
4129,4129,2025-11-25,18,639,5384.39,2358.51,0.7756,1,Credit Card,2026-02-23,0
4130,4130,2025-07-25,82,589,1945.47,16620.11,0.8114,1,Auto,2025-10-23,1
4131,4131,2025-05-10,25,423,,7189.63,0.6249,1,Medical,2025-08-08,1
4132,4132,2025-07-25,46,792,6083.69,3576.66,0.6363,2,Auto,2025-10-23,0
4133,4133,2025-04-28,88,712,3353.66,4145.49,0.5714,0,Medical,2025-07-27,0
4134,4134,2025-06-16,56,621,9219.24,23442.71,0.8927,0,Medical,2025-09-14,1
4135,4135,2025-02-22,3,815,4322.41,17249.41,0.7601,1,Medical,2025-05-23,1
4136,4136,2025-12-21,32,809,4620.98,1736.29,0.4275,1,Personal Loan,2026-03-21,0
4137,4137,2025-10-12,34,810,7377.09,24613.64,0.5538,2,Credit Card,2026-01-10,0
4138,4138,2025-04-27,24,523,4095.8,20291.4,0.4839,2,Auto,2025-07-26,1
4139,4139,2025-07-19,21,773,,8074.89,0.3579,2,Personal Loan,2025-10-17,0
4140,4140,2025-07-03,45,622,6664.87,12036.23,0.4598,1,Medical,2025-10-01,1
4141,4141,2025-01-23,33,711,2292.68,18301.11,0.6633,0,Medical,2025-04-23,0
4142,4142,2025-08-20,26,764,3911.26,17062.79,0.7416,1,Auto,2025-11-18,0
4143,4143,2025-07-09,37,485,6458.28,11845.48,0.7054,2,Personal Loan,2025-10-07,1
4144,4144,2025-09-10,30,599,4580.3,13053.55,0.6944,4,Personal Loan,2025-12-09,1
4145,4145,2025-03-31,20,471,8606.73,1558.59,0.5662,1,Medical,2025-06-29,0
4146,4146,2025-11-05,40,532,2188.2,12765.51,0.7073,3,Credit Card,2026-02-03,1
4147,4147,2025-09-27,84,585,2078.7,8836.05,0.7048,1,Medical,2025-12-26,1
4148,4148,2025-03-22,45,763,6287.75,7483.75,0.6711,3,Auto,2025-06-20,0
4149,4149,2025-07-25,53,765,6565.69,7105.75,0.7574,1,Medical,2025-10-23,0
4150,4150,2025-11-11,88,576,4076.68,16399.2,0.9522,2,Medical,2026-02-09,1
4151,4151,2025-01-11,55,552,5325.05,11016.81,0.2837,2,Personal Loan,2025-04-11,0
4152,4152,2025-02-06,20,632,6218.87,10932.16,0.7355,1,Auto,2025-05-07,0
4153,4153,2025-10-28,35,785,3083.32,4400.08,0.8521,5,Auto,2026-01-26,1
4154,4154,2025-01-24,43,811,3235.43,24065.66,0.8289,0,Personal Loan,2025-04-24,0
4155,4155,2025-05-13,42,510,4843.42,5986.19,0.1581,3,Auto,2025-08-11,1
4156,4156,2025-11-14,13,494,6679.78,10449.68,0.7743,0,Auto,2026-02-12,1
4157,4157,2025-10-08,9,703,2631.53,5160.02,0.4539,0,Credit Card,2026-01-06,0
4158,4158,2025-04-29,31,540,4068.07,17727.0,0.5144,1,Credit Card,2025-07-28,0
4159,4159,2025-08-01,82,500,3984.21,11185.15,0.7016,1,Medical,2025-10-30,1
4160,4160,2025-10-18,64,432,5367.31,10634.42,0.6605,0,Medical,2026-01-16,0
4161,4161,2025-05-26,75,581,4429.69,21939.82,0.5605,1,Personal Loan,2025-08-24,1
4162,4162,2025-10-10,15,577,3478.49,19107.26,0.3858,3,Personal Loan,2026-01-08,1
4163,4163,2025-11-03,37,645,7799.81,13236.94,0.8646,0,Credit Card,2026-02-01,0
4164,4164,2025-09-04,52,500,3488.87,11980.46,0.7216,2,Personal Loan,2025-12-03,0
4165,4165,2025-09-06,39,706,3899.32,24017.58,0.3658,1,Medical,2025-12-05,0
4166,4166,2025-03-16,37,692,2172.92,23933.32,0.6203,1,Medical,2025-06-14,0
4167,4167,2025-11-02,32,605,3225.58,17766.89,0.3146,1,Credit Card,2026-01-31,0
4168,4168,2025-06-05,4,492,5609.6,19123.62,0.7717,0,Personal Loan,2025-09-03,0
4169,4169,2025-07-16,77,623,5137.24,22527.78,0.7789,1,Auto,2025-10-14,1
4170,4170,2025-10-23,83,690,5824.23,24125.56,0.3857,0,Credit Card,2026-01-21,0
4171,4171,2025-04-26,7,569,5698.41,2515.73,0.2381,1,Medical,2025-07-25,1
4172,4172,2025-02-05,37,525,11378.39,24934.8,0.658,2,Personal Loan,2025-05-06,1
4173,4173,2025-01-06,46,623,3176.27,17724.04,0.6972,0,Auto,2025-04-06,0
4174,4174,2025-07-04,70,562,2145.78,15022.25,0.6789,0,Personal Loan,2025-10-02,0
4175,4175,2025-07-23,88,580,2771.8,10622.59,0.2649,0,Auto,2025-10-21,0
4176,4176,2025-02-26,37,559,,8741.55,0.8514,2,Credit Card,2025-05-27,0
4177,4177,2025-08-08,67,541,2868.52,20203.15,0.7227,3,Auto,2025-11-06,1
4178,4178,2025-02-07,84,707,4638.5,16533.66,0.9027,1,Personal Loan,2025-05-08,0
4179,4179,2025-08-15,74,604,7814.18,5417.28,0.6282,4,Credit Card,2025-11-13,0
4180,4180,2025-06-11,26,607,8891.46,15442.82,0.4993,1,Personal Loan,2025-09-09,0
4181,4181,2025-12-29,73,681,5579.97,3958.57,0.5527,3,Auto,2026-03-29,0
4182,4182,2025-04-23,37,564,11655.96,12673.43,0.7686,1,Personal Loan,2025-07-22,1
4183,4183,2025-10-15,1,460,3788.15,14794.71,0.3353,0,Credit Card,2026-01-13,0
4184,4184,2025-10-27,68,761,2133.17,16074.26,0.7039,1,Credit Card,2026-01-25,1
4185,4185,2025-12-09,75,442,7143.3,4058.92,0.8485,1,Personal Loan,2026-03-09,1
4186,4186,2025-06-28,30,649,1944.25,2842.16,0.4927,2,Personal Loan,2025-09-26,0
4187,4187,2025-07-04,40,526,3166.08,6838.35,0.5932,0,Personal Loan,2025-10-02,1
4188,4188,2025-09-28,32,505,5619.8,15372.23,0.8444,1,Credit Card,2025-12-27,0
4189,4189,2025-07-05,10,436,4246.83,23326.23,0.7817,3,Auto,2025-10-03,1
4190,4190,2025-08-30,89,780,4080.89,19588.53,0.1576,0,Credit Card,2025-11-28,0
4191,4191,2025-06-17,2,592,2614.02,18769.91,0.3271,1,Personal Loan,2025-09-15,1
4192,4192,2025-12-14,50,557,4425.5,8590.69,0.3148,1,Medical,2026-03-14,0
4193,4193,2025-12-27,1,717,6985.89,3236.83,0.78,3,Medical,2026-03-27,1
4194,4194,2025-04-05,62,435,4487.21,22352.52,0.9348,0,Auto,2025-07-04,1
4195,4195,2025-02-17,81,646,3060.7,12770.91,0.4666,0,Auto,2025-05-18,0
4196,4196,2025-10-12,57,618,2536.67,2962.52,0.8026,1,Personal Loan,2026-01-10,0
4197,4197,2025-03-12,54,641,3089.25,13606.73,0.411,1,Credit Card,2025-06-10,1
4198,4198,2025-03-10,74,469,5305.77,17047.55,0.5911,1,Auto,2025-06-08,0
4199,4199,2025-11-01,87,801,5190.69,8337.55,0.7828,1,Auto,2026-01-30,0
4200,4200,2025-11-11,77,515,3101.91,726.6,0.5609,4,Personal Loan,2026-02-09,0
4201,4201,2025-01-21,20,692,,15729.37,0.779,4,Credit Card,2025-04-21,1
4202,4202,2025-11-15,50,719,5372.27,1482.34,0.5496,5,Credit Card,2026-02-13,0
4203,4203,2025-12-28,73,557,2969.15,11103.44,0.6817,2,Auto,2026-03-28,1
4204,4204,2025-10-26,26,472,6063.72,20706.99,0.7099,2,Credit Card,2026-01-24,1
4205,4205,2025-03-24,60,538,3164.5,24971.77,0.7657,2,Personal Loan,2025-06-22,1
4206,4206,2025-04-28,2,743,2851.06,9572.42,0.3676,1,Medical,2025-07-27,1
4207,4207,2025-08-22,78,783,4764.4,993.11,0.5277,1,Personal Loan,2025-11-20,0
4208,4208,2025-02-23,55,795,12848.27,12576.13,0.4929,0,Auto,2025-05-24,0
4209,4209,2025-10-29,66,510,6229.58,7268.75,0.7113,0,Personal Loan,2026-01-27,1
4210,4210,2025-11-04,74,663,4728.19,22372.99,0.6318,0,Medical,2026-02-02,1
4211,4211,2025-11-07,19,480,5226.43,17931.83,0.8978,2,Medical,2026-02-05,1
4212,4212,2025-08-04,40,704,2022.31,10405.92,0.9252,1,Personal Loan,2025-11-02,0
4213,4213,2025-12-06,77,586,2683.69,19169.69,0.7667,2,Auto,2026-03-06,1
4214,4214,2025-06-13,14,706,1436.67,8859.54,0.4902,1,Credit Card,2025-09-11,0
4215,4215,2025-05-12,74,694,9686.06,13283.21,0.49,1,Auto,2025-08-10,1
4216,4216,2025-05-31,25,818,8842.49,23108.24,0.7665,1,Credit Card,2025-08-29,1
4217,4217,2025-04-04,51,615,5306.93,5403.85,0.6145,1,Auto,2025-07-03,1
4218,4218,2025-02-06,45,556,4725.85,8169.92,0.8169,1,Credit Card,2025-05-07,1
4219,4219,2025-06-22,61,631,2212.29,22197.04,0.4448,0,Auto,2025-09-20,1
4220,4220,2025-08-25,75,485,4029.17,11816.02,0.5254,1,Personal Loan,2025-11-23,1
4221,4221,2025-10-13,31,464,9962.43,8288.28,0.2963,2,Auto,2026-01-11,1
4222,4222,2025-07-10,15,628,4717.99,1413.82,0.4733,2,Auto,2025-10-08,0
4223,4223,2025-12-27,38,750,3449.24,10764.35,0.7392,2,Personal Loan,2026-03-27,1
4224,4224,2025-12-17,55,633,2016.0,12764.73,0.5567,4,Medical,2026-03-17,1
4225,4225,2025-02-24,67,733,8276.19,10455.16,0.1334,4,Auto,2025-05-25,0
4226,4226,2025-09-04,67,491,4309.0,7297.75,0.4798,1,Credit Card,2025-12-03,1
4227,4227,2025-08-21,30,600,2017.21,9543.69,0.6925,1,Credit Card,2025-11-19,1
4228,4228,2025-12-19,84,665,2933.88,16239.9,0.6088,1,Auto,2026-03-19,1
4229,4229,2025-11-02,7,559,2502.66,22336.35,0.2533,2,Auto,2026-01-31,1
4230,4230,2025-02-21,10,425,4191.09,16417.06,0.3591,3,Credit Card,2025-05-22,1
4231,4231,2025-03-18,2,449,4881.96,16330.98,0.9049,0,Auto,2025-06-16,1
4232,4232,2025-09-07,83,791,3545.92,20513.43,0.1437,1,Personal Loan,2025-12-06,0
4233,4233,2025-04-05,16,662,6308.61,4546.0,0.2873,0,Auto,2025-07-04,0
4234,4234,2025-10-25,54,526,4607.59,7876.89,0.2394,1,Credit Card,2026-01-23,0
4235,4235,2025-07-21,73,523,7172.72,1739.48,0.7273,1,Auto,2025-10-19,0
4236,4236,2025-08-12,69,435,3786.75,9066.13,0.3345,1,Personal Loan,2025-11-10,1
4237,4237,2025-11-07,85,798,17507.71,24971.18,0.6029,2,Auto,2026-02-05,1
4238,4238,2025-08-13,4,463,3449.48,8568.15,0.1909,2,Personal Loan,2025-11-11,0
4239,4239,2025-08-07,36,724,2961.65,21564.44,0.3826,3,Medical,2025-11-05,0
4240,4240,2025-02-26,45,516,2802.21,2601.55,0.481,0,Medical,2025-05-27,0
4241,4241,2025-11-09,62,554,4044.35,11762.95,0.2376,1,Credit Card,2026-02-07,1
4242,4242,2025-04-28,56,529,2051.26,9110.84,0.4961,2,Credit Card,2025-07-27,1
4243,4243,2025-04-13,50,750,5077.39,5438.78,0.8163,4,Credit Card,2025-07-12,1
4244,4244,2025-08-19,27,433,1886.75,9626.4,0.519,0,Personal Loan,2025-11-17,1
4245,4245,2025-02-17,9,561,4782.66,16456.31,0.4867,2,Personal Loan,2025-05-18,1
4246,4246,2025-06-22,38,532,2421.0,12512.55,0.4889,2,Auto,2025-09-20,1
4247,4247,2025-08-28,23,529,3745.9,21186.18,0.9295,2,Credit Card,2025-11-26,1
4248,4248,2025-11-12,49,497,5837.41,22671.19,0.7556,0,Auto,2026-02-10,0
4249,4249,2025-03-24,71,785,12541.73,12306.37,0.4817,0,Credit Card,2025-06-22,0
4250,4250,2025-10-11,49,571,2737.77,24552.29,0.797,1,Medical,2026-01-09,0
4251,4251,2025-10-20,52,587,4156.2,2264.51,0.8005,2,Auto,2026-01-18,0
4252,4252,2025-07-15,3,574,3210.91,7270.31,0.4719,0,Medical,2025-10-13,0
4253,4253,2025-11-16,58,813,3006.58,10709.43,0.6351,2,Medical,2026-02-14,1
4254,4254,2025-08-12,39,555,3223.63,14776.19,0.7623,1,Auto,2025-11-10,0
4255,4255,2025-04-12,11,557,6443.52,13875.28,0.5527,1,Credit Card,2025-07-11,0
4256,4256,2025-08-28,19,551,3570.19,14415.43,0.7215,0,Personal Loan,2025-11-26,0
4257,4257,2025-08-15,70,551,12236.65,22458.14,0.3902,0,Credit Card,2025-11-13,0
4258,4258,2025-08-28,82,455,5362.53,7300.35,0.6787,1,Personal Loan,2025-11-26,0
4259,4259,2025-02-28,45,662,2822.83,20512.92,0.7619,0,Personal Loan,2025-05-29,0
4260,4260,2025-09-12,87,430,3770.57,14171.01,0.4659,4,Auto,2025-12-11,1
4261,4261,2025-11-09,16,510,3100.04,12517.02,0.3119,2,Personal Loan,2026-02-07,0
4262,4262,2025-07-01,26,501,6374.31,7835.63,0.7545,0,Credit Card,2025-09-29,1
4263,4263,2025-07-05,83,536,2127.17,7949.69,0.2753,0,Credit Card,2025-10-03,1
4264,4264,2025-02-15,15,723,2432.25,10017.76,0.4623,1,Medical,2025-05-16,0
4265,4265,2025-04-29,59,660,3407.74,19206.01,0.8044,3,Auto,2025-07-28,1
4266,4266,2025-12-15,19,817,6047.05,12179.96,0.3906,1,Personal Loan,2026-03-15,0
4267,4267,2025-11-30,29,560,7745.58,4268.93,0.2265,2,Medical,2026-02-28,1
4268,4268,2025-01-07,42,792,8277.07,19116.65,0.7504,1,Auto,2025-04-07,0
4269,4269,2025-08-30,32,438,5644.35,16752.81,0.3847,2,Auto,2025-11-28,1
4270,4270,2025-01-07,78,622,4284.25,23756.35,0.5507,2,Credit Card,2025-04-07,0
4271,4271,2025-09-03,87,740,6358.72,13470.65,0.9056,1,Credit Card,2025-12-02,1
4272,4272,2025-12-09,45,633,2657.06,16533.34,0.3632,0,Medical,2026-03-09,1
4273,4273,2025-08-02,47,794,1938.95,12243.59,0.4684,1,Medical,2025-10-31,0
4274,4274,2025-06-30,4,546,5412.61,17179.12,0.6162,0,Auto,2025-09-28,0
4275,4275,2025-04-04,21,433,2828.34,11184.87,0.3018,0,Auto,2025-07-03,1
4276,4276,2025-10-26,3,730,4318.28,3877.48,0.4464,3,Personal Loan,2026-01-24,0
4277,4277,2025-12-01,77,447,4693.02,24673.74,0.7712,3,Personal Loan,2026-03-01,1
4278,4278,2025-05-21,20,726,4972.38,18148.91,0.4793,2,Credit Card,2025-08-19,1
4279,4279,2025-09-08,30,714,6781.86,15411.33,0.7584,1,Credit Card,2025-12-07,1
4280,4280,2025-06-07,75,758,6466.78,12294.81,0.6682,0,Credit Card,2025-09-05,1
4281,4281,2025-03-26,64,612,4854.93,17930.01,0.7907,0,Personal Loan,2025-06-24,0
4282,4282,2025-09-15,55,779,3644.93,3605.99,0.7214,2,Auto,2025-12-14,1
4283,4283,2025-08-03,3,488,4668.03,8489.78,0.387,1,Personal Loan,2025-11-01,0
4284,4284,2025-07-05,50,594,3400.59,3555.13,0.6641,0,Credit Card,2025-10-03,0
4285,4285,2025-10-21,50,468,4070.85,3587.61,0.6667,0,Auto,2026-01-19,0
4286,4286,2025-11-25,28,727,14446.08,1023.01,0.3127,1,Credit Card,2026-02-23,1
4287,4287,2025-04-10,67,706,,19019.39,0.5546,1,Auto,2025-07-09,1
4288,4288,2025-09-10,83,743,,6069.06,0.3615,0,Credit Card,2025-12-09,1
4289,4289,2025-06-11,23,726,3237.43,20884.19,0.745,0,Medical,2025-09-09,0
4290,4290,2025-07-12,29,543,7037.67,22658.65,0.8245,2,Personal Loan,2025-10-10,1
4291,4291,2025-04-25,29,447,6261.17,4629.87,0.6526,1,Personal Loan,2025-07-24,1
4292,4292,2025-10-30,75,792,6281.15,17867.17,0.6618,0,Auto,2026-01-28,0
4293,4293,2025-01-03,6,617,4898.58,11777.49,0.2292,0,Auto,2025-04-03,0
4294,4294,2025-07-18,80,457,7082.52,23014.55,0.4745,0,Medical,2025-10-16,0
4295,4295,2025-06-21,69,791,7881.38,12368.22,0.8678,5,Credit Card,2025-09-19,0
4296,4296,2025-04-20,43,818,5051.27,9782.41,0.6004,0,Medical,2025-07-19,1
4297,4297,2025-05-04,52,598,4223.52,7716.85,0.3775,0,Medical,2025-08-02,0
4298,4298,2025-02-13,80,728,6651.23,22638.73,0.5491,0,Auto,2025-05-14,0
4299,4299,2025-03-03,69,434,2960.59,6041.39,0.2805,0,Credit Card,2025-06-01,1
4300,4300,2025-05-08,24,457,3219.3,20779.01,0.7472,0,Medical,2025-08-06,1
4301,4301,2025-02-09,4,530,4341.67,5257.59,0.8132,1,Medical,2025-05-10,0
4302,4302,2025-08-20,59,683,2031.21,16263.22,0.7903,1,Credit Card,2025-11-18,1
4303,4303,2025-07-25,13,473,6453.76,11551.11,0.5077,0,Medical,2025-10-23,1
4304,4304,2025-12-25,7,433,2883.29,3062.91,0.5606,0,Auto,2026-03-25,1
4305,4305,2025-11-29,88,688,3596.91,3585.36,0.776,4,Medical,2026-02-27,1
4306,4306,2025-09-30,42,728,4040.1,7396.97,0.7229,3,Auto,2025-12-29,1
4307,4307,2025-07-06,58,716,4526.39,19282.97,0.8631,2,Personal Loan,2025-10-04,0
4308,4308,2025-08-14,19,740,3809.89,18359.03,0.9193,1,Medical,2025-11-12,1
4309,4309,2025-01-31,9,741,4314.27,5525.45,0.491,3,Credit Card,2025-05-01,0
4310,4310,2025-03-15,5,661,4329.33,12166.95,0.4211,1,Auto,2025-06-13,0
4311,4311,2025-09-22,31,628,3636.71,2876.18,0.6019,1,Personal Loan,2025-12-21,1
4312,4312,2025-09-16,0,763,3140.27,18040.68,0.6344,2,Credit Card,2025-12-15,0
4313,4313,2025-01-07,37,559,7234.84,19935.9,0.5427,0,Credit Card,2025-04-07,1
4314,4314,2025-07-10,29,459,1725.06,22391.04,0.5305,0,Personal Loan,2025-10-08,1
4315,4315,2025-04-24,47,721,4053.87,22200.78,0.7709,2,Medical,2025-07-23,0
4316,4316,2025-09-27,53,530,3601.1,8778.36,0.8403,0,Personal Loan,2025-12-26,1
4317,4317,2025-08-15,27,812,5369.32,6736.08,0.7892,1,Personal Loan,2025-11-13,1
4318,4318,2025-05-14,40,586,2311.31,22466.44,0.8199,1,Auto,2025-08-12,1
4319,4319,2025-12-02,7,761,3551.4,4077.17,0.677,0,Medical,2026-03-02,0
4320,4320,2025-06-24,27,437,4246.87,1953.93,0.2716,3,Personal Loan,2025-09-22,1
4321,4321,2025-04-24,88,684,7197.82,8198.95,0.4226,0,Auto,2025-07-23,1
4322,4322,2025-07-11,89,599,5164.09,19127.35,0.1717,1,Personal Loan,2025-10-09,1
4323,4323,2025-11-29,43,605,2610.85,17507.89,0.5953,2,Medical,2026-02-27,1
4324,4324,2025-05-13,84,526,3571.12,24682.85,0.6618,0,Credit Card,2025-08-11,1
4325,4325,2025-03-31,45,809,6625.78,9308.57,0.29,1,Personal Loan,2025-06-29,0
4326,4326,2025-07-31,11,577,2590.62,7258.26,0.2543,3,Credit Card,2025-10-29,1
4327,4327,2025-04-11,78,761,4292.44,9766.09,0.7494,1,Auto,2025-07-10,1
4328,4328,2025-04-11,37,590,4428.85,19665.28,0.6283,2,Personal Loan,2025-07-10,0
4329,4329,2025-07-29,55,439,3738.34,5750.35,0.4818,1,Medical,2025-10-27,1
4330,4330,2025-01-28,58,772,14959.3,23719.83,0.8986,4,Personal Loan,2025-04-28,0
4331,4331,2025-11-28,27,494,3693.28,13057.46,0.5143,0,Medical,2026-02-26,1
4332,4332,2025-03-07,66,528,5444.68,19687.05,0.4313,2,Credit Card,2025-06-05,0
4333,4333,2025-09-12,45,765,3150.02,20767.91,0.5261,2,Credit Card,2025-12-11,1
4334,4334,2025-06-30,32,778,5639.14,12230.97,0.1202,0,Auto,2025-09-28,1
4335,4335,2025-04-10,26,787,6580.42,18663.6,0.2351,0,Personal Loan,2025-07-09,1
4336,4336,2025-01-25,67,590,3413.24,9435.01,0.979,0,Credit Card,2025-04-25,0
4337,4337,2025-04-09,22,723,4338.93,20367.74,0.6843,2,Credit Card,2025-07-08,1
4338,4338,2025-05-22,11,551,2972.4,20685.62,0.8986,1,Medical,2025-08-20,1
4339,4339,2025-02-10,79,716,2657.17,14372.04,0.9042,2,Auto,2025-05-11,0
4340,4340,2025-09-04,29,621,7090.83,5844.62,0.949,0,Auto,2025-12-03,1
4341,4341,2025-09-13,57,440,3465.8,24270.47,0.9574,1,Medical,2025-12-12,1
4342,4342,2025-07-06,64,587,1500.98,23701.01,0.6069,1,Personal Loan,2025-10-04,0
4343,4343,2025-03-10,75,607,9841.96,15685.6,0.5064,1,Credit Card,2025-06-08,1
4344,4344,2025-07-22,56,523,3099.69,24605.08,0.4192,3,Credit Card,2025-10-20,1
4345,4345,2025-10-10,63,570,3980.38,12818.51,0.8358,2,Auto,2026-01-08,1
4346,4346,2025-09-22,75,621,9305.94,9699.37,0.7538,0,Auto,2025-12-21,1
4347,4347,2025-05-15,84,439,4172.27,11782.32,0.3656,1,Personal Loan,2025-08-13,1
4348,4348,2025-02-14,4,480,4131.92,1624.72,0.4979,1,Medical,2025-05-15,0
4349,4349,2025-06-18,66,727,2558.87,13953.49,0.6344,4,Auto,2025-09-16,1
4350,4350,2025-04-07,15,561,2130.95,16822.69,0.8152,0,Medical,2025-07-06,0
4351,4351,2025-10-09,80,663,4126.26,3183.24,0.6551,1,Credit Card,2026-01-07,0
4352,4352,2025-06-04,4,646,5235.74,6762.14,0.7285,2,Auto,2025-09-02,0
4353,4353,2025-09-11,22,641,5102.5,18169.01,0.9596,0,Auto,2025-12-10,0
4354,4354,2025-04-08,17,585,3581.13,19942.96,0.6494,0,Medical,2025-07-07,1
4355,4355,2025-03-18,54,613,4487.79,24653.74,0.5053,1,Medical,2025-06-16,1
4356,4356,2025-06-10,0,750,1945.46,6703.98,0.4055,1,Auto,2025-09-08,0
4357,4357,2025-09-30,1,806,5470.23,21115.27,0.8361,2,Medical,2025-12-29,0
4358,4358,2025-11-23,45,522,4782.09,4716.52,0.7369,0,Personal Loan,2026-02-21,0
4359,4359,2025-11-15,87,688,10809.14,3706.52,0.8924,0,Auto,2026-02-13,0
4360,4360,2025-02-11,47,808,4462.06,18365.49,0.7865,3,Auto,2025-05-12,1
4361,4361,2025-08-28,40,423,2909.68,11423.87,0.8604,1,Credit Card,2025-11-26,1
4362,4362,2025-04-18,59,734,4346.71,19951.13,0.5037,0,Personal Loan,2025-07-17,0
4363,4363,2025-03-19,49,619,3837.17,7422.84,0.5309,3,Auto,2025-06-17,1
4364,4364,2025-11-13,34,808,5407.91,5723.25,0.8009,0,Personal Loan,2026-02-11,1
4365,4365,2025-01-31,52,651,4501.21,13945.57,0.8139,2,Auto,2025-05-01,1
4366,4366,2025-07-26,0,756,2522.55,3325.11,0.917,0,Credit Card,2025-10-24,0
4367,4367,2025-10-12,22,486,2130.08,7329.36,0.7172,0,Medical,2026-01-10,1
4368,4368,2025-12-21,60,476,5005.58,4572.81,0.3533,2,Medical,2026-03-21,1
4369,4369,2025-06-19,30,791,8286.65,8341.16,0.4471,1,Auto,2025-09-17,0
4370,4370,2025-03-04,4,631,4608.73,19254.72,0.8199,1,Auto,2025-06-02,1
4371,4371,2025-06-10,11,643,6412.37,3458.19,0.4553,1,Personal Loan,2025-09-08,0
4372,4372,2025-10-03,77,488,7014.71,15490.79,0.542,0,Medical,2026-01-01,1
4373,4373,2025-07-11,29,510,5014.34,14826.77,0.3784,0,Auto,2025-10-09,1
4374,4374,2025-11-03,2,748,3082.45,13684.2,0.8502,0,Medical,2026-02-01,1
4375,4375,2025-09-06,65,541,,12364.07,0.7371,1,Personal Loan,2025-12-05,0
4376,4376,2025-12-16,47,654,7655.52,16764.58,0.7882,0,Auto,2026-03-16,0
4377,4377,2025-08-16,40,546,5644.58,21369.36,0.4075,0,Personal Loan,2025-11-14,1
4378,4378,2025-02-27,80,525,6227.38,4469.9,0.8788,0,Medical,2025-05-28,1
4379,4379,2025-01-25,28,486,3611.41,20446.22,0.942,1,Personal Loan,2025-04-25,1
4380,4380,2025-07-15,51,792,4060.01,2006.15,0.76,1,Medical,2025-10-13,0
4381,4381,2025-12-13,67,796,4215.71,12312.05,0.7587,1,Medical,2026-03-13,0
4382,4382,2025-05-28,54,466,4345.51,13030.91,0.5538,1,Personal Loan,2025-08-26,1
4383,4383,2025-01-18,18,561,7521.95,5340.85,0.6478,0,Medical,2025-04-18,0
4384,4384,2025-08-10,61,646,1546.53,2696.99,0.4613,1,Credit Card,2025-11-08,0
4385,4385,2025-08-11,66,573,4508.6,2335.32,0.5686,0,Credit Card,2025-11-09,0
4386,4386,2025-01-30,11,709,4290.79,1412.23,0.6726,0,Auto,2025-04-30,0
4387,4387,2025-08-20,14,524,2399.04,14553.03,0.328,1,Medical,2025-11-18,1
4388,4388,2025-06-22,60,443,6016.71,4309.13,0.6247,0,Auto,2025-09-20,1
4389,4389,2025-03-01,10,555,3209.84,20313.27,0.6566,3,Medical,2025-05-30,0
4390,4390,2025-01-11,79,659,3787.02,22524.34,0.7638,2,Medical,2025-04-11,0
4391,4391,2025-08-06,9,492,10218.47,7664.0,0.7205,2,Auto,2025-11-04,0
4392,4392,2025-04-23,87,747,7005.76,4529.43,0.4704,1,Auto,2025-07-22,0
4393,4393,2025-03-21,60,424,5759.0,10535.49,0.5688,2,Medical,2025-06-19,1
4394,4394,2025-10-27,39,447,5278.25,22098.47,0.4539,1,Auto,2026-01-25,1
4395,4395,2025-04-15,24,624,4129.43,10295.57,0.3223,2,Credit Card,2025-07-14,1
4396,4396,2025-06-20,31,625,10934.95,3154.24,0.7735,2,Auto,2025-09-18,1
4397,4397,2025-08-01,67,538,6380.33,24624.37,0.3322,4,Personal Loan,2025-10-30,1
4398,4398,2025-11-07,67,523,3173.86,12742.05,0.4657,2,Medical,2026-02-05,1
4399,4399,2025-11-27,18,447,2368.36,8888.1,0.6356,2,Credit Card,2026-02-25,1
4400,4400,2025-01-22,48,685,5739.21,22393.71,0.3873,1,Personal Loan,2025-04-22,0
4401,4401,2025-04-19,89,571,4336.66,23221.39,0.6078,2,Personal Loan,2025-07-18,0
4402,4402,2025-09-13,23,467,,12671.71,0.6121,3,Auto,2025-12-12,1
4403,4403,2025-09-06,62,580,5393.04,8014.55,0.402,1,Medical,2025-12-05,0
4404,4404,2025-01-22,15,795,3940.01,12324.53,0.6523,0,Medical,2025-04-22,1
4405,4405,2025-04-15,75,524,5646.55,5872.41,0.8181,1,Credit Card,2025-07-14,1
4406,4406,2025-02-26,15,778,5425.05,12216.83,0.5914,2,Auto,2025-05-27,0
4407,4407,2025-03-07,26,523,3382.2,6121.06,0.7759,1,Credit Card,2025-06-05,1
4408,4408,2025-10-21,41,494,5912.24,15743.97,0.5542,1,Medical,2026-01-19,1
4409,4409,2025-12-31,33,524,3554.4,19117.28,0.8868,0,Personal Loan,2026-03-31,1
4410,4410,2025-01-08,15,549,3659.94,24250.98,0.5851,2,Personal Loan,2025-04-08,0
4411,4411,2025-11-17,57,468,3499.86,21142.98,0.9174,0,Credit Card,2026-02-15,1
4412,4412,2025-05-19,1,655,7397.8,2610.3,0.9485,3,Auto,2025-08-17,0
4413,4413,2025-10-31,88,553,3919.59,5682.31,0.5581,1,Auto,2026-01-29,1
4414,4414,2025-12-08,4,707,8246.96,13526.45,0.9107,2,Credit Card,2026-03-08,0
4415,4415,2025-06-18,30,616,9922.58,6810.98,0.4233,1,Auto,2025-09-16,1
4416,4416,2025-02-26,83,597,3189.36,851.95,0.5104,2,Personal Loan,2025-05-27,1
4417,4417,2025-03-05,13,608,1194.58,18992.38,0.3971,1,Personal Loan,2025-06-03,0
4418,4418,2025-12-12,6,482,7115.49,9265.41,0.4299,2,Medical,2026-03-12,1
4419,4419,2025-10-10,66,705,3812.78,2119.45,0.568,1,Auto,2026-01-08,0
4420,4420,2025-03-13,6,461,3011.57,12966.49,0.8947,2,Auto,2025-06-11,1
4421,4421,2025-11-08,80,709,3412.08,24441.61,0.8695,1,Credit Card,2026-02-06,1
4422,4422,2025-04-09,40,820,3689.82,17124.2,0.2132,3,Medical,2025-07-08,1
4423,4423,2025-01-28,78,726,7972.37,4389.77,0.6114,1,Credit Card,2025-04-28,0
4424,4424,2025-08-21,22,602,4778.87,13100.24,0.3058,0,Personal Loan,2025-11-19,0
4425,4425,2025-07-20,12,546,7923.75,22592.2,0.6462,1,Personal Loan,2025-10-18,0
4426,4426,2025-01-03,86,769,5554.7,1828.97,0.4109,2,Medical,2025-04-03,0
4427,4427,2025-07-19,68,523,3869.37,16128.38,0.5671,1,Credit Card,2025-10-17,1
4428,4428,2025-09-16,81,613,3730.66,18171.19,0.6804,0,Credit Card,2025-12-15,1
4429,4429,2025-05-15,28,729,5725.72,17748.29,0.8308,0,Medical,2025-08-13,0
4430,4430,2025-11-26,36,789,6432.97,4179.18,0.2162,2,Personal Loan,2026-02-24,0
4431,4431,2025-05-20,51,789,6964.33,22728.32,0.626,2,Credit Card,2025-08-18,0
4432,4432,2025-05-10,40,455,3953.31,8395.65,0.6655,1,Medical,2025-08-08,0
4433,4433,2025-09-07,21,780,4811.88,1767.68,0.6543,1,Personal Loan,2025-12-06,0
4434,4434,2025-08-09,33,465,5783.81,2538.91,0.7411,0,Auto,2025-11-07,1
4435,4435,2025-12-08,54,654,3741.4,11710.65,0.5471,1,Credit Card,2026-03-08,0
4436,4436,2025-05-11,3,792,2668.51,1479.56,0.9361,2,Medical,2025-08-09,1
4437,4437,2025-02-14,30,682,3093.87,19599.04,0.3771,1,Medical,2025-05-15,1
4438,4438,2025-09-10,26,799,3989.95,21712.68,0.7426,0,Personal Loan,2025-12-09,0
4439,4439,2025-12-17,6,558,,827.64,0.8851,1,Medical,2026-03-17,0
4440,4440,2025-07-12,11,546,7836.44,20345.33,0.5169,1,Auto,2025-10-10,1
4441,4441,2025-08-02,44,550,2415.78,24539.56,0.3262,4,Medical,2025-10-31,1
4442,4442,2025-07-03,9,562,3398.86,1244.02,0.545,0,Medical,2025-10-01,1
4443,4443,2025-05-13,31,693,3785.61,18261.7,0.4282,2,Credit Card,2025-08-11,0
4444,4444,2025-01-20,50,601,6358.98,24977.8,0.6749,2,Auto,2025-04-20,1
4445,4445,2025-12-31,78,715,3506.42,20029.41,0.5791,2,Medical,2026-03-31,1
4446,4446,2025-08-30,8,586,3665.14,12881.25,0.6272,1,Auto,2025-11-28,1
4447,4447,2025-10-17,39,543,2355.72,22178.16,0.8169,4,Auto,2026-01-15,0
4448,4448,2025-07-04,9,496,5527.73,17844.34,0.7989,0,Personal Loan,2025-10-02,1
4449,4449,2025-05-24,38,640,4135.53,7665.07,0.858,3,Credit Card,2025-08-22,0
4450,4450,2025-04-28,43,780,3313.23,5995.83,0.7816,0,Credit Card,2025-07-27,0
4451,4451,2025-03-23,71,764,3956.91,13057.34,0.9063,1,Credit Card,2025-06-21,1
4452,4452,2025-06-25,39,521,7384.57,9638.27,0.7478,2,Medical,2025-09-23,1
4453,4453,2025-02-17,84,611,2829.35,8571.97,0.6459,1,Credit Card,2025-05-18,1
4454,4454,2025-05-01,12,702,3044.99,4859.16,0.3873,1,Credit Card,2025-07-30,0
4455,4455,2025-12-16,4,665,7812.76,21209.51,0.9479,0,Personal Loan,2026-03-16,1
4456,4456,2025-04-09,0,446,4601.32,17772.86,0.7472,0,Medical,2025-07-08,1
4457,4457,2025-04-17,32,657,6011.26,8617.38,0.5612,1,Credit Card,2025-07-16,0
4458,4458,2025-02-14,17,435,,6322.84,0.5249,1,Personal Loan,2025-05-15,1
4459,4459,2025-11-25,8,466,,3639.38,0.4199,0,Medical,2026-02-23,0
4460,4460,2025-03-22,21,682,3801.93,3256.57,0.6091,2,Personal Loan,2025-06-20,1
4461,4461,2025-10-21,87,461,6465.28,15824.22,0.4699,0,Personal Loan,2026-01-19,1
4462,4462,2025-02-17,72,555,7502.95,3166.02,0.4621,1,Medical,2025-05-18,0
4463,4463,2025-04-23,1,655,7243.68,24025.21,0.4057,2,Credit Card,2025-07-22,0
4464,4464,2025-01-04,82,682,2608.52,7338.81,0.3999,0,Medical,2025-04-04,1
4465,4465,2025-08-22,18,598,8000.11,1132.22,0.447,2,Credit Card,2025-11-20,1
4466,4466,2025-09-27,36,457,3785.48,21455.58,0.7053,0,Medical,2025-12-26,1
4467,4467,2025-11-18,29,740,3166.04,9505.89,0.5066,2,Medical,2026-02-16,1
4468,4468,2025-02-04,36,800,4120.8,8902.66,0.684,2,Medical,2025-05-05,0
4469,4469,2025-11-01,68,776,6464.03,3406.2,0.9665,1,Auto,2026-01-30,0
4470,4470,2025-05-25,64,720,5671.5,16680.34,0.5833,0,Personal Loan,2025-08-23,0
4471,4471,2025-02-08,53,581,3964.27,9290.44,0.5552,5,Personal Loan,2025-05-09,1
4472,4472,2025-08-25,56,771,6483.07,20663.37,0.4689,2,Credit Card,2025-11-23,0
4473,4473,2025-05-03,65,615,4735.95,15950.15,0.6228,1,Medical,2025-08-01,0
4474,4474,2025-09-16,16,474,3436.34,22057.85,0.2009,3,Auto,2025-12-15,1
4475,4475,2025-05-26,35,761,3233.71,15752.75,0.9202,1,Personal Loan,2025-08-24,1
4476,4476,2025-01-28,9,548,5348.68,19592.32,0.619,0,Personal Loan,2025-04-28,1
4477,4477,2025-11-02,63,796,4284.96,17565.21,0.7438,0,Credit Card,2026-01-31,0
4478,4478,2025-11-18,39,567,2394.72,11833.51,0.8762,1,Credit Card,2026-02-16,1
4479,4479,2025-07-29,57,768,6510.83,17372.51,0.6417,1,Medical,2025-10-27,1
4480,4480,2025-02-02,50,635,3582.72,16758.62,0.4726,4,Personal Loan,2025-05-03,1
4481,4481,2025-06-28,24,607,9103.86,664.24,0.1778,1,Auto,2025-09-26,0
4482,4482,2025-07-07,12,539,2365.29,17616.63,0.6801,1,Personal Loan,2025-10-05,1
4483,4483,2025-10-10,87,755,4099.75,6922.91,0.2655,1,Personal Loan,2026-01-08,0
4484,4484,2025-10-28,26,444,3245.45,13774.66,0.4434,0,Personal Loan,2026-01-26,1
4485,4485,2025-12-13,9,608,2867.11,3227.64,0.6741,1,Medical,2026-03-13,0
4486,4486,2025-06-17,27,567,3572.23,1064.05,0.5433,0,Personal Loan,2025-09-15,0
4487,4487,2025-09-29,81,637,9865.07,870.43,0.5335,1,Credit Card,2025-12-28,0
4488,4488,2025-12-31,23,522,4743.43,4375.77,0.8256,2,Medical,2026-03-31,1
4489,4489,2025-04-28,88,686,3114.21,987.37,0.7823,0,Credit Card,2025-07-27,1
4490,4490,2025-09-15,41,574,1952.99,3743.74,0.8599,3,Auto,2025-12-14,1
4491,4491,2025-12-11,77,495,2049.57,14199.75,0.1725,0,Credit Card,2026-03-11,0
4492,4492,2025-05-04,58,498,3493.26,10306.68,0.296,1,Personal Loan,2025-08-02,0
4493,4493,2025-02-21,3,699,3343.72,24528.33,0.7979,1,Medical,2025-05-22,0
4494,4494,2025-01-28,45,525,4020.56,20313.01,0.5612,4,Personal Loan,2025-04-28,0
4495,4495,2025-04-05,37,543,1599.61,4096.01,0.8102,0,Credit Card,2025-07-04,1
4496,4496,2025-10-29,18,671,4267.33,10711.34,0.6424,1,Auto,2026-01-27,0
4497,4497,2025-07-09,49,552,7061.96,11058.78,0.3679,3,Credit Card,2025-10-07,0
4498,4498,2025-11-14,9,575,9230.59,9371.86,0.6286,0,Personal Loan,2026-02-12,0
4499,4499,2025-08-31,62,518,1896.0,12641.95,0.1571,2,Auto,2025-11-29,0
4500,4500,2025-08-19,73,558,3100.67,16911.93,0.6638,0,Auto,2025-11-17,1
4501,4501,2025-01-18,8,697,3027.81,16201.8,0.8717,1,Medical,2025-04-18,0
4502,4502,2025-05-01,43,634,4748.46,9248.93,0.6848,1,Medical,2025-07-30,0
4503,4503,2025-06-26,58,820,2568.56,17773.62,0.725,3,Personal Loan,2025-09-24,0
4504,4504,2025-07-26,5,729,9480.75,7592.39,0.3054,1,Medical,2025-10-24,0
4505,4505,2025-09-25,35,426,4535.02,20968.96,0.3424,0,Personal Loan,2025-12-24,1
4506,4506,2025-01-01,23,571,4207.33,24127.12,0.0809,1,Auto,2025-04-01,1
4507,4507,2025-08-31,3,536,9106.29,7721.05,0.8552,3,Auto,2025-11-29,0
4508,4508,2025-06-02,72,655,4415.07,19724.87,0.9783,1,Personal Loan,2025-08-31,1
4509,4509,2025-12-04,40,526,5324.83,20428.93,0.3311,2,Auto,2026-03-04,1
4510,4510,2025-12-27,67,807,3172.07,12523.7,0.7198,0,Medical,2026-03-27,0
4511,4511,2025-02-11,52,540,2400.12,2649.81,0.4846,0,Auto,2025-05-12,1
4512,4512,2025-03-19,78,629,3379.01,19761.46,0.4531,1,Personal Loan,2025-06-17,0
4513,4513,2025-10-27,89,469,11898.16,10483.22,0.3927,0,Credit Card,2026-01-25,0
4514,4514,2025-09-07,54,784,5912.71,5597.75,0.2262,1,Auto,2025-12-06,0
4515,4515,2025-01-18,31,785,,15852.93,0.2072,0,Auto,2025-04-18,0
4516,4516,2025-02-08,38,738,2865.88,11204.98,0.72,2,Personal Loan,2025-05-09,0
4517,4517,2025-03-30,74,561,6701.34,2645.52,0.4859,1,Medical,2025-06-28,1
4518,4518,2025-09-24,38,443,2413.99,24600.03,0.7045,2,Auto,2025-12-23,1
4519,4519,2025-04-03,46,705,2196.95,6494.22,0.7716,0,Credit Card,2025-07-02,0
4520,4520,2025-06-10,17,592,3458.19,13018.64,0.3891,3,Auto,2025-09-08,1
4521,4521,2025-11-09,89,817,10716.3,16848.56,0.5087,0,Auto,2026-02-07,1
4522,4522,2025-05-05,58,700,10446.81,3319.69,0.8002,1,Medical,2025-08-03,0
4523,4523,2025-07-17,29,635,3629.84,18615.55,0.9014,0,Credit Card,2025-10-15,0
4524,4524,2025-07-04,52,815,3283.32,16383.08,0.6598,0,Auto,2025-10-02,0
4525,4525,2025-07-22,36,740,2125.66,12596.95,0.8413,1,Credit Card,2025-10-20,1
4526,4526,2025-10-26,13,603,4605.99,13444.08,0.6465,1,Medical,2026-01-24,0
4527,4527,2025-12-02,78,427,4783.39,23892.48,0.3969,1,Medical,2026-03-02,1
4528,4528,2025-11-03,79,457,6344.23,22817.0,0.5181,3,Personal Loan,2026-02-01,1
4529,4529,2025-07-26,75,597,6699.7,3243.59,0.3687,2,Personal Loan,2025-10-24,1
4530,4530,2025-05-09,33,645,4069.03,9534.43,0.5156,3,Auto,2025-08-07,1
4531,4531,2025-11-23,23,432,5711.36,13160.9,0.7416,1,Medical,2026-02-21,0
4532,4532,2025-08-19,4,470,3244.49,23039.41,0.3575,1,Medical,2025-11-17,1
4533,4533,2025-09-18,65,702,5662.77,20505.8,0.7175,1,Credit Card,2025-12-17,0
4534,4534,2025-04-28,29,721,3539.52,9968.83,0.5926,2,Credit Card,2025-07-27,0
4535,4535,2025-12-13,80,431,5468.48,22212.15,0.6903,1,Personal Loan,2026-03-13,1
4536,4536,2025-06-14,78,623,5272.85,9764.87,0.8879,3,Medical,2025-09-12,1
4537,4537,2025-04-06,11,452,4586.91,7144.23,0.6215,3,Personal Loan,2025-07-05,1
4538,4538,2025-08-28,82,710,6358.47,15442.37,0.8312,1,Personal Loan,2025-11-26,1
4539,4539,2025-03-31,12,754,2193.65,9219.59,0.3796,0,Auto,2025-06-29,0
4540,4540,2025-04-04,44,768,2753.94,15748.99,0.2249,1,Personal Loan,2025-07-03,0
4541,4541,2025-05-06,42,659,3938.18,10537.26,0.5527,0,Credit Card,2025-08-04,1
4542,4542,2025-04-29,86,672,2322.81,19996.34,0.7514,2,Auto,2025-07-28,1
4543,4543,2025-02-10,59,791,3703.05,23880.62,0.344,0,Medical,2025-05-11,1
4544,4544,2025-03-02,78,665,3757.15,7122.57,0.5581,0,Medical,2025-05-31,1
4545,4545,2025-11-05,53,598,8017.31,12995.25,0.4195,0,Personal Loan,2026-02-03,0
4546,4546,2025-08-08,74,722,4741.65,18248.59,0.7109,3,Medical,2025-11-06,1
4547,4547,2025-03-19,76,656,7067.37,4383.72,0.5881,1,Auto,2025-06-17,1
4548,4548,2025-11-05,77,757,5093.67,19999.7,0.5667,2,Personal Loan,2026-02-03,1
4549,4549,2025-01-07,37,630,3494.51,14782.81,0.4163,0,Auto,2025-04-07,1
4550,4550,2025-12-02,34,768,4722.87,4168.64,0.1545,1,Medical,2026-03-02,1
4551,4551,2025-10-02,88,437,6174.86,21771.62,0.5467,1,Credit Card,2025-12-31,1
4552,4552,2025-12-11,68,434,7608.57,10954.18,0.7081,2,Personal Loan,2026-03-11,0
4553,4553,2025-06-22,82,459,4190.02,4827.17,0.395,0,Auto,2025-09-20,0
4554,4554,2025-10-12,51,643,2118.83,5287.21,0.9386,0,Personal Loan,2026-01-10,1
4555,4555,2025-04-19,83,704,2052.86,19744.91,0.4892,1,Personal Loan,2025-07-18,0
4556,4556,2025-06-22,64,506,3839.56,23425.05,0.4914,4,Personal Loan,2025-09-20,1
4557,4557,2025-12-14,66,482,1553.0,9767.12,0.3071,2,Personal Loan,2026-03-14,1
4558,4558,2025-10-24,16,764,9974.6,2431.29,0.6427,0,Credit Card,2026-01-22,0
4559,4559,2025-07-02,51,720,5817.47,2970.17,0.9254,1,Medical,2025-09-30,1
4560,4560,2025-04-04,65,680,3340.75,16534.72,0.3637,0,Credit Card,2025-07-03,0
4561,4561,2025-06-28,68,615,2699.06,9583.42,0.6863,2,Personal Loan,2025-09-26,1
4562,4562,2025-07-06,86,588,7063.2,10940.22,0.5457,0,Personal Loan,2025-10-04,0
4563,4563,2025-08-27,29,428,2694.22,8757.66,0.3575,1,Credit Card,2025-11-25,1
4564,4564,2025-12-02,27,495,2812.41,11905.69,0.5833,2,Auto,2026-03-02,1
4565,4565,2025-02-02,87,779,3150.52,16266.96,0.8629,0,Credit Card,2025-05-03,1
4566,4566,2025-07-31,88,555,4681.34,13757.91,0.5566,0,Medical,2025-10-29,0
4567,4567,2025-05-13,16,702,5880.28,4523.91,0.6501,1,Auto,2025-08-11,0
4568,4568,2025-08-12,34,702,7606.07,12536.57,0.8218,3,Personal Loan,2025-11-10,1
4569,4569,2025-03-24,85,544,7116.97,11785.02,0.3154,0,Auto,2025-06-22,1
4570,4570,2025-08-15,17,501,4448.62,13870.56,0.512,1,Credit Card,2025-11-13,1
4571,4571,2025-01-25,70,697,7039.09,3211.42,0.5357,3,Credit Card,2025-04-25,0
4572,4572,2025-10-21,10,457,3288.05,4261.41,0.6481,0,Medical,2026-01-19,0
4573,4573,2025-05-14,16,618,1959.82,13490.98,0.6888,0,Auto,2025-08-12,1
4574,4574,2025-01-31,70,776,3287.86,7248.16,0.7311,1,Personal Loan,2025-05-01,0
4575,4575,2025-08-01,54,705,3093.88,15911.28,0.5097,0,Medical,2025-10-30,0
4576,4576,2025-05-17,49,726,3346.28,9632.41,0.5305,1,Personal Loan,2025-08-15,1
4577,4577,2025-12-02,77,453,2887.89,5908.0,0.3527,1,Credit Card,2026-03-02,1
4578,4578,2025-12-08,27,500,3613.75,16581.67,0.6272,1,Medical,2026-03-08,0
4579,4579,2025-08-21,45,530,5878.21,10150.74,0.7315,1,Personal Loan,2025-11-19,0
4580,4580,2025-12-19,54,537,9622.56,4361.51,0.5344,1,Personal Loan,2026-03-19,0
4581,4581,2025-02-10,66,497,2045.9,20315.82,0.4831,1,Medical,2025-05-11,1
4582,4582,2025-07-23,29,809,2491.2,11078.09,0.6433,1,Medical,2025-10-21,0
4583,4583,2025-10-13,57,486,3114.58,22919.22,0.9488,3,Auto,2026-01-11,1
4584,4584,2025-04-20,40,703,6276.6,5238.32,0.5913,2,Personal Loan,2025-07-19,1
4585,4585,2025-06-14,48,655,4055.27,21970.58,0.45,1,Credit Card,2025-09-12,0
4586,4586,2025-11-07,77,664,3210.4,20489.79,0.3143,3,Medical,2026-02-05,1
4587,4587,2025-11-20,35,506,6139.69,3045.94,0.9042,3,Credit Card,2026-02-18,0
4588,4588,2025-11-22,60,543,6838.86,13526.19,0.3989,2,Auto,2026-02-20,1
4589,4589,2025-09-20,84,663,4409.68,16515.23,0.5871,2,Auto,2025-12-19,0
4590,4590,2025-04-19,68,539,3080.05,12639.31,0.5307,4,Auto,2025-07-18,0
4591,4591,2025-02-18,88,698,5022.21,10061.45,0.417,1,Medical,2025-05-19,1
4592,4592,2025-09-25,52,435,4003.92,23624.13,0.4874,2,Personal Loan,2025-12-24,1
4593,4593,2025-01-16,25,449,3989.99,17670.11,0.5067,3,Medical,2025-04-16,1
4594,4594,2025-12-14,89,712,3531.29,24163.81,0.7451,0,Medical,2026-03-14,0
4595,4595,2025-03-20,58,667,6742.88,21232.64,0.1929,0,Personal Loan,2025-06-18,1
4596,4596,2025-06-07,21,437,4976.32,20519.72,0.6384,0,Credit Card,2025-09-05,1
4597,4597,2025-12-31,28,780,7087.34,18277.99,0.9131,3,Credit Card,2026-03-31,0
4598,4598,2025-01-30,23,421,8114.0,16328.94,0.6349,2,Auto,2025-04-30,1
4599,4599,2025-08-03,75,803,5467.31,22228.12,0.499,2,Medical,2025-11-01,1
4600,4600,2025-11-01,8,712,3540.72,15528.54,0.7343,2,Credit Card,2026-01-30,0
4601,4601,2025-02-28,66,816,7102.11,2344.57,0.5915,0,Medical,2025-05-29,0
4602,4602,2025-09-03,49,800,5483.78,14772.81,0.6435,0,Personal Loan,2025-12-02,0
4603,4603,2025-09-30,6,545,14350.15,3019.46,0.7195,1,Personal Loan,2025-12-29,0
4604,4604,2025-10-04,55,723,5113.02,23757.88,0.8682,2,Auto,2026-01-02,1
4605,4605,2025-03-21,67,504,6087.3,16343.39,0.5013,3,Auto,2025-06-19,1
4606,4606,2025-08-29,65,609,5067.95,14113.33,0.6562,1,Credit Card,2025-11-27,0
4607,4607,2025-07-24,47,516,4253.11,5346.62,0.7809,3,Auto,2025-10-22,1
4608,4608,2025-06-03,30,614,3958.2,13136.29,0.3567,3,Auto,2025-09-01,1
4609,4609,2025-06-28,14,769,5076.66,8892.01,0.6291,0,Auto,2025-09-26,0
4610,4610,2025-12-19,1,594,5622.49,17046.96,0.9093,2,Auto,2026-03-19,1
4611,4611,2025-01-13,32,457,7476.16,15308.04,0.8921,0,Personal Loan,2025-04-13,1
4612,4612,2025-08-16,56,550,5110.14,12733.02,0.5787,2,Medical,2025-11-14,0
4613,4613,2025-07-27,3,735,3610.86,6692.15,0.9587,3,Credit Card,2025-10-25,0
4614,4614,2025-07-11,89,629,3838.8,13380.71,0.7441,1,Auto,2025-10-09,1
4615,4615,2025-11-20,52,644,2452.05,11811.57,0.6861,1,Auto,2026-02-18,0
4616,4616,2025-07-23,26,592,9391.37,21356.01,0.7883,0,Credit Card,2025-10-21,0
4617,4617,2025-10-29,86,537,3485.87,22411.26,0.4152,2,Medical,2026-01-27,0
4618,4618,2025-10-06,16,659,6872.95,19101.6,0.6202,1,Auto,2026-01-04,0
4619,4619,2025-10-25,86,673,5036.41,8331.18,0.7175,0,Personal Loan,2026-01-23,0
4620,4620,2025-08-11,25,780,5098.39,1433.19,0.628,0,Personal Loan,2025-11-09,0
4621,4621,2025-01-07,34,667,4218.14,23170.73,0.4638,1,Credit Card,2025-04-07,1
4622,4622,2025-01-27,38,818,3119.69,24804.3,0.4491,0,Medical,2025-04-27,1
4623,4623,2025-07-09,89,751,2876.01,3612.01,0.4917,0,Medical,2025-10-07,1
4624,4624,2025-04-12,22,451,9679.92,17297.59,0.9394,1,Medical,2025-07-11,0
4625,4625,2025-04-01,87,577,4681.07,10916.09,0.7581,2,Auto,2025-06-30,1
4626,4626,2025-07-07,31,574,7378.83,4138.75,0.5225,0,Auto,2025-10-05,0
4627,4627,2025-06-22,25,421,8293.34,24953.48,0.6291,1,Auto,2025-09-20,1
4628,4628,2025-03-02,57,492,3696.42,23364.11,0.4945,0,Personal Loan,2025-05-31,1
4629,4629,2025-06-16,62,725,5380.72,24573.92,0.7076,1,Auto,2025-09-14,0
4630,4630,2025-11-09,31,561,4538.06,4025.46,0.5102,3,Medical,2026-02-07,0
4631,4631,2025-02-23,12,479,2641.9,12552.15,0.454,2,Credit Card,2025-05-24,0
4632,4632,2025-10-11,35,535,4090.96,22446.47,0.7735,1,Credit Card,2026-01-09,1
4633,4633,2025-10-18,48,530,5792.84,17041.38,0.3852,1,Auto,2026-01-16,0
4634,4634,2025-10-04,3,489,3552.61,11147.74,0.0729,0,Medical,2026-01-02,1
4635,4635,2025-02-26,7,460,3842.28,13159.01,0.4698,3,Credit Card,2025-05-27,1
4636,4636,2025-06-20,82,726,4113.32,1445.74,0.6584,0,Medical,2025-09-18,0
4637,4637,2025-12-04,3,750,11500.99,15482.17,0.5313,0,Medical,2026-03-04,0
4638,4638,2025-04-16,36,619,1948.23,21563.03,0.5471,2,Medical,2025-07-15,1
4639,4639,2025-07-02,68,666,5573.28,568.44,0.9065,1,Personal Loan,2025-09-30,0
4640,4640,2025-11-02,29,788,,4419.13,0.6329,1,Medical,2026-01-31,0
4641,4641,2025-07-31,44,757,3333.26,13190.76,0.1887,1,Auto,2025-10-29,1
4642,4642,2025-05-09,7,433,3924.35,14243.63,0.6419,0,Credit Card,2025-08-07,0
4643,4643,2025-02-13,71,802,6004.83,8912.13,0.6059,1,Credit Card,2025-05-14,0
4644,4644,2025-07-23,57,446,6161.25,1184.39,0.7464,2,Personal Loan,2025-10-21,1
4645,4645,2025-06-29,76,430,4835.34,18718.2,0.5117,1,Credit Card,2025-09-27,1
4646,4646,2025-04-17,77,581,7271.61,6451.67,0.5534,0,Credit Card,2025-07-16,0
4647,4647,2025-04-25,31,719,7871.27,16292.14,0.3947,1,Medical,2025-07-24,0
4648,4648,2025-12-25,3,452,6421.26,14199.1,0.8521,0,Auto,2026-03-25,0
4649,4649,2025-08-14,31,537,3478.0,11055.53,0.8602,1,Credit Card,2025-11-12,1
4650,4650,2025-09-16,13,525,5555.25,14962.09,0.7539,2,Medical,2025-12-15,0
4651,4651,2025-01-23,47,579,5567.16,17528.45,0.6221,2,Auto,2025-04-23,1
4652,4652,2025-12-19,13,815,3080.87,14519.99,0.1576,0,Medical,2026-03-19,0
4653,4653,2025-04-25,82,552,2194.59,14159.37,0.6936,0,Auto,2025-07-24,1
4654,4654,2025-12-17,54,503,1789.61,11183.9,0.7353,2,Auto,2026-03-17,1
4655,4655,2025-12-13,22,469,4589.08,11035.85,0.6677,0,Credit Card,2026-03-13,0
4656,4656,2025-03-18,82,499,5085.34,12528.67,0.7263,3,Personal Loan,2025-06-16,1
4657,4657,2025-05-02,69,473,2612.85,11575.91,0.575,1,Medical,2025-07-31,1
4658,4658,2025-09-24,39,650,7120.37,11256.1,0.8538,1,Credit Card,2025-12-23,0
4659,4659,2025-07-02,13,588,4762.36,5654.07,0.6853,1,Personal Loan,2025-09-30,0
4660,4660,2025-06-19,30,619,8162.07,18258.53,0.8029,1,Auto,2025-09-17,0
4661,4661,2025-05-29,52,753,5253.98,3757.34,0.6662,1,Medical,2025-08-27,0
4662,4662,2025-08-19,68,652,2752.18,22763.41,0.8512,0,Credit Card,2025-11-17,0
4663,4663,2025-08-31,23,482,5465.59,15808.73,0.3183,5,Medical,2025-11-29,1
4664,4664,2025-06-20,66,571,6012.22,1698.07,0.6621,0,Medical,2025-09-18,0
4665,4665,2025-07-29,25,545,3475.76,16645.47,0.7778,2,Personal Loan,2025-10-27,0
4666,4666,2025-01-21,22,751,2324.03,9357.1,0.249,0,Auto,2025-04-21,0
4667,4667,2025-05-19,40,543,4652.38,23279.24,0.7957,1,Auto,2025-08-17,1
4668,4668,2025-09-06,14,475,2834.5,23433.85,0.6004,1,Credit Card,2025-12-05,1
4669,4669,2025-10-03,36,715,7364.3,21225.25,0.5642,1,Credit Card,2026-01-01,1
4670,4670,2025-06-27,32,591,3702.53,14412.3,0.523,1,Auto,2025-09-25,1
4671,4671,2025-09-04,25,458,9663.11,23019.85,0.1612,0,Personal Loan,2025-12-03,1
4672,4672,2025-02-18,69,696,1709.79,16420.3,0.556,3,Auto,2025-05-19,0
4673,4673,2025-08-13,29,504,4725.17,21940.66,0.3724,0,Credit Card,2025-11-11,1
4674,4674,2025-08-28,62,768,8461.03,4421.3,0.7242,1,Personal Loan,2025-11-26,0
4675,4675,2025-07-22,64,753,2979.06,22652.42,0.4497,0,Credit Card,2025-10-20,0
4676,4676,2025-02-28,59,568,4139.62,16708.97,0.6183,0,Auto,2025-05-29,1
4677,4677,2025-11-28,24,642,3709.43,7930.21,0.7112,0,Medical,2026-02-26,1
4678,4678,2025-11-16,74,647,3269.21,24946.43,0.5656,1,Auto,2026-02-14,0
4679,4679,2025-12-13,21,682,4964.56,17328.66,0.4601,0,Auto,2026-03-13,0
4680,4680,2025-01-08,24,447,2482.6,22756.19,0.6306,0,Credit Card,2025-04-08,1
4681,4681,2025-01-27,78,550,4230.45,636.85,0.4912,1,Credit Card,2025-04-27,1
4682,4682,2025-06-03,30,488,5609.39,14032.29,0.7074,0,Medical,2025-09-01,1
4683,4683,2025-12-18,62,699,4036.8,17957.05,0.73,1,Credit Card,2026-03-18,0
4684,4684,2025-05-06,3,447,2835.31,836.55,0.9386,1,Credit Card,2025-08-04,0
4685,4685,2025-04-27,55,627,7069.77,19182.7,0.9504,2,Medical,2025-07-26,0
4686,4686,2025-11-19,78,711,6177.17,16460.48,0.4514,1,Auto,2026-02-17,0
4687,4687,2025-01-14,63,800,2783.5,7231.61,0.3918,1,Credit Card,2025-04-14,0
4688,4688,2025-09-29,52,535,2484.06,17379.15,0.9484,0,Credit Card,2025-12-28,1
4689,4689,2025-07-24,76,423,2897.59,3707.08,0.4422,1,Credit Card,2025-10-22,1
4690,4690,2025-04-07,26,710,5683.79,20688.91,0.7706,0,Medical,2025-07-06,0
4691,4691,2025-09-01,33,420,,21722.52,0.5351,1,Medical,2025-11-30,1
4692,4692,2025-05-04,6,446,6345.73,12394.18,0.6463,0,Personal Loan,2025-08-02,1
4693,4693,2025-11-01,62,817,3840.02,12932.33,0.1731,2,Personal Loan,2026-01-30,0
4694,4694,2025-08-21,65,765,2933.26,10350.33,0.7525,1,Credit Card,2025-11-19,0
4695,4695,2025-01-04,67,703,6724.29,8960.68,0.1872,2,Auto,2025-04-04,0
4696,4696,2025-12-20,67,755,3466.66,21886.01,0.7879,1,Personal Loan,2026-03-20,1
4697,4697,2025-10-05,11,450,4836.5,7969.39,0.6786,1,Medical,2026-01-03,1
4698,4698,2025-05-29,59,455,2213.95,10369.83,0.5419,2,Medical,2025-08-27,1
4699,4699,2025-08-14,68,540,3441.23,7847.95,0.4883,2,Medical,2025-11-12,1
4700,4700,2025-11-01,18,429,7003.94,16589.46,0.6209,3,Personal Loan,2026-01-30,1
4701,4701,2025-06-28,42,776,3221.74,20448.35,0.846,2,Credit Card,2025-09-26,1
4702,4702,2025-09-20,82,442,6415.85,4526.23,0.5331,0,Personal Loan,2025-12-19,1
4703,4703,2025-10-27,37,638,1557.82,6741.19,0.8341,1,Personal Loan,2026-01-25,1
4704,4704,2025-09-15,67,762,3457.41,3050.64,0.6553,1,Auto,2025-12-14,0
4705,4705,2025-06-28,47,714,4117.04,4424.51,0.5944,0,Personal Loan,2025-09-26,0
4706,4706,2025-03-29,59,514,9741.43,10468.6,0.6683,1,Personal Loan,2025-06-27,1
4707,4707,2025-03-23,56,608,2627.85,19508.97,0.3692,1,Medical,2025-06-21,0
4708,4708,2025-01-11,58,639,6014.61,13769.64,0.479,1,Credit Card,2025-04-11,0
4709,4709,2025-06-16,70,727,7155.38,1805.27,0.6876,3,Credit Card,2025-09-14,1
4710,4710,2025-06-21,81,590,,15814.63,0.2986,0,Credit Card,2025-09-19,0
4711,4711,2025-05-14,26,534,3759.02,19984.95,0.3627,1,Credit Card,2025-08-12,1
4712,4712,2025-08-11,83,739,4739.72,10139.96,0.7973,1,Medical,2025-11-09,1
4713,4713,2025-04-24,56,775,2283.2,6502.81,0.8481,3,Auto,2025-07-23,0
4714,4714,2025-06-24,53,616,3623.53,19216.47,0.5151,2,Personal Loan,2025-09-22,1
4715,4715,2025-10-10,29,431,7897.1,1085.7,0.9065,0,Medical,2026-01-08,1
4716,4716,2025-05-21,37,620,5626.23,20481.98,0.7316,0,Credit Card,2025-08-19,0
4717,4717,2025-01-25,58,776,4144.19,20204.36,0.714,1,Medical,2025-04-25,0
4718,4718,2025-04-16,32,816,4679.2,22255.66,0.293,1,Personal Loan,2025-07-15,0
4719,4719,2025-06-02,25,580,5775.66,2692.26,0.414,1,Medical,2025-08-31,0
4720,4720,2025-11-10,73,480,6295.46,3140.08,0.6238,0,Medical,2026-02-08,1
4721,4721,2025-01-23,37,649,3462.04,21882.44,0.2859,2,Auto,2025-04-23,1
4722,4722,2025-03-03,58,753,8871.72,12143.94,0.6462,0,Personal Loan,2025-06-01,0
4723,4723,2025-04-10,2,798,8041.39,10112.29,0.5624,0,Credit Card,2025-07-09,0
4724,4724,2025-01-02,6,440,6031.59,14545.69,0.797,0,Personal Loan,2025-04-02,1
4725,4725,2025-12-01,76,536,3043.21,1935.29,0.7389,1,Medical,2026-03-01,1
4726,4726,2025-02-09,12,611,2809.89,16271.05,0.7945,3,Auto,2025-05-10,0
4727,4727,2025-08-21,71,459,3839.23,23654.54,0.4047,1,Medical,2025-11-19,1
4728,4728,2025-06-11,81,775,4570.35,17055.14,0.7838,3,Personal Loan,2025-09-09,1
4729,4729,2025-11-06,43,464,2006.56,11881.11,0.9022,2,Medical,2026-02-04,0
4730,4730,2025-07-24,79,686,5555.88,24041.58,0.7713,0,Medical,2025-10-22,0
4731,4731,2025-11-19,38,788,7937.53,17368.65,0.6368,0,Credit Card,2026-02-17,0
4732,4732,2025-09-12,85,694,5764.15,1895.53,0.6487,0,Auto,2025-12-11,0
4733,4733,2025-10-28,21,726,3280.58,16916.14,0.7338,0,Credit Card,2026-01-26,1
4734,4734,2025-07-24,38,525,3110.44,1962.55,0.6997,0,Medical,2025-10-22,1
4735,4735,2025-01-30,35,751,5089.49,8027.13,0.4423,0,Personal Loan,2025-04-30,0
4736,4736,2025-08-20,70,587,,15584.25,0.3064,0,Personal Loan,2025-11-18,1
4737,4737,2025-05-20,3,444,5428.23,5782.59,0.4102,3,Credit Card,2025-08-18,0
4738,4738,2025-02-12,74,566,5830.01,1435.64,0.1322,0,Credit Card,2025-05-13,0
4739,4739,2025-06-09,2,560,7268.83,15639.87,0.8994,2,Medical,2025-09-07,1
4740,4740,2025-06-10,28,629,2671.9,7503.5,0.1585,0,Credit Card,2025-09-08,0
4741,4741,2025-12-30,53,526,4913.43,13557.62,0.7371,4,Personal Loan,2026-03-30,1
4742,4742,2025-09-17,13,605,3776.06,6898.07,0.8127,1,Medical,2025-12-16,0
4743,4743,2025-10-12,44,591,4254.0,17317.51,0.8705,0,Auto,2026-01-10,1
4744,4744,2025-04-29,89,551,6561.56,22444.68,0.53,0,Auto,2025-07-28,1
4745,4745,2025-06-07,74,699,6890.55,2620.84,0.3298,1,Credit Card,2025-09-05,0
4746,4746,2025-04-04,2,542,8344.01,19764.81,0.8764,0,Auto,2025-07-03,1
4747,4747,2025-07-08,53,727,5385.77,4324.33,0.7361,3,Personal Loan,2025-10-06,1
4748,4748,2025-04-11,53,520,,8570.54,0.7632,3,Auto,2025-07-10,1
4749,4749,2025-04-23,6,766,3968.74,9255.45,0.2392,2,Credit Card,2025-07-22,0
4750,4750,2025-05-19,58,566,2037.26,5554.59,0.3001,1,Personal Loan,2025-08-17,1
4751,4751,2025-12-13,46,436,8126.46,2343.24,0.5815,1,Credit Card,2026-03-13,1
4752,4752,2025-01-02,61,480,3847.37,19327.92,0.4935,0,Credit Card,2025-04-02,1
4753,4753,2025-11-13,26,743,5583.96,19943.87,0.7931,1,Personal Loan,2026-02-11,0
4754,4754,2025-11-27,23,769,6036.31,24922.42,0.893,3,Auto,2026-02-25,0
4755,4755,2025-04-02,66,505,2539.21,23397.8,0.5825,2,Medical,2025-07-01,1
4756,4756,2025-03-17,64,661,2935.09,11148.74,0.4516,1,Auto,2025-06-15,1
4757,4757,2025-04-05,14,650,8920.96,3768.01,0.8919,2,Auto,2025-07-04,0
4758,4758,2025-11-09,19,473,5067.97,762.15,0.4768,2,Medical,2026-02-07,1
4759,4759,2025-02-24,52,601,3424.59,13522.18,0.8795,2,Credit Card,2025-05-25,1
4760,4760,2025-01-21,74,698,4201.28,21583.88,0.9054,1,Credit Card,2025-04-21,1
4761,4761,2025-02-27,18,807,7250.36,7063.64,0.3873,2,Medical,2025-05-28,0
4762,4762,2025-04-12,19,759,6771.25,5374.06,0.2991,1,Auto,2025-07-11,1
4763,4763,2025-09-07,72,459,2299.08,11254.36,0.2751,1,Auto,2025-12-06,1
4764,4764,2025-07-18,62,515,9278.25,22391.55,0.9534,3,Personal Loan,2025-10-16,1
4765,4765,2025-06-27,81,595,6868.95,11566.01,0.3893,1,Personal Loan,2025-09-25,1
4766,4766,2025-02-22,70,480,4152.17,18206.47,0.6159,0,Medical,2025-05-23,0
4767,4767,2025-10-05,85,648,2601.19,11831.89,0.6752,1,Personal Loan,2026-01-03,0
4768,4768,2025-12-27,17,423,7145.97,9637.49,0.2379,1,Personal Loan,2026-03-27,0
4769,4769,2025-05-21,24,465,5510.4,11302.35,0.826,2,Medical,2025-08-19,1
4770,4770,2025-07-24,21,438,2307.66,19325.81,0.6361,3,Credit Card,2025-10-22,1
4771,4771,2025-04-19,4,538,4006.07,18982.95,0.5699,3,Personal Loan,2025-07-18,1
4772,4772,2025-10-22,70,725,18156.39,11078.08,0.3988,2,Auto,2026-01-20,0
4773,4773,2025-07-30,59,491,4480.21,7056.63,0.6799,0,Auto,2025-10-28,1
4774,4774,2025-04-12,7,815,3184.7,3908.61,0.394,1,Credit Card,2025-07-11,1
4775,4775,2025-04-24,17,528,2824.75,533.56,0.9992,2,Personal Loan,2025-07-23,1
4776,4776,2025-03-11,17,437,9871.87,3274.81,0.5711,1,Credit Card,2025-06-09,1
4777,4777,2025-12-10,36,554,6512.59,4534.05,0.5511,2,Credit Card,2026-03-10,1
4778,4778,2025-11-06,40,719,8377.86,17403.48,0.5164,2,Auto,2026-02-04,1
4779,4779,2025-06-06,26,462,4972.53,20538.94,0.6288,2,Medical,2025-09-04,0
4780,4780,2025-03-22,83,448,7818.97,18555.17,0.5125,0,Personal Loan,2025-06-20,0
4781,4781,2025-03-14,19,760,3035.88,18219.2,0.4611,1,Auto,2025-06-12,0
4782,4782,2025-05-20,50,657,4784.64,24860.86,0.863,0,Medical,2025-08-18,0
4783,4783,2025-01-30,39,557,5060.26,24083.64,0.7057,0,Credit Card,2025-04-30,1
4784,4784,2025-09-28,34,723,8284.16,7086.76,0.3096,1,Medical,2025-12-27,0
4785,4785,2025-02-01,74,758,5133.17,4054.97,0.8155,1,Auto,2025-05-02,0
4786,4786,2025-03-27,88,564,3356.05,4255.81,0.7694,1,Auto,2025-06-25,1
4787,4787,2025-05-26,0,645,4577.16,22442.36,0.2879,1,Medical,2025-08-24,0
4788,4788,2025-08-28,41,424,2091.45,3007.5,0.5773,0,Credit Card,2025-11-26,1
4789,4789,2025-06-06,10,542,1564.88,8833.53,0.7526,0,Credit Card,2025-09-04,0
4790,4790,2025-12-15,39,658,6464.65,13493.49,0.7685,1,Personal Loan,2026-03-15,0
4791,4791,2025-05-16,55,499,3756.96,15529.54,0.2296,3,Credit Card,2025-08-14,0
4792,4792,2025-07-16,37,817,3953.52,15095.45,0.5853,2,Personal Loan,2025-10-14,0
4793,4793,2025-06-24,27,809,6463.5,19766.99,0.6518,2,Personal Loan,2025-09-22,0
4794,4794,2025-04-09,28,523,8338.63,14506.48,0.8829,1,Personal Loan,2025-07-08,1
4795,4795,2025-08-11,26,578,5656.27,21350.64,0.7446,0,Auto,2025-11-09,0
4796,4796,2025-12-10,29,495,10589.65,2573.44,0.7511,0,Medical,2026-03-10,1
4797,4797,2025-03-11,33,622,5575.91,21544.65,0.6145,1,Medical,2025-06-09,1
4798,4798,2025-12-01,61,469,5094.9,14955.08,0.2518,1,Auto,2026-03-01,0
4799,4799,2025-10-30,8,576,4955.11,5961.85,0.6028,0,Credit Card,2026-01-28,0
4800,4800,2025-08-16,3,642,2493.71,24454.71,0.7959,0,Auto,2025-11-14,0
4801,4801,2025-09-25,46,665,6837.65,23523.49,0.5106,0,Credit Card,2025-12-24,0
4802,4802,2025-10-02,61,659,1479.62,21220.28,0.6432,0,Personal Loan,2025-12-31,1
4803,4803,2025-05-05,23,508,3415.87,22834.11,0.8148,1,Medical,2025-08-03,0
4804,4804,2025-10-02,18,737,4493.19,9862.47,0.5352,5,Personal Loan,2025-12-31,1
4805,4805,2025-06-10,56,697,3116.94,6081.22,0.6183,0,Medical,2025-09-08,1
4806,4806,2025-06-12,34,721,3628.99,4981.14,0.1999,1,Auto,2025-09-10,0
4807,4807,2025-12-03,66,607,10175.31,21907.12,0.9745,3,Medical,2026-03-03,0
4808,4808,2025-04-07,13,777,7308.63,20752.47,0.1335,2,Auto,2025-07-06,0
4809,4809,2025-01-29,10,576,3266.18,24532.99,0.5182,2,Personal Loan,2025-04-29,1
4810,4810,2025-01-25,49,743,3600.02,21282.18,0.1397,1,Medical,2025-04-25,0
4811,4811,2025-05-29,35,501,2503.26,15992.96,0.696,2,Credit Card,2025-08-27,1
4812,4812,2025-01-18,65,519,6107.34,3985.9,0.8894,0,Personal Loan,2025-04-18,1
4813,4813,2025-12-05,45,631,3974.35,4538.76,0.7776,1,Auto,2026-03-05,0
4814,4814,2025-01-20,31,642,1835.53,12105.64,0.6666,1,Personal Loan,2025-04-20,1
4815,4815,2025-10-15,14,719,4653.4,19310.99,0.8626,3,Medical,2026-01-13,0
4816,4816,2025-03-29,14,539,5418.32,4745.25,0.7787,3,Auto,2025-06-27,1
4817,4817,2025-09-24,68,769,6859.66,22930.18,0.4804,0,Medical,2025-12-23,1
4818,4818,2025-02-11,20,552,4302.67,17252.87,0.9842,0,Medical,2025-05-12,0
4819,4819,2025-12-12,45,634,3760.47,8151.57,0.6884,1,Personal Loan,2026-03-12,1
4820,4820,2025-01-18,73,793,10870.62,22201.11,0.4954,0,Personal Loan,2025-04-18,0
4821,4821,2025-05-11,80,636,4460.27,15166.44,0.7081,2,Personal Loan,2025-08-09,0
4822,4822,2025-08-01,24,693,6147.51,18462.38,0.4702,2,Auto,2025-10-30,0
4823,4823,2025-08-19,9,784,3488.43,9943.33,0.5815,2,Auto,2025-11-17,0
4824,4824,2025-05-05,69,810,6066.03,10141.99,0.9488,0,Auto,2025-08-03,0
4825,4825,2025-01-18,61,620,2309.92,809.13,0.4068,3,Credit Card,2025-04-18,0
4826,4826,2025-12-31,29,587,3612.19,13678.6,0.4949,0,Auto,2026-03-31,1
4827,4827,2025-11-13,53,498,2581.89,19139.52,0.9538,0,Medical,2026-02-11,1
4828,4828,2025-09-01,16,635,3387.21,24236.2,0.2871,0,Credit Card,2025-11-30,1
4829,4829,2025-05-02,63,788,7806.5,22359.56,0.5692,1,Medical,2025-07-31,1
4830,4830,2025-12-09,65,615,,2631.28,0.3389,0,Auto,2026-03-09,0
4831,4831,2025-03-06,26,559,6143.9,24522.74,0.7971,1,Auto,2025-06-04,1
4832,4832,2025-01-24,42,463,8802.31,4162.28,0.4379,0,Auto,2025-04-24,0
4833,4833,2025-10-18,30,576,4392.22,1507.3,0.2681,1,Credit Card,2026-01-16,1
4834,4834,2025-04-06,2,514,6954.85,18848.78,0.522,1,Auto,2025-07-05,1
4835,4835,2025-10-02,11,811,5647.62,22694.22,0.3177,0,Auto,2025-12-31,0
4836,4836,2025-10-13,86,631,4686.29,23769.68,0.431,1,Personal Loan,2026-01-11,0
4837,4837,2025-02-19,41,474,6233.18,20711.91,0.2724,0,Medical,2025-05-20,0
4838,4838,2025-08-14,13,447,10177.88,5520.2,0.4958,3,Auto,2025-11-12,1
4839,4839,2025-06-14,3,761,3338.34,4273.07,0.1716,0,Medical,2025-09-12,1
4840,4840,2025-05-13,31,793,2888.12,1944.73,0.7657,1,Credit Card,2025-08-11,0
4841,4841,2025-06-21,88,725,2812.81,14758.24,0.5435,0,Credit Card,2025-09-19,0
4842,4842,2025-11-03,34,469,6956.92,12436.92,0.8619,1,Medical,2026-02-01,1
4843,4843,2025-02-18,89,459,7392.46,3177.45,0.9266,0,Medical,2025-05-19,0
4844,4844,2025-07-02,44,499,3492.36,11888.26,0.8523,0,Credit Card,2025-09-30,1
4845,4845,2025-09-22,68,721,1700.7,14399.43,0.7876,1,Auto,2025-12-21,1
4846,4846,2025-12-01,70,726,3282.5,18212.39,0.6091,2,Auto,2026-03-01,1
4847,4847,2025-07-23,2,755,5690.39,10647.84,0.5951,3,Credit Card,2025-10-21,0
4848,4848,2025-07-19,0,458,4315.53,8299.63,0.6688,4,Personal Loan,2025-10-17,1
4849,4849,2025-03-07,83,481,4823.02,16809.14,0.8541,1,Auto,2025-06-05,1
4850,4850,2025-08-03,83,781,3513.95,17263.48,0.8675,2,Medical,2025-11-01,1
4851,4851,2025-12-20,11,792,7018.75,7125.5,0.8417,0,Auto,2026-03-20,0
4852,4852,2025-04-24,58,711,5189.73,985.67,0.6953,0,Personal Loan,2025-07-23,0
4853,4853,2025-06-29,83,462,5790.12,23669.42,0.8698,0,Medical,2025-09-27,1
4854,4854,2025-01-30,85,447,4777.06,19004.52,0.9429,4,Credit Card,2025-04-30,1
4855,4855,2025-04-13,26,442,5630.57,5427.06,0.7526,1,Auto,2025-07-12,1
4856,4856,2025-01-05,73,697,5466.3,14358.81,0.4114,4,Personal Loan,2025-04-05,1
4857,4857,2025-11-18,58,759,2928.85,15076.21,0.4525,1,Personal Loan,2026-02-16,0
4858,4858,2025-04-16,83,673,5259.96,3586.72,0.5052,1,Auto,2025-07-15,1
4859,4859,2025-12-07,13,525,6349.8,5195.6,0.5857,2,Credit Card,2026-03-07,0
4860,4860,2025-11-07,54,723,7478.7,23939.31,0.5716,0,Personal Loan,2026-02-05,1
4861,4861,2025-03-02,2,443,5362.84,12946.27,0.4945,1,Personal Loan,2025-05-31,0
4862,4862,2025-05-04,32,752,2880.26,5190.33,0.632,0,Auto,2025-08-02,0
4863,4863,2025-06-11,1,777,3086.85,20040.58,0.765,2,Medical,2025-09-09,1
4864,4864,2025-11-01,39,708,3656.21,12029.05,0.6343,0,Credit Card,2026-01-30,0
4865,4865,2025-12-18,72,772,4842.85,16141.1,0.795,2,Personal Loan,2026-03-18,1
4866,4866,2025-12-28,59,655,4209.06,7788.79,0.6961,1,Personal Loan,2026-03-28,1
4867,4867,2025-06-20,28,607,2682.01,1918.65,0.9241,0,Credit Card,2025-09-18,0
4868,4868,2025-06-07,38,549,2674.79,4541.13,0.3488,0,Credit Card,2025-09-05,1
4869,4869,2025-02-21,33,789,1729.63,24339.4,0.3566,1,Medical,2025-05-22,0
4870,4870,2025-06-08,65,699,1092.51,15777.92,0.3954,1,Personal Loan,2025-09-06,1
4871,4871,2025-03-11,23,496,4191.01,20861.59,0.3537,1,Medical,2025-06-09,1
4872,4872,2025-11-07,8,803,12633.45,1027.23,0.6435,0,Auto,2026-02-05,0
4873,4873,2025-05-13,45,443,9982.12,19253.83,0.4775,1,Personal Loan,2025-08-11,0
4874,4874,2025-07-24,74,655,2863.49,12381.33,0.3831,3,Medical,2025-10-22,0
4875,4875,2025-03-24,42,496,4757.4,16800.04,0.6586,0,Auto,2025-06-22,1
4876,4876,2025-10-31,18,686,2300.63,9276.02,0.6518,0,Personal Loan,2026-01-29,0
4877,4877,2025-10-01,4,585,2464.02,15711.29,0.3734,0,Medical,2025-12-30,0
4878,4878,2025-09-14,84,595,2594.47,1372.68,0.841,0,Credit Card,2025-12-13,1
4879,4879,2025-11-05,68,689,4017.94,1616.92,0.238,0,Personal Loan,2026-02-03,0
4880,4880,2025-05-17,13,723,4096.52,20071.49,0.4374,2,Personal Loan,2025-08-15,1
4881,4881,2025-12-14,6,572,4982.64,3549.4,0.8116,2,Medical,2026-03-14,0
4882,4882,2025-08-24,11,820,5993.6,842.61,0.7697,0,Medical,2025-11-22,0
4883,4883,2025-02-04,33,619,3821.52,22855.18,0.5314,1,Credit Card,2025-05-05,0
4884,4884,2025-01-11,73,484,4520.11,7005.53,0.226,0,Credit Card,2025-04-11,0
4885,4885,2025-10-04,14,422,2718.36,14768.36,0.3999,2,Credit Card,2026-01-02,0
4886,4886,2025-07-02,73,501,2428.37,21053.47,0.7465,0,Personal Loan,2025-09-30,1
4887,4887,2025-12-08,0,697,2265.3,18774.72,0.5621,1,Credit Card,2026-03-08,1
4888,4888,2025-02-02,66,636,5956.04,1642.38,0.9001,1,Medical,2025-05-03,0
4889,4889,2025-09-16,25,555,3819.75,14243.24,0.4641,0,Medical,2025-12-15,1
4890,4890,2025-07-21,86,613,1916.0,13774.05,0.3478,1,Personal Loan,2025-10-19,1
4891,4891,2025-01-27,42,756,4322.59,9076.96,0.4595,0,Credit Card,2025-04-27,0
4892,4892,2025-10-24,24,649,2535.21,18962.29,0.6034,1,Auto,2026-01-22,0
4893,4893,2025-01-24,21,443,9387.84,24118.14,0.7323,2,Auto,2025-04-24,1
4894,4894,2025-02-28,74,439,3427.31,4106.07,0.4837,0,Personal Loan,2025-05-29,1
4895,4895,2025-12-02,36,613,6043.13,4057.99,0.5234,3,Auto,2026-03-02,0
4896,4896,2025-05-25,31,582,7259.26,18501.03,0.7899,1,Auto,2025-08-23,1
4897,4897,2025-10-31,66,761,2893.67,11633.2,0.5933,2,Personal Loan,2026-01-29,0
4898,4898,2025-07-19,48,653,4601.88,19982.86,0.7281,4,Auto,2025-10-17,0
4899,4899,2025-06-24,59,723,5704.78,3956.4,0.3832,1,Medical,2025-09-22,0
4900,4900,2025-03-15,40,654,4684.41,1476.51,0.4249,3,Credit Card,2025-06-13,1
4901,4901,2025-02-16,5,558,5231.72,17599.38,0.7484,0,Personal Loan,2025-05-17,1
4902,4902,2025-01-13,0,683,2444.67,24870.42,0.428,0,Auto,2025-04-13,0
4903,4903,2025-01-12,3,669,5706.24,2822.56,0.8626,0,Personal Loan,2025-04-12,0
4904,4904,2025-01-01,51,708,3573.23,21676.28,0.4951,0,Medical,2025-04-01,0
4905,4905,2025-12-13,46,495,5204.37,9939.6,0.6629,1,Medical,2026-03-13,0
4906,4906,2025-04-04,67,677,6727.74,911.34,0.625,0,Credit Card,2025-07-03,0
4907,4907,2025-11-18,80,534,6008.7,12995.53,0.458,2,Auto,2026-02-16,1
4908,4908,2025-04-22,15,736,5202.65,7331.93,0.9103,2,Credit Card,2025-07-21,1
4909,4909,2025-07-06,86,740,5936.99,17488.38,0.5217,3,Auto,2025-10-04,0
4910,4910,2025-06-19,83,670,6061.94,7551.85,0.6244,1,Credit Card,2025-09-17,1
4911,4911,2025-10-31,55,799,8716.52,12301.65,0.3276,1,Personal Loan,2026-01-29,0
4912,4912,2025-11-06,47,635,4379.44,5413.85,0.674,0,Auto,2026-02-04,0
4913,4913,2025-02-14,15,430,4787.58,20788.49,0.8242,1,Auto,2025-05-15,1
4914,4914,2025-06-01,16,663,6764.41,23173.07,0.4491,1,Personal Loan,2025-08-30,0
4915,4915,2025-11-18,1,731,3566.45,10381.73,0.8074,2,Credit Card,2026-02-16,1
4916,4916,2025-01-31,58,460,2438.48,11497.56,0.6226,0,Medical,2025-05-01,1
4917,4917,2025-10-26,38,461,5552.22,24575.75,0.5079,2,Auto,2026-01-24,1
4918,4918,2025-04-30,17,529,4053.31,3981.83,0.6158,0,Credit Card,2025-07-29,1
4919,4919,2025-09-14,12,758,2582.76,20311.18,0.8419,1,Credit Card,2025-12-13,1
4920,4920,2025-04-22,5,631,5570.52,14398.33,0.8517,1,Medical,2025-07-21,0
4921,4921,2025-07-14,57,811,8467.66,22077.99,0.8268,0,Medical,2025-10-12,0
4922,4922,2025-07-28,61,770,2135.84,7664.5,0.6577,0,Personal Loan,2025-10-26,0
4923,4923,2025-03-27,56,642,7044.81,7755.87,0.4419,1,Auto,2025-06-25,0
4924,4924,2025-08-25,9,692,1419.87,8482.59,0.5125,0,Auto,2025-11-23,0
4925,4925,2025-02-05,3,552,3714.02,907.46,0.8823,0,Auto,2025-05-06,1
4926,4926,2025-01-01,9,456,10180.53,4662.38,0.3837,0,Credit Card,2025-04-01,0
4927,4927,2025-09-01,67,579,3836.26,24867.37,0.888,0,Medical,2025-11-30,1
4928,4928,2025-07-17,66,657,4630.74,6599.24,0.6785,1,Credit Card,2025-10-15,1
4929,4929,2025-08-04,26,493,6268.48,987.97,0.3298,0,Auto,2025-11-02,1
4930,4930,2025-03-31,4,508,2054.09,7324.24,0.6969,2,Credit Card,2025-06-29,0
4931,4931,2025-01-17,28,426,4593.71,10505.56,0.5995,1,Auto,2025-04-17,0
4932,4932,2025-10-05,72,714,4577.44,13920.79,0.6724,1,Auto,2026-01-03,0
4933,4933,2025-04-15,12,780,10280.91,2179.87,0.6951,3,Auto,2025-07-14,0
4934,4934,2025-05-04,71,751,2550.17,19865.51,0.9211,2,Personal Loan,2025-08-02,0
4935,4935,2025-11-15,41,572,3745.49,20724.78,0.8472,2,Auto,2026-02-13,1
4936,4936,2025-12-01,12,657,2928.48,5722.43,0.623,1,Auto,2026-03-01,0
4937,4937,2025-05-11,84,805,2792.0,20061.25,0.9048,1,Auto,2025-08-09,0
4938,4938,2025-05-26,46,657,7385.92,9354.96,0.2184,1,Personal Loan,2025-08-24,0
4939,4939,2025-12-22,60,538,4500.72,10866.2,0.4671,0,Personal Loan,2026-03-22,0
4940,4940,2025-05-08,8,555,3463.36,23441.51,0.3543,3,Medical,2025-08-06,1
4941,4941,2025-07-26,33,711,3522.65,22351.66,0.647,0,Medical,2025-10-24,1
4942,4942,2025-02-19,56,598,3451.44,9690.21,0.6749,0,Credit Card,2025-05-20,1
4943,4943,2025-11-16,58,755,3593.16,12458.7,0.5631,1,Personal Loan,2026-02-14,0
4944,4944,2025-03-05,5,766,2517.44,7519.83,0.4032,1,Medical,2025-06-03,0
4945,4945,2025-04-25,54,434,3958.31,13128.14,0.3575,1,Credit Card,2025-07-24,1
4946,4946,2025-09-04,85,710,3783.32,17206.74,0.7157,2,Credit Card,2025-12-03,0
4947,4947,2025-11-11,70,568,3162.1,2770.36,0.5353,3,Credit Card,2026-02-09,1
4948,4948,2025-07-28,18,628,4768.42,23036.11,0.4682,0,Auto,2025-10-26,0
4949,4949,2025-11-08,82,526,,18112.41,0.2472,2,Medical,2026-02-06,1
4950,4950,2025-07-20,61,567,,2870.44,0.6442,1,Personal Loan,2025-10-18,0
4951,4951,2025-06-23,5,552,4167.78,21790.23,0.8452,1,Personal Loan,2025-09-21,0
4952,4952,2025-02-18,11,440,11747.32,18720.23,0.3818,2,Personal Loan,2025-05-19,1
4953,4953,2025-05-14,82,733,11547.16,8171.61,0.6887,1,Medical,2025-08-12,0
4954,4954,2025-02-08,18,477,2767.39,13275.11,0.4549,0,Medical,2025-05-09,1
4955,4955,2025-04-07,8,570,2946.87,21573.2,0.5679,1,Auto,2025-07-06,0
4956,4956,2025-06-09,40,497,2760.78,24219.08,0.3168,1,Personal Loan,2025-09-07,1
4957,4957,2025-12-10,47,484,7155.77,7386.4,0.4945,0,Credit Card,2026-03-10,1
4958,4958,2025-12-14,51,569,3716.96,16438.68,0.5917,0,Credit Card,2026-03-14,1
4959,4959,2025-07-30,59,788,4953.52,21576.05,0.6545,2,Auto,2025-10-28,0
4960,4960,2025-06-03,89,798,10923.1,24710.09,0.214,0,Auto,2025-09-01,0
4961,4961,2025-05-08,68,573,4426.17,2232.6,0.6165,3,Medical,2025-08-06,1
4962,4962,2025-11-26,2,622,6110.79,12838.74,0.5538,2,Auto,2026-02-24,1
4963,4963,2025-05-15,7,815,5620.58,21904.81,0.146,1,Auto,2025-08-13,0
4964,4964,2025-12-20,0,514,3412.85,577.37,0.973,1,Medical,2026-03-20,0
4965,4965,2025-06-16,35,798,7162.56,11212.26,0.6949,0,Personal Loan,2025-09-14,0
4966,4966,2025-02-10,31,462,3033.99,14812.87,0.5804,3,Medical,2025-05-11,1
4967,4967,2025-05-28,84,510,8126.99,13399.01,0.7977,2,Personal Loan,2025-08-26,1
4968,4968,2025-12-04,32,555,3414.02,18452.93,0.8144,1,Auto,2026-03-04,0
4969,4969,2025-05-22,2,434,3586.44,2105.29,0.4339,3,Auto,2025-08-20,0
4970,4970,2025-09-21,79,747,2724.88,19742.71,0.5193,1,Personal Loan,2025-12-20,1
4971,4971,2025-12-29,23,763,2933.89,7437.68,0.3079,4,Credit Card,2026-03-29,1
4972,4972,2025-02-04,82,573,3670.03,20693.62,0.1481,2,Credit Card,2025-05-05,1
4973,4973,2025-11-20,69,755,1489.05,10777.45,0.7536,3,Medical,2026-02-18,0
4974,4974,2025-09-23,79,729,4003.81,1551.51,0.6975,1,Personal Loan,2025-12-22,1
4975,4975,2025-08-29,73,741,3538.34,24115.91,0.5592,2,Personal Loan,2025-11-27,0
4976,4976,2025-06-30,12,741,6345.52,19623.46,0.6038,0,Auto,2025-09-28,0
4977,4977,2025-09-07,56,649,5379.45,9021.49,0.1036,1,Credit Card,2025-12-06,1
4978,4978,2025-02-21,37,464,3234.28,7115.67,0.7628,2,Personal Loan,2025-05-22,1
4979,4979,2025-12-06,56,790,3617.91,14929.61,0.8543,0,Auto,2026-03-06,0
4980,4980,2025-03-28,67,664,4001.49,24688.72,0.5416,2,Credit Card,2025-06-26,1
4981,4981,2025-02-25,45,781,8679.16,7609.09,0.7404,1,Personal Loan,2025-05-26,1
4982,4982,2025-09-16,28,804,3071.63,23732.64,0.8574,4,Personal Loan,2025-12-15,0
4983,4983,2025-01-29,82,495,3216.69,8594.48,0.3183,2,Auto,2025-04-29,1
4984,4984,2025-04-27,59,581,2676.16,17750.4,0.9122,1,Auto,2025-07-26,1
4985,4985,2025-03-31,79,497,2282.63,9852.49,0.6364,1,Auto,2025-06-29,1
4986,4986,2025-12-14,21,440,5105.9,2583.78,0.4687,0,Personal Loan,2026-03-14,1
4987,4987,2025-04-03,75,807,4872.23,23436.64,0.8598,1,Medical,2025-07-02,0
4988,4988,2025-10-27,29,790,7920.76,4516.24,0.4536,0,Credit Card,2026-01-25,0
4989,4989,2025-07-31,41,793,7105.57,23644.94,0.625,0,Credit Card,2025-10-29,0
4990,4990,2025-07-22,77,774,13078.21,3031.02,0.5815,2,Medical,2025-10-20,0
4991,4991,2025-09-08,31,680,4301.66,7040.21,0.3098,2,Auto,2025-12-07,0
4992,4992,2025-08-17,22,629,3955.1,23062.63,0.3239,3,Personal Loan,2025-11-15,1
4993,4993,2025-04-05,82,817,2477.23,16634.25,0.522,1,Credit Card,2025-07-04,0
4994,4994,2025-12-02,86,641,6084.26,5142.34,0.5794,1,Auto,2026-03-02,1
4995,4995,2025-01-14,27,677,4690.72,15006.29,0.5083,3,Personal Loan,2025-04-14,0
4996,4996,2025-04-28,27,504,5961.45,4919.58,0.7374,2,Auto,2025-07-27,1
4997,4997,2025-04-22,20,719,2663.49,21923.83,0.8293,1,Auto,2025-07-21,0
4998,4998,2025-10-23,2,748,5209.41,1720.8,0.6855,1,Auto,2026-01-21,0
4999,4999,2025-06-26,49,692,4877.26,13479.55,0.6987,3,Personal Loan,2025-09-24,0
5000,5000,2025-06-13,22,619,4734.19,2055.09,0.3671,2,Personal Loan,2025-09-11,0
5001,5001,2025-01-06,76,499,3269.95,17528.06,0.7207,1,Auto,2025-04-06,1
5002,5002,2025-11-15,15,433,7594.63,23427.03,0.7517,2,Credit Card,2026-02-13,0
5003,5003,2025-05-29,57,671,11188.46,20861.13,0.6746,0,Auto,2025-08-27,0
5004,5004,2025-01-24,45,693,2698.21,9607.33,0.5916,0,Personal Loan,2025-04-24,0
5005,5005,2025-04-08,55,729,6149.95,6304.17,0.5531,4,Medical,2025-07-07,0
5006,5006,2025-09-20,10,801,1218.0,3465.17,0.6383,1,Medical,2025-12-19,0
5007,5007,2025-01-08,41,619,6008.16,21903.79,0.6279,0,Medical,2025-04-08,1
5008,5008,2025-10-23,56,752,1916.83,2487.17,0.798,0,Auto,2026-01-21,1
5009,5009,2025-06-18,30,707,3511.38,15906.32,0.9014,1,Personal Loan,2025-09-16,1
5010,5010,2025-08-12,78,531,2463.01,9498.05,0.6258,0,Credit Card,2025-11-10,1
5011,5011,2025-09-29,47,758,4035.86,24896.57,0.7881,1,Medical,2025-12-28,0
5012,5012,2025-04-18,32,441,6486.36,12966.17,0.3396,1,Medical,2025-07-17,1
5013,5013,2025-07-13,2,660,1927.94,13945.38,0.9341,0,Auto,2025-10-11,0
5014,5014,2025-02-24,15,797,3782.85,22988.28,0.4951,2,Personal Loan,2025-05-25,0
5015,5015,2025-07-04,42,684,3529.76,24256.1,0.6099,1,Auto,2025-10-02,0
5016,5016,2025-09-27,36,795,9058.62,14799.09,0.4699,2,Personal Loan,2025-12-26,0
5017,5017,2025-02-24,78,442,5400.75,20006.46,0.6415,1,Credit Card,2025-05-25,0
5018,5018,2025-02-16,70,633,2618.23,16051.79,0.8626,1,Personal Loan,2025-05-17,1
5019,5019,2025-02-09,14,733,3597.22,10971.31,0.572,3,Auto,2025-05-10,0
5020,5020,2025-11-05,53,677,8957.5,1904.23,0.1701,1,Credit Card,2026-02-03,1
5021,5021,2025-11-18,40,773,6133.15,18084.72,0.8107,0,Medical,2026-02-16,1
5022,5022,2025-07-02,9,605,2941.85,17656.44,0.2765,1,Medical,2025-09-30,1
5023,5023,2025-07-25,59,693,3943.48,3359.21,0.8112,2,Credit Card,2025-10-23,0
5024,5024,2025-05-20,48,588,,6136.69,0.7063,1,Auto,2025-08-18,1
5025,5025,2025-07-07,7,769,3490.88,18437.14,0.9525,2,Personal Loan,2025-10-05,0
5026,5026,2025-03-28,42,467,2059.88,4167.94,0.743,0,Auto,2025-06-26,1
5027,5027,2025-06-21,65,521,3278.27,17427.91,0.4707,0,Auto,2025-09-19,1
5028,5028,2025-01-06,29,458,8309.38,18090.44,0.5132,0,Personal Loan,2025-04-06,1
5029,5029,2025-07-09,32,701,3746.15,9156.92,0.6712,2,Auto,2025-10-07,0
5030,5030,2025-11-27,9,513,4245.16,6825.46,0.6932,1,Medical,2026-02-25,0
5031,5031,2025-09-15,18,547,4737.37,9639.47,0.5997,1,Personal Loan,2025-12-14,1
5032,5032,2025-08-09,88,755,12066.2,9300.32,0.7663,1,Medical,2025-11-07,0
5033,5033,2025-03-28,55,564,4464.86,15371.99,0.1964,0,Medical,2025-06-26,0
5034,5034,2025-09-13,15,478,7275.56,18724.28,0.7981,2,Personal Loan,2025-12-12,1
5035,5035,2025-12-06,43,428,3397.58,21612.94,0.9357,0,Personal Loan,2026-03-06,1
5036,5036,2025-12-22,17,510,3957.11,1234.81,0.7875,0,Auto,2026-03-22,1
5037,5037,2025-12-13,39,786,4472.26,18300.51,0.8216,1,Auto,2026-03-13,0
5038,5038,2025-03-21,13,639,3138.94,8197.56,0.8945,1,Auto,2025-06-19,1
5039,5039,2025-03-22,55,818,4057.52,21046.73,0.8624,1,Credit Card,2025-06-20,0
5040,5040,2025-01-23,51,506,6631.74,2355.07,0.4016,1,Medical,2025-04-23,0
5041,5041,2025-11-28,57,560,3102.1,14003.78,0.7269,2,Medical,2026-02-26,0
5042,5042,2025-06-26,39,485,4447.24,13942.5,0.2833,3,Medical,2025-09-24,1
5043,5043,2025-07-30,25,579,6117.63,8499.53,0.6141,1,Auto,2025-10-28,0
5044,5044,2025-06-03,22,645,3068.64,24272.51,0.2179,2,Medical,2025-09-01,0
5045,5045,2025-09-01,19,744,7280.36,3119.62,0.6816,0,Personal Loan,2025-11-30,0
5046,5046,2025-01-24,38,567,4595.34,3841.73,0.9924,1,Medical,2025-04-24,1
5047,5047,2025-04-30,40,729,4128.6,16284.36,0.7206,0,Medical,2025-07-29,0
5048,5048,2025-06-22,60,671,1801.43,13100.33,0.7519,0,Auto,2025-09-20,1
5049,5049,2025-02-25,4,537,3758.87,6979.44,0.8807,1,Personal Loan,2025-05-26,1
5050,5050,2025-07-17,25,785,,7954.66,0.7707,3,Personal Loan,2025-10-15,0
5051,5051,2025-09-11,76,594,9753.73,4347.07,0.4164,1,Auto,2025-12-10,0
5052,5052,2025-02-12,82,480,5741.93,21760.22,0.3203,0,Personal Loan,2025-05-13,1
5053,5053,2025-10-30,83,806,7381.98,14453.21,0.6069,1,Personal Loan,2026-01-28,0
5054,5054,2025-09-11,27,786,2580.92,6498.45,0.2898,3,Auto,2025-12-10,0
5055,5055,2025-01-27,12,439,,10138.81,0.5857,3,Credit Card,2025-04-27,1
5056,5056,2025-05-07,17,781,7702.77,22713.78,0.6732,0,Personal Loan,2025-08-05,0
5057,5057,2025-09-30,11,799,2982.51,22227.61,0.2492,1,Medical,2025-12-29,0
5058,5058,2025-07-25,85,752,6866.09,2193.11,0.8309,0,Medical,2025-10-23,0
5059,5059,2025-01-09,79,522,6185.69,16525.45,0.4508,1,Medical,2025-04-09,1
5060,5060,2025-08-21,72,673,5032.27,4247.79,0.532,1,Medical,2025-11-19,0
5061,5061,2025-04-18,65,635,3835.61,5666.64,0.7126,2,Auto,2025-07-17,1
5062,5062,2025-05-11,30,668,2853.12,21673.09,0.3471,0,Personal Loan,2025-08-09,0
5063,5063,2025-01-19,42,667,9886.45,22432.16,0.5257,0,Auto,2025-04-19,0
5064,5064,2025-09-26,75,676,5909.63,2525.95,0.5033,0,Credit Card,2025-12-25,0
5065,5065,2025-04-14,73,626,5183.71,21911.12,0.5367,0,Credit Card,2025-07-13,0
5066,5066,2025-08-28,46,696,3693.09,18348.09,0.5845,1,Medical,2025-11-26,1
5067,5067,2025-06-07,75,631,4523.5,19504.9,0.7934,1,Auto,2025-09-05,1
5068,5068,2025-01-22,31,426,4789.22,19899.48,0.5415,1,Medical,2025-04-22,1
5069,5069,2025-02-09,37,434,5323.81,12927.22,0.5635,1,Auto,2025-05-10,0
5070,5070,2025-02-18,75,804,6188.53,23699.24,0.5086,1,Personal Loan,2025-05-19,0
5071,5071,2025-01-12,33,784,3127.18,5408.81,0.6917,2,Auto,2025-04-12,1
5072,5072,2025-01-17,67,654,2298.54,12871.65,0.8498,1,Auto,2025-04-17,1
5073,5073,2025-01-10,40,490,4618.97,8304.54,0.5865,1,Personal Loan,2025-04-10,1
5074,5074,2025-11-14,26,733,2025.87,20649.57,0.8478,0,Credit Card,2026-02-12,1
5075,5075,2025-12-05,19,477,3844.32,2526.17,0.6308,1,Auto,2026-03-05,0
5076,5076,2025-05-08,54,571,3536.4,11125.12,0.5597,0,Auto,2025-08-06,1
5077,5077,2025-01-31,43,552,5548.52,19450.2,0.7642,0,Medical,2025-05-01,1
5078,5078,2025-07-13,33,424,10852.69,8152.35,0.7557,5,Credit Card,2025-10-11,0
5079,5079,2025-09-17,66,743,1853.69,6391.67,0.7184,1,Medical,2025-12-16,0
5080,5080,2025-07-12,0,624,12374.38,6932.45,0.5913,0,Auto,2025-10-10,0
5081,5081,2025-05-30,8,546,4004.27,17982.96,0.7977,0,Medical,2025-08-28,0
5082,5082,2025-06-22,86,623,5200.52,7526.18,0.8123,2,Credit Card,2025-09-20,1
5083,5083,2025-02-06,59,420,2352.72,10365.75,0.2691,4,Auto,2025-05-07,1
5084,5084,2025-05-26,49,595,6964.58,13868.87,0.8615,1,Personal Loan,2025-08-24,0
5085,5085,2025-02-09,1,628,4530.84,23548.62,0.82,1,Auto,2025-05-10,0
5086,5086,2025-05-07,53,556,4325.75,19961.52,0.9239,2,Credit Card,2025-08-05,0
5087,5087,2025-02-13,39,752,1859.71,5039.4,0.8563,0,Credit Card,2025-05-14,0
5088,5088,2025-04-05,53,520,4597.23,22135.56,0.3501,0,Medical,2025-07-04,0
5089,5089,2025-03-15,3,475,6506.93,21196.8,0.7965,1,Personal Loan,2025-06-13,0
5090,5090,2025-03-28,49,631,3998.5,18758.0,0.45,1,Credit Card,2025-06-26,1
5091,5091,2025-02-26,52,775,7543.11,13164.2,0.2558,1,Medical,2025-05-27,0
5092,5092,2025-08-24,26,570,7404.2,2210.47,0.6042,3,Auto,2025-11-22,0
5093,5093,2025-04-12,4,438,3332.6,17931.88,0.8309,4,Medical,2025-07-11,1
5094,5094,2025-09-14,87,808,9116.14,13199.38,0.4428,3,Credit Card,2025-12-13,1
5095,5095,2025-07-05,63,598,4538.64,8089.49,0.8766,0,Auto,2025-10-03,1
5096,5096,2025-03-30,55,489,4547.74,743.48,0.2584,2,Personal Loan,2025-06-28,1
5097,5097,2025-03-14,69,666,4649.62,6160.7,0.1093,1,Personal Loan,2025-06-12,1
5098,5098,2025-02-19,60,548,4587.97,15339.41,0.6532,2,Auto,2025-05-20,1
5099,5099,2025-11-13,12,796,1361.63,3251.51,0.591,0,Auto,2026-02-11,1
5100,5100,2025-10-09,40,537,4090.91,16557.76,0.6187,2,Credit Card,2026-01-07,0
5101,5101,2025-07-29,79,640,2407.21,20581.97,0.4187,2,Medical,2025-10-27,0
5102,5102,2025-01-27,25,637,9245.12,8295.37,0.8329,2,Personal Loan,2025-04-27,0
5103,5103,2025-07-28,87,517,9079.16,2508.65,0.4589,2,Medical,2025-10-26,1
5104,5104,2025-07-21,5,620,6524.84,3922.62,0.6747,1,Personal Loan,2025-10-19,0
5105,5105,2025-12-17,29,463,,9268.77,0.7843,0,Medical,2026-03-17,1
5106,5106,2025-06-27,31,678,,20429.14,0.2438,0,Credit Card,2025-09-25,0
5107,5107,2025-02-07,55,724,3307.97,16039.83,0.5584,1,Auto,2025-05-08,0
5108,5108,2025-09-12,15,800,10659.31,21763.25,0.88,4,Medical,2025-12-11,1
5109,5109,2025-06-16,20,550,3256.84,24863.46,0.5926,3,Credit Card,2025-09-14,1
5110,5110,2025-10-18,59,534,1540.68,5462.87,0.9409,5,Medical,2026-01-16,1
5111,5111,2025-12-27,25,640,7069.71,17523.13,0.6998,0,Medical,2026-03-27,1
5112,5112,2025-12-03,79,697,8736.16,11929.66,0.2912,2,Personal Loan,2026-03-03,1
5113,5113,2025-08-04,78,817,9382.93,12590.21,0.7981,1,Personal Loan,2025-11-02,1
5114,5114,2025-04-10,27,430,7095.79,8476.74,0.381,2,Medical,2025-07-09,1
5115,5115,2025-07-21,50,515,7636.42,8891.55,0.5835,1,Credit Card,2025-10-19,0
5116,5116,2025-01-15,29,525,4554.27,17068.91,0.3083,2,Personal Loan,2025-04-15,0
5117,5117,2025-08-27,31,522,1747.02,15709.67,0.6033,1,Medical,2025-11-25,1
5118,5118,2025-07-27,60,605,4503.21,8303.34,0.3523,2,Auto,2025-10-25,1
5119,5119,2025-11-08,26,770,5882.33,3405.23,0.6508,0,Credit Card,2026-02-06,0
5120,5120,2025-05-20,13,432,4184.44,14666.91,0.8973,1,Medical,2025-08-18,0
5121,5121,2025-10-02,23,747,4099.51,18615.21,0.4337,1,Personal Loan,2025-12-31,0
5122,5122,2025-06-12,83,667,2881.73,14186.23,0.5421,1,Personal Loan,2025-09-10,1
5123,5123,2025-07-25,23,666,2833.36,589.44,0.7076,0,Medical,2025-10-23,0
5124,5124,2025-11-03,32,692,10169.69,7416.73,0.2374,0,Credit Card,2026-02-01,0
5125,5125,2025-05-03,56,466,10336.7,19575.19,0.4108,1,Medical,2025-08-01,1
5126,5126,2025-05-12,9,719,4441.77,18692.43,0.3497,1,Credit Card,2025-08-10,1
5127,5127,2025-06-11,24,519,5047.69,755.05,0.6891,1,Credit Card,2025-09-09,0
5128,5128,2025-07-16,15,627,2860.11,12022.26,0.4086,0,Credit Card,2025-10-14,0
5129,5129,2025-01-19,83,691,5938.18,11214.3,0.5223,1,Medical,2025-04-19,0
5130,5130,2025-02-19,83,662,9816.72,16480.89,0.8047,1,Auto,2025-05-20,0
5131,5131,2025-07-14,68,549,2234.66,3562.01,0.712,0,Medical,2025-10-12,0
5132,5132,2025-10-17,22,578,5479.38,15724.67,0.4709,1,Credit Card,2026-01-15,0
5133,5133,2025-01-23,55,611,5667.82,23699.49,0.2179,3,Credit Card,2025-04-23,1
5134,5134,2025-06-28,59,436,5638.78,9607.86,0.7762,1,Personal Loan,2025-09-26,0
5135,5135,2025-10-28,78,711,9313.94,8765.23,0.919,0,Auto,2026-01-26,0
5136,5136,2025-04-30,14,460,11116.75,1192.7,0.6747,0,Auto,2025-07-29,1
5137,5137,2025-12-18,66,603,4003.53,1906.18,0.431,1,Credit Card,2026-03-18,0
5138,5138,2025-06-09,17,682,,23323.52,0.2823,2,Auto,2025-09-07,1
5139,5139,2025-09-10,51,452,4618.87,24399.8,0.9619,0,Credit Card,2025-12-09,1
5140,5140,2025-03-29,79,819,3346.09,638.22,0.8797,2,Auto,2025-06-27,1
5141,5141,2025-11-22,5,571,5023.42,22566.65,0.7155,2,Credit Card,2026-02-20,0
5142,5142,2025-07-25,13,426,6015.98,4762.02,0.6693,3,Auto,2025-10-23,0
5143,5143,2025-06-19,73,684,4903.08,14253.29,0.7147,0,Personal Loan,2025-09-17,1
5144,5144,2025-03-24,1,643,2991.32,17114.45,0.4059,1,Medical,2025-06-22,0
5145,5145,2025-10-12,61,676,3609.76,9296.94,0.8779,0,Personal Loan,2026-01-10,1
5146,5146,2025-05-11,45,721,3622.22,13460.21,0.522,1,Auto,2025-08-09,0
5147,5147,2025-12-13,31,610,3043.92,15874.78,0.5937,0,Credit Card,2026-03-13,0
5148,5148,2025-02-01,77,751,5120.94,5251.19,0.5177,0,Medical,2025-05-02,0
5149,5149,2025-12-29,76,568,5367.68,24859.29,0.5945,2,Medical,2026-03-29,1
5150,5150,2025-04-20,29,638,6910.4,5495.1,0.8164,2,Medical,2025-07-19,0
5151,5151,2025-01-04,0,483,3023.2,753.29,0.4475,0,Personal Loan,2025-04-04,0
5152,5152,2025-05-20,11,668,3429.38,23634.97,0.3121,3,Auto,2025-08-18,0
5153,5153,2025-05-01,9,524,8951.32,11013.63,0.3727,1,Credit Card,2025-07-30,0
5154,5154,2025-10-12,88,699,4129.77,10266.18,0.9204,1,Credit Card,2026-01-10,1
5155,5155,2025-12-23,53,741,4507.78,7253.95,0.6944,2,Medical,2026-03-23,0
5156,5156,2025-08-25,60,764,4110.1,1132.88,0.838,1,Medical,2025-11-23,0
5157,5157,2025-08-12,20,792,7404.65,6981.92,0.7113,2,Personal Loan,2025-11-10,0
5158,5158,2025-02-13,76,469,7535.0,10135.86,0.3312,2,Credit Card,2025-05-14,1
5159,5159,2025-03-31,65,475,7338.9,13248.07,0.9082,1,Credit Card,2025-06-29,1
5160,5160,2025-08-08,67,791,4500.55,11712.28,0.7639,1,Credit Card,2025-11-06,0
5161,5161,2025-09-04,42,572,3003.11,22036.39,0.376,0,Medical,2025-12-03,1
5162,5162,2025-06-11,62,430,10576.04,22827.58,0.8963,2,Medical,2025-09-09,1
5163,5163,2025-10-31,48,535,6537.69,8270.3,0.4635,1,Personal Loan,2026-01-29,0
5164,5164,2025-06-01,34,755,3620.99,24009.09,0.4157,0,Personal Loan,2025-08-30,0
5165,5165,2025-11-15,53,562,8439.84,21690.89,0.0461,0,Medical,2026-02-13,0
5166,5166,2025-02-07,29,450,3494.61,23227.05,0.4203,3,Credit Card,2025-05-08,0
5167,5167,2025-11-12,85,709,8390.17,17805.11,0.7659,1,Medical,2026-02-10,0
5168,5168,2025-08-02,64,498,8649.25,5357.66,0.4539,2,Auto,2025-10-31,1
5169,5169,2025-12-16,66,561,2937.55,5283.08,0.7574,2,Credit Card,2026-03-16,1
5170,5170,2025-03-05,64,421,5777.87,22761.96,0.6668,1,Personal Loan,2025-06-03,1
5171,5171,2025-02-12,40,661,6323.23,12922.61,0.4302,0,Medical,2025-05-13,0
5172,5172,2025-04-12,85,598,14424.87,22316.45,0.5042,1,Credit Card,2025-07-11,1
5173,5173,2025-07-28,18,767,3184.23,18153.42,0.6181,2,Auto,2025-10-26,0
5174,5174,2025-10-27,51,554,8473.04,5706.55,0.4797,1,Personal Loan,2026-01-25,1
5175,5175,2025-10-15,6,502,4481.92,9926.62,0.1259,2,Personal Loan,2026-01-13,0
5176,5176,2025-01-21,26,486,2543.73,24211.72,0.6166,1,Auto,2025-04-21,1
5177,5177,2025-06-14,51,500,4213.32,979.78,0.9304,2,Personal Loan,2025-09-12,0
5178,5178,2025-10-12,44,600,4452.0,18007.3,0.7822,1,Medical,2026-01-10,0
5179,5179,2025-10-02,84,454,2761.42,24480.1,0.7346,2,Auto,2025-12-31,1
5180,5180,2025-05-23,55,581,5117.79,3051.6,0.849,2,Personal Loan,2025-08-21,1
5181,5181,2025-05-28,37,762,6843.22,7163.82,0.7213,2,Auto,2025-08-26,0
5182,5182,2025-04-14,38,727,4950.23,13901.82,0.6675,5,Medical,2025-07-13,0
5183,5183,2025-04-12,55,675,3484.81,21172.24,0.7182,1,Credit Card,2025-07-11,1
5184,5184,2025-07-04,71,778,4159.66,12909.54,0.3339,1,Medical,2025-10-02,0
5185,5185,2025-06-18,24,732,4437.98,1960.1,0.9623,1,Auto,2025-09-16,0
5186,5186,2025-04-07,52,681,4903.94,3616.02,0.7694,0,Auto,2025-07-06,1
5187,5187,2025-01-17,51,766,7327.75,9710.61,0.5597,0,Credit Card,2025-04-17,0
5188,5188,2025-11-04,0,469,5025.97,8402.25,0.8384,1,Auto,2026-02-02,1
5189,5189,2025-10-23,82,748,2365.6,5882.13,0.3521,0,Medical,2026-01-21,0
5190,5190,2025-01-17,51,538,3452.85,21083.15,0.5605,1,Medical,2025-04-17,1
5191,5191,2025-08-05,21,713,4792.03,1158.6,0.4747,0,Auto,2025-11-03,1
5192,5192,2025-09-02,57,786,7375.04,20818.93,0.5189,1,Credit Card,2025-12-01,0
5193,5193,2025-07-24,61,618,7974.71,23081.16,0.7358,2,Credit Card,2025-10-22,1
5194,5194,2025-10-22,82,455,9883.37,15937.72,0.6228,0,Auto,2026-01-20,0
5195,5195,2025-08-20,3,568,4716.28,15821.08,0.6847,0,Medical,2025-11-18,1
5196,5196,2025-03-20,37,583,6269.73,4150.93,0.0768,1,Personal Loan,2025-06-18,1
5197,5197,2025-05-15,16,795,2311.13,14423.78,0.7115,1,Credit Card,2025-08-13,1
5198,5198,2025-10-09,51,797,5396.18,9691.77,0.4147,1,Auto,2026-01-07,0
5199,5199,2025-12-29,45,647,2741.15,6111.72,0.2098,0,Auto,2026-03-29,1
5200,5200,2025-06-14,42,801,4323.66,14791.57,0.7727,0,Credit Card,2025-09-12,0
5201,5201,2025-05-25,88,594,17386.12,529.17,0.5545,2,Medical,2025-08-23,1
5202,5202,2025-12-27,47,584,5097.98,7272.11,0.4028,1,Credit Card,2026-03-27,1
5203,5203,2025-03-27,36,755,3014.79,16573.03,0.6239,0,Credit Card,2025-06-25,1
5204,5204,2025-05-18,6,687,5342.8,11648.49,0.9599,2,Auto,2025-08-16,0
5205,5205,2025-10-29,26,629,3523.87,4068.19,0.7891,3,Personal Loan,2026-01-27,1
5206,5206,2025-04-28,80,603,2886.11,532.29,0.3542,1,Medical,2025-07-27,1
5207,5207,2025-08-27,40,702,11457.65,7125.76,0.8048,1,Credit Card,2025-11-25,0
5208,5208,2025-11-22,81,722,7187.26,13951.95,0.5722,0,Personal Loan,2026-02-20,0
5209,5209,2025-12-29,47,616,5195.21,13596.37,0.3099,2,Personal Loan,2026-03-29,1
5210,5210,2025-08-29,49,432,3728.2,3711.26,0.5816,2,Auto,2025-11-27,1
5211,5211,2025-02-08,38,460,3866.65,15535.58,0.489,2,Credit Card,2025-05-09,1
5212,5212,2025-10-09,50,477,8902.76,24973.65,0.3164,1,Credit Card,2026-01-07,1
5213,5213,2025-11-27,6,605,5104.92,14829.24,0.952,1,Auto,2026-02-25,0
5214,5214,2025-06-01,5,666,1110.69,13427.14,0.805,1,Personal Loan,2025-08-30,0
5215,5215,2025-10-03,42,742,13219.16,15754.51,0.3745,2,Auto,2026-01-01,0
5216,5216,2025-06-29,53,513,4828.92,22051.94,0.3412,2,Credit Card,2025-09-27,0
5217,5217,2025-12-27,49,735,5190.14,23676.98,0.7179,1,Auto,2026-03-27,1
5218,5218,2025-12-25,38,687,7251.86,1505.32,0.6335,0,Credit Card,2026-03-25,1
5219,5219,2025-08-10,26,440,5483.13,5522.35,0.442,0,Auto,2025-11-08,1
5220,5220,2025-07-17,63,560,6223.63,3336.22,0.4471,1,Credit Card,2025-10-15,0
5221,5221,2025-09-20,54,541,3675.06,19422.67,0.5391,0,Medical,2025-12-19,0
5222,5222,2025-09-30,4,775,2557.01,1616.29,0.9256,1,Personal Loan,2025-12-29,0
5223,5223,2025-03-07,40,789,5044.76,22614.56,0.3755,2,Personal Loan,2025-06-05,0
5224,5224,2025-12-24,63,748,8469.5,1003.61,0.6998,1,Medical,2026-03-24,0
5225,5225,2025-08-26,70,631,3322.55,15262.4,0.6175,2,Personal Loan,2025-11-24,1
5226,5226,2025-09-23,25,617,3204.75,7251.62,0.4469,0,Personal Loan,2025-12-22,0
5227,5227,2025-02-20,83,544,7703.72,12028.81,0.6666,0,Personal Loan,2025-05-21,1
5228,5228,2025-09-18,58,729,3620.04,11326.2,0.5981,1,Auto,2025-12-17,1
5229,5229,2025-03-18,39,454,3696.89,18847.89,0.8368,1,Auto,2025-06-16,1
5230,5230,2025-02-12,56,528,3759.66,12667.73,0.3675,1,Credit Card,2025-05-13,1
5231,5231,2025-10-30,78,474,4318.91,10819.91,0.7874,2,Auto,2026-01-28,1
5232,5232,2025-03-19,20,618,2190.45,18391.79,0.5427,1,Auto,2025-06-17,0
5233,5233,2025-04-15,13,540,3488.74,23182.27,0.2474,2,Credit Card,2025-07-14,1
5234,5234,2025-10-13,39,499,4932.82,19951.1,0.8072,0,Auto,2026-01-11,1
5235,5235,2025-05-26,7,570,4917.02,18549.57,0.9371,0,Credit Card,2025-08-24,1
5236,5236,2025-12-25,75,765,7488.3,12449.19,0.6214,0,Personal Loan,2026-03-25,0
5237,5237,2025-07-09,87,643,10175.38,22555.29,0.5918,2,Credit Card,2025-10-07,0
5238,5238,2025-06-08,54,750,8783.39,12414.68,0.7203,4,Medical,2025-09-06,1
5239,5239,2025-09-03,88,786,6711.61,23292.0,0.5559,0,Personal Loan,2025-12-02,1
5240,5240,2025-10-05,6,781,4159.16,20171.6,0.9708,0,Credit Card,2026-01-03,0
5241,5241,2025-07-30,56,560,3359.74,4181.38,0.585,1,Medical,2025-10-28,1
5242,5242,2025-01-05,39,771,4482.99,1651.31,0.2166,0,Auto,2025-04-05,0
5243,5243,2025-03-11,24,784,5787.82,18650.96,0.4779,2,Personal Loan,2025-06-09,0
5244,5244,2025-02-15,28,804,6437.35,17303.06,0.3907,1,Personal Loan,2025-05-16,1
5245,5245,2025-07-22,49,560,5886.33,15251.18,0.7372,0,Medical,2025-10-20,0
5246,5246,2025-01-29,57,511,4211.07,24417.86,0.4966,1,Auto,2025-04-29,1
5247,5247,2025-11-10,14,654,6336.54,13862.37,0.5272,1,Medical,2026-02-08,1
5248,5248,2025-02-08,55,793,7843.12,9023.55,0.2227,0,Credit Card,2025-05-09,0
5249,5249,2025-08-09,83,781,6608.24,14341.66,0.8277,0,Credit Card,2025-11-07,0
5250,5250,2025-01-22,0,649,4383.46,1196.09,0.7466,0,Credit Card,2025-04-22,0
5251,5251,2025-11-14,79,479,3055.71,14691.97,0.5916,1,Medical,2026-02-12,1
5252,5252,2025-01-10,54,589,3023.27,22609.54,0.9114,2,Personal Loan,2025-04-10,1
5253,5253,2025-09-09,30,706,3272.97,606.09,0.7129,0,Auto,2025-12-08,0
5254,5254,2025-09-02,66,644,4992.46,21209.94,0.6805,0,Personal Loan,2025-12-01,1
5255,5255,2025-07-08,55,558,5619.02,20147.26,0.5048,0,Auto,2025-10-06,0
5256,5256,2025-06-10,69,557,2353.03,3099.53,0.383,0,Personal Loan,2025-09-08,0
5257,5257,2025-12-03,7,443,3544.68,21247.35,0.4796,1,Personal Loan,2026-03-03,1
5258,5258,2025-07-17,5,535,4961.57,19206.86,0.6361,0,Medical,2025-10-15,0
5259,5259,2025-02-25,57,688,2966.52,12530.64,0.8534,0,Personal Loan,2025-05-26,0
5260,5260,2025-05-05,27,516,5405.96,6507.74,0.6818,1,Credit Card,2025-08-03,0
5261,5261,2025-08-01,21,818,3872.51,7558.46,0.1814,3,Auto,2025-10-30,1
5262,5262,2025-05-27,37,453,3211.4,15500.74,0.502,3,Auto,2025-08-25,1
5263,5263,2025-05-15,65,656,4554.83,6534.45,0.775,2,Medical,2025-08-13,1
5264,5264,2025-02-28,16,619,5305.64,8471.21,0.4458,1,Auto,2025-05-29,1
5265,5265,2025-03-27,87,754,3035.59,23305.54,0.6745,1,Auto,2025-06-25,1
5266,5266,2025-08-23,37,775,3987.12,18368.55,0.5267,1,Credit Card,2025-11-21,1
5267,5267,2025-11-05,13,637,5488.75,18533.81,0.7611,2,Credit Card,2026-02-03,0
5268,5268,2025-02-18,6,672,3156.0,23920.44,0.7341,1,Personal Loan,2025-05-19,0
5269,5269,2025-03-24,77,700,2109.08,641.95,0.4226,1,Medical,2025-06-22,0
5270,5270,2025-11-18,10,628,2227.29,6489.9,0.5714,2,Auto,2026-02-16,0
5271,5271,2025-05-15,37,494,3684.45,16620.36,0.6838,1,Credit Card,2025-08-13,0
5272,5272,2025-04-14,60,591,,11237.65,0.2225,2,Personal Loan,2025-07-13,0
5273,5273,2025-07-17,46,516,3802.92,3263.72,0.8321,0,Medical,2025-10-15,0
5274,5274,2025-04-06,23,606,9407.14,19640.23,0.5642,1,Auto,2025-07-05,0
5275,5275,2025-11-17,9,666,2391.39,1653.28,0.5739,1,Medical,2026-02-15,0
5276,5276,2025-03-13,64,503,3916.01,13824.35,0.5187,0,Credit Card,2025-06-11,0
5277,5277,2025-08-11,44,520,11609.01,14280.38,0.9413,1,Medical,2025-11-09,1
5278,5278,2025-02-09,4,749,5343.62,16081.05,0.6202,0,Credit Card,2025-05-10,0
5279,5279,2025-11-26,16,571,3768.85,8232.84,0.6062,2,Credit Card,2026-02-24,0
5280,5280,2025-04-02,50,499,4143.94,1078.22,0.7797,0,Auto,2025-07-01,1
5281,5281,2025-10-13,15,705,5394.92,22280.09,0.686,1,Credit Card,2026-01-11,0
5282,5282,2025-12-31,35,707,9538.56,23265.52,0.5713,0,Credit Card,2026-03-31,0
5283,5283,2025-07-25,11,751,3502.09,12308.72,0.5843,1,Auto,2025-10-23,0
5284,5284,2025-01-09,71,724,3162.36,1005.69,0.5198,0,Personal Loan,2025-04-09,0
5285,5285,2025-05-15,56,817,2391.17,14731.34,0.3994,2,Personal Loan,2025-08-13,1
5286,5286,2025-06-29,70,650,4658.24,8240.28,0.6867,0,Personal Loan,2025-09-27,0
5287,5287,2025-02-04,4,535,2362.42,4970.9,0.2856,1,Auto,2025-05-05,0
5288,5288,2025-05-10,33,766,3609.4,4639.34,0.8701,0,Medical,2025-08-08,0
5289,5289,2025-07-26,24,526,2954.52,4891.76,0.327,1,Medical,2025-10-24,1
5290,5290,2025-10-12,56,536,7210.95,8605.6,0.3734,4,Credit Card,2026-01-10,1
5291,5291,2025-03-14,73,752,3537.66,7375.2,0.6748,1,Credit Card,2025-06-12,0
5292,5292,2025-08-13,20,773,5316.76,20992.41,0.7266,1,Medical,2025-11-11,0
5293,5293,2025-09-12,69,556,2160.64,12635.21,0.4433,2,Credit Card,2025-12-11,0
5294,5294,2025-01-11,52,712,4718.18,10977.36,0.8759,3,Personal Loan,2025-04-11,1
5295,5295,2025-06-06,74,789,2587.84,4072.92,0.7328,1,Personal Loan,2025-09-04,0
5296,5296,2025-01-30,7,740,,21959.32,0.1837,0,Personal Loan,2025-04-30,0
5297,5297,2025-10-30,89,422,12028.58,1843.14,0.8187,0,Auto,2026-01-28,1
5298,5298,2025-08-29,39,686,6764.74,6368.52,0.6558,1,Medical,2025-11-27,1
5299,5299,2025-07-28,25,488,4197.37,15726.07,0.6736,1,Credit Card,2025-10-26,1
5300,5300,2025-09-09,16,759,18760.78,17706.65,0.956,3,Personal Loan,2025-12-08,0
5301,5301,2025-12-08,88,446,2945.91,20128.34,0.5496,2,Personal Loan,2026-03-08,1
5302,5302,2025-08-21,79,818,7512.68,10552.14,0.9633,1,Medical,2025-11-19,1
5303,5303,2025-04-08,11,491,2231.2,8995.13,0.7415,2,Credit Card,2025-07-07,1
5304,5304,2025-08-28,40,588,3984.77,7569.51,0.6829,0,Auto,2025-11-26,1
5305,5305,2025-10-19,66,513,2424.78,14418.32,0.712,3,Medical,2026-01-17,0
5306,5306,2025-11-01,53,746,4992.91,9041.57,0.2377,1,Medical,2026-01-30,0
5307,5307,2025-07-13,17,577,4560.5,8538.31,0.7446,3,Credit Card,2025-10-11,0
5308,5308,2025-05-20,32,718,3872.09,913.83,0.5609,1,Medical,2025-08-18,0
5309,5309,2025-06-13,33,446,7269.38,23733.74,0.8747,2,Personal Loan,2025-09-11,0
5310,5310,2025-04-27,25,601,3445.44,1984.56,0.6713,0,Credit Card,2025-07-26,0
5311,5311,2025-03-19,86,785,5151.71,7136.35,0.6665,1,Credit Card,2025-06-17,0
5312,5312,2025-10-27,18,791,6433.34,23074.78,0.7439,1,Auto,2026-01-25,1
5313,5313,2025-12-14,63,503,2281.41,18516.03,0.1926,4,Personal Loan,2026-03-14,1
5314,5314,2025-05-02,82,578,,14664.43,0.8115,0,Medical,2025-07-31,1
5315,5315,2025-08-03,71,584,4556.17,16689.94,0.7664,4,Auto,2025-11-01,1
5316,5316,2025-12-16,71,646,5905.08,2877.97,0.5221,1,Auto,2026-03-16,1
5317,5317,2025-05-16,14,635,8430.04,20311.86,0.1131,0,Personal Loan,2025-08-14,0
5318,5318,2025-09-21,11,462,4035.37,6627.62,0.9083,1,Personal Loan,2025-12-20,1
5319,5319,2025-10-25,70,725,3856.78,23927.24,0.1141,0,Personal Loan,2026-01-23,0
5320,5320,2025-09-14,67,510,3002.89,6168.68,0.5313,0,Credit Card,2025-12-13,1
5321,5321,2025-07-04,66,546,5158.97,15821.43,0.5059,1,Auto,2025-10-02,1
5322,5322,2025-11-28,37,757,3890.52,13860.45,0.7007,2,Auto,2026-02-26,0
5323,5323,2025-05-05,47,696,3931.14,4006.03,0.2546,1,Medical,2025-08-03,0
5324,5324,2025-10-07,1,579,4263.09,9391.72,0.9382,1,Personal Loan,2026-01-05,0
5325,5325,2025-04-02,26,785,5700.06,19641.67,0.701,1,Personal Loan,2025-07-01,1
5326,5326,2025-01-16,47,578,3450.66,5708.41,0.4099,2,Auto,2025-04-16,1
5327,5327,2025-10-29,11,646,3141.73,24090.0,0.8103,1,Medical,2026-01-27,1
5328,5328,2025-06-17,11,518,5400.66,7739.35,0.7597,1,Personal Loan,2025-09-15,0
5329,5329,2025-09-03,4,493,1139.59,15854.68,0.5121,0,Personal Loan,2025-12-02,0
5330,5330,2025-05-18,18,617,3389.19,15662.24,0.4375,0,Personal Loan,2025-08-16,1
5331,5331,2025-06-20,89,645,2648.93,12034.07,0.7282,0,Auto,2025-09-18,1
5332,5332,2025-06-05,62,743,7642.39,16556.33,0.5985,0,Medical,2025-09-03,0
5333,5333,2025-08-01,85,576,3646.71,18717.64,0.7367,1,Auto,2025-10-30,1
5334,5334,2025-04-13,23,778,3455.35,15665.57,0.767,0,Credit Card,2025-07-12,0
5335,5335,2025-03-17,53,663,4350.82,14219.87,0.9829,2,Credit Card,2025-06-15,1
5336,5336,2025-03-22,80,448,3401.88,15362.37,0.6545,2,Personal Loan,2025-06-20,1
5337,5337,2025-08-12,31,716,3710.08,10347.92,0.2867,2,Medical,2025-11-10,0
5338,5338,2025-07-18,59,650,4645.71,2236.39,0.5442,0,Auto,2025-10-16,0
5339,5339,2025-12-20,62,576,3677.84,4412.61,0.62,2,Personal Loan,2026-03-20,0
5340,5340,2025-09-29,74,607,3665.98,15364.25,0.3359,1,Medical,2025-12-28,1
5341,5341,2025-04-03,87,541,2822.64,23215.76,0.3236,0,Credit Card,2025-07-02,0
5342,5342,2025-03-09,55,666,2645.98,1130.64,0.6409,1,Medical,2025-06-07,1
5343,5343,2025-03-14,52,647,4570.08,13828.86,0.7236,1,Personal Loan,2025-06-12,0
5344,5344,2025-04-11,78,599,5104.97,6675.51,0.94,1,Auto,2025-07-10,0
5345,5345,2025-10-02,61,534,2338.65,14262.63,0.4264,0,Credit Card,2025-12-31,0
5346,5346,2025-08-31,32,579,6260.24,18866.61,0.7898,1,Medical,2025-11-29,0
5347,5347,2025-04-13,56,619,6271.82,18518.6,0.4518,3,Personal Loan,2025-07-12,0
5348,5348,2025-09-01,49,609,6895.4,18259.7,0.8467,0,Personal Loan,2025-11-30,1
5349,5349,2025-03-18,20,544,5089.58,19583.62,0.8464,0,Personal Loan,2025-06-16,0
5350,5350,2025-02-01,46,653,5923.52,2278.96,0.4699,2,Auto,2025-05-02,1
5351,5351,2025-05-27,56,510,11887.72,12984.66,0.2042,3,Credit Card,2025-08-25,1
5352,5352,2025-01-29,81,620,3882.81,6913.57,0.5403,0,Credit Card,2025-04-29,0
5353,5353,2025-10-22,52,468,2777.87,23071.13,0.8038,2,Personal Loan,2026-01-20,1
5354,5354,2025-07-01,14,609,2229.81,19680.54,0.6097,3,Credit Card,2025-09-29,1
5355,5355,2025-08-15,88,734,9799.17,3134.85,0.5542,2,Credit Card,2025-11-13,0
5356,5356,2025-11-02,52,747,9857.17,6459.53,0.7206,0,Personal Loan,2026-01-31,0
5357,5357,2025-09-19,25,698,2933.44,11652.9,0.7186,0,Auto,2025-12-18,0
5358,5358,2025-03-23,67,719,3205.76,24091.26,0.8085,0,Auto,2025-06-21,1
5359,5359,2025-05-21,34,446,,3186.99,0.5792,3,Credit Card,2025-08-19,1
5360,5360,2025-12-31,33,556,7714.95,14415.32,0.5841,1,Credit Card,2026-03-31,1
5361,5361,2025-06-27,75,682,2491.68,8861.54,0.5686,0,Personal Loan,2025-09-25,1
5362,5362,2025-12-31,78,741,1835.41,16335.34,0.1569,4,Medical,2026-03-31,1
5363,5363,2025-07-23,47,653,11794.42,16393.31,0.4152,1,Credit Card,2025-10-21,0
5364,5364,2025-08-09,33,762,5118.25,6394.49,0.5982,0,Personal Loan,2025-11-07,1
5365,5365,2025-08-05,77,529,5456.08,19752.33,0.6134,0,Credit Card,2025-11-03,1
5366,5366,2025-12-17,15,481,4054.99,2735.93,0.0983,2,Medical,2026-03-17,1
5367,5367,2025-08-06,67,454,5484.07,20544.4,0.8351,0,Personal Loan,2025-11-04,0
5368,5368,2025-05-24,52,653,2249.82,5693.19,0.5214,2,Auto,2025-08-22,1
5369,5369,2025-06-15,76,686,3046.0,14944.69,0.5795,2,Credit Card,2025-09-13,1
5370,5370,2025-07-03,37,534,4662.57,9009.09,0.3723,1,Credit Card,2025-10-01,1
5371,5371,2025-03-18,74,734,,15439.61,0.4016,0,Medical,2025-06-16,0
5372,5372,2025-09-14,1,716,3881.07,7051.74,0.655,0,Medical,2025-12-13,0
5373,5373,2025-05-16,68,564,3774.89,14439.61,0.4993,0,Personal Loan,2025-08-14,0
5374,5374,2025-01-26,6,515,3880.77,700.86,0.7501,0,Medical,2025-04-26,0
5375,5375,2025-05-22,57,717,3470.36,9674.13,0.1619,1,Credit Card,2025-08-20,0
5376,5376,2025-10-08,17,689,2840.82,20746.54,0.5205,0,Credit Card,2026-01-06,0
5377,5377,2025-10-07,86,488,1958.8,11843.66,0.662,2,Credit Card,2026-01-05,0
5378,5378,2025-12-08,69,522,4746.37,12731.9,0.2537,1,Auto,2026-03-08,0
5379,5379,2025-12-11,9,614,3885.26,15728.63,0.3074,2,Personal Loan,2026-03-11,0
5380,5380,2025-07-28,80,624,2394.96,11138.14,0.5861,2,Auto,2025-10-26,1
5381,5381,2025-07-23,22,486,4573.98,21743.38,0.3456,0,Credit Card,2025-10-21,0
5382,5382,2025-03-21,49,800,3894.31,10381.45,0.5796,3,Personal Loan,2025-06-19,0
5383,5383,2025-12-09,7,575,3613.89,23592.53,0.4782,2,Credit Card,2026-03-09,0
5384,5384,2025-02-17,9,572,1684.79,21984.98,0.7546,3,Credit Card,2025-05-18,1
5385,5385,2025-12-26,21,444,6046.56,10816.65,0.4039,1,Credit Card,2026-03-26,1
5386,5386,2025-03-21,48,771,2553.26,9462.12,0.3723,0,Credit Card,2025-06-19,0
5387,5387,2025-11-23,48,514,4575.5,17077.39,0.7327,2,Credit Card,2026-02-21,1
5388,5388,2025-03-15,77,815,3091.09,19005.02,0.6418,1,Medical,2025-06-13,0
5389,5389,2025-09-25,14,618,3733.39,5053.61,0.719,2,Credit Card,2025-12-24,1
5390,5390,2025-11-10,67,770,7469.11,6405.61,0.3834,1,Credit Card,2026-02-08,0
5391,5391,2025-09-22,0,491,5648.97,4083.19,0.2767,0,Medical,2025-12-21,1
5392,5392,2025-02-20,26,486,7394.69,19136.95,0.8194,1,Personal Loan,2025-05-21,1
5393,5393,2025-12-13,15,741,5159.91,18002.85,0.8884,3,Medical,2026-03-13,1
5394,5394,2025-12-21,11,748,5314.87,5131.82,0.8759,0,Auto,2026-03-21,1
5395,5395,2025-08-26,52,637,1995.18,13653.43,0.5343,1,Medical,2025-11-24,1
5396,5396,2025-10-12,81,432,3854.95,19223.86,0.9392,1,Auto,2026-01-10,1
5397,5397,2025-06-07,60,798,4019.01,23702.2,0.5782,0,Personal Loan,2025-09-05,0
5398,5398,2025-09-25,76,577,7712.9,4873.81,0.7092,4,Credit Card,2025-12-24,1
5399,5399,2025-12-28,53,795,3541.11,7956.08,0.5519,5,Credit Card,2026-03-28,0
5400,5400,2025-08-14,4,769,5009.98,9034.32,0.7158,1,Credit Card,2025-11-12,0
5401,5401,2025-04-11,31,761,4922.59,15811.95,0.7331,2,Personal Loan,2025-07-10,0
5402,5402,2025-01-17,74,696,7487.23,3842.26,0.4544,2,Personal Loan,2025-04-17,1
5403,5403,2025-09-02,3,689,4187.32,5239.01,0.646,1,Personal Loan,2025-12-01,0
5404,5404,2025-09-20,8,633,6454.31,19620.7,0.5811,3,Auto,2025-12-19,0
5405,5405,2025-10-20,75,429,2064.85,13780.31,0.4333,0,Auto,2026-01-18,1
5406,5406,2025-05-20,5,575,2151.01,4429.46,0.9023,2,Auto,2025-08-18,1
5407,5407,2025-09-27,86,712,1591.6,10016.6,0.5232,2,Auto,2025-12-26,0
5408,5408,2025-02-15,68,745,6334.04,3795.11,0.4678,2,Credit Card,2025-05-16,0
5409,5409,2025-10-12,59,644,6021.85,9385.91,0.8527,1,Auto,2026-01-10,1
5410,5410,2025-10-31,48,704,6657.99,10304.88,0.5207,2,Medical,2026-01-29,0
5411,5411,2025-04-14,8,428,3278.65,3246.71,0.9497,3,Medical,2025-07-13,1
5412,5412,2025-05-02,37,607,3450.95,1965.92,0.3932,3,Personal Loan,2025-07-31,1
5413,5413,2025-10-30,72,623,4211.31,22099.25,0.6475,1,Auto,2026-01-28,1
5414,5414,2025-08-08,81,777,8515.68,22247.38,0.4364,2,Auto,2025-11-06,0
5415,5415,2025-07-02,40,544,9530.22,563.18,0.4261,0,Personal Loan,2025-09-30,1
5416,5416,2025-02-27,75,512,6356.38,16209.5,0.9346,1,Medical,2025-05-28,0
5417,5417,2025-10-23,69,561,5161.38,2795.14,0.7839,1,Auto,2026-01-21,0
5418,5418,2025-02-16,5,488,,20348.47,0.5744,2,Credit Card,2025-05-17,1
5419,5419,2025-06-07,55,643,3963.45,22049.28,0.7871,0,Personal Loan,2025-09-05,0
5420,5420,2025-06-12,55,677,3729.67,15607.07,0.9907,1,Auto,2025-09-10,0
5421,5421,2025-09-21,48,741,4196.22,15522.31,0.8194,0,Medical,2025-12-20,0
5422,5422,2025-01-16,69,809,2862.87,9601.3,0.1204,2,Personal Loan,2025-04-16,0
5423,5423,2025-01-05,80,449,4110.28,6611.99,0.3976,0,Credit Card,2025-04-05,0
5424,5424,2025-08-13,49,519,2689.65,12732.14,0.742,3,Auto,2025-11-11,1
5425,5425,2025-05-12,28,540,7053.32,3776.07,0.5774,0,Auto,2025-08-10,0
5426,5426,2025-01-29,88,520,5679.73,16969.51,0.3723,0,Auto,2025-04-29,1
5427,5427,2025-10-10,86,751,8461.68,12017.13,0.6869,0,Auto,2026-01-08,0
5428,5428,2025-07-10,61,475,2136.28,4851.24,0.6582,2,Credit Card,2025-10-08,1
5429,5429,2025-08-14,57,431,10464.71,14913.7,0.4932,0,Medical,2025-11-12,0
5430,5430,2025-05-12,9,765,2191.6,19985.53,0.6973,0,Personal Loan,2025-08-10,1
5431,5431,2025-03-22,36,805,2593.49,14925.59,0.8139,1,Auto,2025-06-20,0
5432,5432,2025-04-29,17,510,3363.14,13476.7,0.6325,1,Personal Loan,2025-07-28,1
5433,5433,2025-11-27,46,553,8010.23,21269.08,0.2282,2,Medical,2026-02-25,1
5434,5434,2025-10-08,74,621,4922.19,763.51,0.6779,1,Auto,2026-01-06,1
5435,5435,2025-11-09,20,630,3984.94,15610.32,0.5348,1,Auto,2026-02-07,0
5436,5436,2025-06-23,89,817,3112.92,10537.46,0.8011,2,Credit Card,2025-09-21,1
5437,5437,2025-11-19,11,582,2394.26,5242.37,0.8323,0,Personal Loan,2026-02-17,1
5438,5438,2025-03-12,8,424,7403.31,24499.66,0.4338,3,Credit Card,2025-06-10,1
5439,5439,2025-09-01,87,589,6370.21,10393.44,0.6609,1,Credit Card,2025-11-30,1
5440,5440,2025-05-22,9,643,8173.09,8713.94,0.6251,3,Auto,2025-08-20,1
5441,5441,2025-03-11,66,627,5316.49,4640.71,0.4476,1,Personal Loan,2025-06-09,0
5442,5442,2025-05-21,68,625,1354.32,24945.27,0.6655,1,Credit Card,2025-08-19,0
5443,5443,2025-09-02,29,789,2540.05,21473.26,0.7822,1,Credit Card,2025-12-01,0
5444,5444,2025-07-13,5,743,5481.82,2214.32,0.2694,2,Personal Loan,2025-10-11,0
5445,5445,2025-11-22,27,520,3765.47,14360.97,0.3273,1,Credit Card,2026-02-20,1
5446,5446,2025-08-25,6,562,3458.26,4111.33,0.5429,2,Credit Card,2025-11-23,1
5447,5447,2025-07-22,60,687,2706.87,18036.64,0.5309,1,Credit Card,2025-10-20,0
5448,5448,2025-04-22,79,584,6811.82,12360.04,0.7069,3,Auto,2025-07-21,1
5449,5449,2025-10-21,89,591,5460.45,3204.53,0.9118,0,Auto,2026-01-19,1
5450,5450,2025-04-25,72,487,5572.15,14147.45,0.6009,3,Medical,2025-07-24,1
5451,5451,2025-02-23,69,522,3343.85,22811.55,0.6222,0,Personal Loan,2025-05-24,1
5452,5452,2025-10-17,79,717,4814.22,8859.27,0.4223,1,Auto,2026-01-15,1
5453,5453,2025-09-18,69,758,2435.74,1744.74,0.3542,3,Auto,2025-12-17,0
5454,5454,2025-03-07,58,734,4194.7,23657.57,0.2379,2,Medical,2025-06-05,1
5455,5455,2025-12-26,89,543,1425.72,3974.08,0.2774,2,Credit Card,2026-03-26,1
5456,5456,2025-08-27,29,474,2195.9,12138.77,0.5637,0,Auto,2025-11-25,0
5457,5457,2025-07-17,37,484,3846.66,13844.59,0.3091,0,Personal Loan,2025-10-15,0
5458,5458,2025-12-27,81,577,12949.38,6308.64,0.5725,1,Personal Loan,2026-03-27,0
5459,5459,2025-09-26,27,627,1977.65,4846.74,0.5349,1,Medical,2025-12-25,1
5460,5460,2025-10-13,26,778,2541.19,3271.9,0.8771,2,Personal Loan,2026-01-11,1
5461,5461,2025-07-28,13,780,4902.74,2213.9,0.5094,1,Auto,2025-10-26,0
5462,5462,2025-04-08,24,421,9859.99,12949.1,0.7291,3,Personal Loan,2025-07-07,1
5463,5463,2025-01-26,53,703,4870.63,21129.51,0.9037,1,Auto,2025-04-26,0
5464,5464,2025-01-13,79,539,6099.51,3605.59,0.1494,2,Credit Card,2025-04-13,1
5465,5465,2025-03-30,12,499,3820.28,17665.17,0.914,0,Personal Loan,2025-06-28,1
5466,5466,2025-04-16,61,642,3534.12,10609.21,0.353,0,Credit Card,2025-07-15,0
5467,5467,2025-04-26,68,433,4614.61,1362.99,0.718,4,Credit Card,2025-07-25,1
5468,5468,2025-01-02,80,553,3306.91,13631.32,0.5485,0,Credit Card,2025-04-02,1
5469,5469,2025-04-22,67,641,6160.55,6674.2,0.9078,1,Medical,2025-07-21,1
5470,5470,2025-08-02,14,529,2158.52,15328.73,0.7863,0,Medical,2025-10-31,1
5471,5471,2025-07-09,44,657,6637.52,9058.41,0.8259,2,Medical,2025-10-07,0
5472,5472,2025-06-17,85,604,4526.44,16828.08,0.7057,0,Medical,2025-09-15,0
5473,5473,2025-11-23,81,740,4037.48,23003.33,0.8278,3,Medical,2026-02-21,1
5474,5474,2025-08-08,55,492,2123.15,6491.34,0.6676,2,Auto,2025-11-06,1
5475,5475,2025-07-30,86,442,2861.48,23526.09,0.7933,2,Credit Card,2025-10-28,1
5476,5476,2025-10-16,60,632,7626.57,5505.57,0.4937,0,Auto,2026-01-14,0
5477,5477,2025-11-28,5,523,4048.62,2232.02,0.6926,0,Medical,2026-02-26,1
5478,5478,2025-03-26,82,703,5040.59,5221.17,0.9072,2,Auto,2025-06-24,1
5479,5479,2025-11-15,15,457,2993.54,20465.46,0.485,0,Personal Loan,2026-02-13,0
5480,5480,2025-05-16,34,650,4389.3,17100.13,0.4675,3,Auto,2025-08-14,0
5481,5481,2025-11-28,21,816,2398.34,24285.44,0.8626,2,Personal Loan,2026-02-26,0
5482,5482,2025-06-18,64,457,4651.51,17890.77,0.9272,2,Personal Loan,2025-09-16,1
5483,5483,2025-09-11,2,541,5254.23,10609.47,0.3917,3,Medical,2025-12-10,0
5484,5484,2025-10-08,57,758,5137.27,22364.56,0.5016,1,Auto,2026-01-06,0
5485,5485,2025-05-25,77,633,2961.31,23974.15,0.2019,1,Medical,2025-08-23,1
5486,5486,2025-06-16,70,490,3812.64,19895.55,0.4988,3,Personal Loan,2025-09-14,1
5487,5487,2025-05-07,27,505,5663.16,14137.67,0.4981,1,Auto,2025-08-05,0
5488,5488,2025-03-19,80,726,4043.45,20731.26,0.8807,1,Credit Card,2025-06-17,0
5489,5489,2025-12-26,32,765,3907.73,4886.6,0.7953,1,Medical,2026-03-26,0
5490,5490,2025-11-23,61,564,10473.05,22558.58,0.2495,1,Personal Loan,2026-02-21,1
5491,5491,2025-01-30,45,610,2898.81,24989.2,0.5892,5,Medical,2025-04-30,0
5492,5492,2025-01-23,6,733,7231.4,16795.93,0.6947,1,Medical,2025-04-23,0
5493,5493,2025-10-21,0,490,2644.91,5299.28,0.9838,1,Auto,2026-01-19,0
5494,5494,2025-08-22,16,502,5970.89,4038.7,0.2907,2,Medical,2025-11-20,1
5495,5495,2025-09-24,84,730,6116.03,24005.65,0.4013,0,Credit Card,2025-12-23,0
5496,5496,2025-04-22,85,494,3534.53,21848.14,0.6112,2,Personal Loan,2025-07-21,1
5497,5497,2025-08-04,36,729,2571.22,18842.63,0.5304,1,Auto,2025-11-02,1
5498,5498,2025-06-28,87,619,1832.26,23753.42,0.7361,0,Personal Loan,2025-09-26,0
5499,5499,2025-01-12,4,817,3371.79,12833.39,0.509,0,Credit Card,2025-04-12,0
5500,5500,2025-12-19,87,433,5635.26,22249.79,0.8691,0,Personal Loan,2026-03-19,1
5501,5501,2025-12-19,20,799,2738.23,4489.1,0.6936,1,Auto,2026-03-19,0
5502,5502,2025-08-05,3,510,4645.37,4978.84,0.5432,1,Credit Card,2025-11-03,0
5503,5503,2025-02-16,68,434,,13052.4,0.7218,0,Auto,2025-05-17,1
5504,5504,2025-09-03,34,710,4002.8,8646.49,0.9176,3,Auto,2025-12-02,1
5505,5505,2025-03-27,26,633,2654.02,11096.72,0.3757,0,Credit Card,2025-06-25,0
5506,5506,2025-08-26,68,755,4293.72,20055.83,0.6702,1,Medical,2025-11-24,0
5507,5507,2025-03-14,29,463,3549.33,1808.48,0.7955,2,Medical,2025-06-12,0
5508,5508,2025-09-20,67,452,2602.78,18160.67,0.4859,1,Medical,2025-12-19,1
5509,5509,2025-06-15,17,647,3306.04,2661.62,0.8519,1,Credit Card,2025-09-13,1
5510,5510,2025-06-12,7,773,2920.85,21263.78,0.3726,0,Medical,2025-09-10,0
5511,5511,2025-12-28,29,582,2462.01,5446.55,0.9422,1,Personal Loan,2026-03-28,1
5512,5512,2025-01-07,54,739,7238.98,18506.0,0.7059,0,Personal Loan,2025-04-07,0
5513,5513,2025-11-29,20,783,3781.67,15001.05,0.7793,1,Medical,2026-02-27,1
5514,5514,2025-11-21,12,768,1650.77,9947.74,0.7888,0,Credit Card,2026-02-19,0
5515,5515,2025-12-11,67,623,3359.42,7054.64,0.2608,1,Medical,2026-03-11,0
5516,5516,2025-07-24,44,700,6711.79,1907.75,0.8941,2,Medical,2025-10-22,1
5517,5517,2025-01-02,38,630,3157.04,9157.82,0.7811,0,Auto,2025-04-02,0
5518,5518,2025-11-30,21,690,8725.32,5412.95,0.3092,0,Personal Loan,2026-02-28,0
5519,5519,2025-09-04,1,647,3024.5,3829.86,0.637,5,Personal Loan,2025-12-03,1
5520,5520,2025-09-26,4,630,5577.71,18593.2,0.7305,2,Credit Card,2025-12-25,0
5521,5521,2025-04-04,61,595,7090.33,5706.62,0.6412,2,Credit Card,2025-07-03,1
5522,5522,2025-10-02,7,681,5445.73,5967.37,0.6886,1,Credit Card,2025-12-31,0
5523,5523,2025-03-01,22,721,2395.81,8841.8,0.633,0,Medical,2025-05-30,0
5524,5524,2025-08-27,81,788,,11835.0,0.4446,1,Personal Loan,2025-11-25,0
5525,5525,2025-09-14,30,665,7529.11,13085.96,0.7911,0,Auto,2025-12-13,0
5526,5526,2025-12-17,67,460,3096.18,16781.38,0.8078,0,Personal Loan,2026-03-17,1
5527,5527,2025-11-17,30,655,6898.47,14918.79,0.3262,0,Personal Loan,2026-02-15,0
5528,5528,2025-10-17,83,546,3664.22,12301.26,0.6602,2,Auto,2026-01-15,1
5529,5529,2025-09-18,73,430,4739.31,10151.54,0.3597,2,Personal Loan,2025-12-17,1
5530,5530,2025-06-08,42,449,2383.32,7011.76,0.7294,2,Medical,2025-09-06,1
5531,5531,2025-08-13,61,657,3382.19,17893.59,0.69,1,Medical,2025-11-11,0
5532,5532,2025-04-10,37,798,2999.23,8278.78,0.357,2,Credit Card,2025-07-09,0
5533,5533,2025-10-11,84,622,4922.24,21314.74,0.2022,3,Auto,2026-01-09,1
5534,5534,2025-05-25,32,598,4637.54,14860.98,0.5805,0,Credit Card,2025-08-23,1
5535,5535,2025-11-09,75,455,5476.34,16031.63,0.5901,1,Medical,2026-02-07,0
5536,5536,2025-03-08,55,690,3566.23,12965.36,0.5987,1,Auto,2025-06-06,1
5537,5537,2025-02-05,57,442,2926.01,23249.62,0.5024,1,Personal Loan,2025-05-06,0
5538,5538,2025-03-28,31,757,4828.2,10829.09,0.5883,1,Auto,2025-06-26,0
5539,5539,2025-06-12,74,747,2798.07,10960.73,0.5199,1,Credit Card,2025-09-10,1
5540,5540,2025-03-01,67,817,,22378.86,0.2368,1,Auto,2025-05-30,0
5541,5541,2025-07-18,73,533,4223.69,15320.22,0.8223,1,Credit Card,2025-10-16,1
5542,5542,2025-01-21,72,484,3840.04,11504.14,0.8189,0,Personal Loan,2025-04-21,1
5543,5543,2025-10-17,14,540,5475.17,6922.7,0.4437,2,Auto,2026-01-15,0
5544,5544,2025-05-24,78,740,4296.84,6503.59,0.7876,4,Credit Card,2025-08-22,1
5545,5545,2025-10-27,75,507,2108.81,20135.14,0.5412,2,Credit Card,2026-01-25,1
5546,5546,2025-10-05,21,775,2758.26,7346.92,0.6208,1,Personal Loan,2026-01-03,0
5547,5547,2025-11-26,88,481,7157.88,640.57,0.4781,2,Credit Card,2026-02-24,1
5548,5548,2025-01-26,47,439,4618.14,976.79,0.5231,1,Personal Loan,2025-04-26,1
5549,5549,2025-07-12,28,507,2086.61,24470.86,0.4603,2,Credit Card,2025-10-10,1
5550,5550,2025-08-23,20,722,5210.6,14216.03,0.9309,0,Medical,2025-11-21,1
5551,5551,2025-03-21,32,661,3457.61,12481.1,0.105,0,Credit Card,2025-06-19,0
5552,5552,2025-12-24,3,562,3000.32,22987.96,0.6929,1,Medical,2026-03-24,0
5553,5553,2025-11-18,62,683,2656.61,9116.34,0.6562,0,Medical,2026-02-16,0
5554,5554,2025-06-15,63,680,6974.17,19977.44,0.9619,0,Medical,2025-09-13,1
5555,5555,2025-12-17,60,642,1836.33,18184.34,0.7212,1,Medical,2026-03-17,0
5556,5556,2025-04-11,49,626,3050.65,12188.86,0.2782,1,Medical,2025-07-10,1
5557,5557,2025-12-18,32,460,4694.08,19478.48,0.7979,1,Personal Loan,2026-03-18,1
5558,5558,2025-08-16,65,524,9047.68,24161.57,0.4869,1,Credit Card,2025-11-14,1
5559,5559,2025-01-08,78,631,5705.79,5414.88,0.4374,1,Personal Loan,2025-04-08,0
5560,5560,2025-09-07,7,474,3039.02,928.98,0.1284,1,Personal Loan,2025-12-06,0
5561,5561,2025-10-25,34,610,8850.32,20625.63,0.6736,2,Credit Card,2026-01-23,1
5562,5562,2025-04-18,89,466,2416.79,10387.88,0.7996,1,Medical,2025-07-17,0
5563,5563,2025-08-23,77,735,5011.05,13837.86,0.8835,0,Auto,2025-11-21,0
5564,5564,2025-05-26,89,461,5538.63,5950.33,0.4551,1,Medical,2025-08-24,0
5565,5565,2025-12-26,16,457,2991.4,21123.82,0.5125,2,Auto,2026-03-26,1
5566,5566,2025-12-09,41,675,6087.04,18169.55,0.2799,1,Medical,2026-03-09,0
5567,5567,2025-07-27,11,508,3528.93,23857.48,0.876,1,Medical,2025-10-25,1
5568,5568,2025-07-12,77,560,6080.33,12143.67,0.6046,0,Credit Card,2025-10-10,1
5569,5569,2025-01-31,46,546,1943.38,24425.84,0.303,1,Medical,2025-05-01,1
5570,5570,2025-12-27,21,506,5170.58,13015.96,0.5735,1,Auto,2026-03-27,0
5571,5571,2025-08-28,8,725,3694.32,15724.84,0.3272,2,Credit Card,2025-11-26,0
5572,5572,2025-07-05,66,697,7460.42,17016.12,0.6958,1,Credit Card,2025-10-03,1
5573,5573,2025-05-09,73,515,4359.92,12499.4,0.587,2,Auto,2025-08-07,0
5574,5574,2025-03-01,79,695,7802.14,14288.11,0.8658,1,Credit Card,2025-05-30,0
5575,5575,2025-03-23,87,706,5588.27,5971.02,0.8934,2,Medical,2025-06-21,1
5576,5576,2025-10-19,73,636,4199.08,9377.89,0.5336,0,Personal Loan,2026-01-17,0
5577,5577,2025-04-13,70,651,6338.84,17698.83,0.5506,2,Auto,2025-07-12,1
5578,5578,2025-11-10,73,794,6357.09,1455.23,0.6324,1,Medical,2026-02-08,0
5579,5579,2025-12-31,89,602,,17660.12,0.6109,1,Auto,2026-03-31,0
5580,5580,2025-01-12,41,574,1585.2,7942.5,0.6581,0,Medical,2025-04-12,1
5581,5581,2025-10-22,68,636,2857.92,7159.98,0.6239,0,Auto,2026-01-20,0
5582,5582,2025-03-27,73,755,8290.35,17490.47,0.3815,2,Personal Loan,2025-06-25,0
5583,5583,2025-07-03,10,704,2527.09,5766.16,0.5689,2,Personal Loan,2025-10-01,0
5584,5584,2025-06-14,62,450,6615.08,24061.24,0.8569,3,Medical,2025-09-12,1
5585,5585,2025-05-05,30,604,,24771.64,0.4255,3,Medical,2025-08-03,1
5586,5586,2025-12-02,11,716,3208.03,11723.46,0.8253,1,Personal Loan,2026-03-02,0
5587,5587,2025-03-20,15,509,1811.93,10334.75,0.1522,0,Credit Card,2025-06-18,1
5588,5588,2025-11-19,10,816,3442.62,2436.42,0.5219,1,Credit Card,2026-02-17,0
5589,5589,2025-11-13,80,744,11328.84,19566.36,0.3901,2,Credit Card,2026-02-11,0
5590,5590,2025-08-27,69,759,3015.51,4486.74,0.0858,0,Personal Loan,2025-11-25,0
5591,5591,2025-09-24,9,452,3110.64,23359.67,0.7431,0,Medical,2025-12-23,1
5592,5592,2025-10-06,56,652,2838.66,24769.52,0.705,3,Credit Card,2026-01-04,1
5593,5593,2025-09-07,59,631,7682.14,3499.04,0.8577,1,Personal Loan,2025-12-06,1
5594,5594,2025-02-22,46,671,3986.58,17233.64,0.5722,2,Auto,2025-05-23,0
5595,5595,2025-05-16,54,760,3355.45,11916.8,0.792,2,Medical,2025-08-14,1
5596,5596,2025-07-27,81,561,8400.64,13758.07,0.7453,1,Auto,2025-10-25,1
5597,5597,2025-06-26,46,634,5771.99,4899.58,0.3809,2,Personal Loan,2025-09-24,0
5598,5598,2025-10-13,59,692,2940.45,18226.26,0.8406,3,Medical,2026-01-11,1
5599,5599,2025-12-12,51,722,2564.16,4582.01,0.8634,0,Auto,2026-03-12,0
5600,5600,2025-03-27,35,728,7488.89,22189.85,0.2442,2,Credit Card,2025-06-25,0
5601,5601,2025-10-24,80,555,4480.79,11622.38,0.1337,2,Medical,2026-01-22,0
5602,5602,2025-02-15,37,820,2214.81,16054.27,0.5127,1,Medical,2025-05-16,0
5603,5603,2025-12-19,71,423,1993.4,23083.88,0.8968,2,Credit Card,2026-03-19,1
5604,5604,2025-08-07,54,617,2691.31,18579.52,0.8371,3,Auto,2025-11-05,1
5605,5605,2025-12-17,61,664,2545.88,13750.77,0.6152,0,Personal Loan,2026-03-17,0
5606,5606,2025-12-02,68,444,1770.94,10365.6,0.4979,1,Auto,2026-03-02,1
5607,5607,2025-01-09,66,600,2711.4,11822.31,0.7092,1,Auto,2025-04-09,0
5608,5608,2025-12-22,50,658,2940.73,8870.99,0.8531,0,Medical,2026-03-22,0
5609,5609,2025-12-25,55,663,3611.19,23681.5,0.8499,0,Medical,2026-03-25,1
5610,5610,2025-06-05,45,467,9526.28,6695.02,0.7631,1,Auto,2025-09-03,1
5611,5611,2025-06-14,30,531,3943.88,10528.98,0.2918,2,Personal Loan,2025-09-12,0
5612,5612,2025-06-20,65,518,4124.05,19566.49,0.5744,2,Personal Loan,2025-09-18,1
5613,5613,2025-07-20,79,676,5592.41,9426.37,0.6913,0,Auto,2025-10-18,0
5614,5614,2025-08-17,63,551,3996.63,22221.97,0.5729,1,Medical,2025-11-15,1
5615,5615,2025-01-30,69,649,5324.47,6455.28,0.7567,1,Personal Loan,2025-04-30,1
5616,5616,2025-01-14,74,713,5045.62,1267.95,0.7126,3,Credit Card,2025-04-14,0
5617,5617,2025-01-23,33,739,4699.28,15904.4,0.7901,0,Auto,2025-04-23,0
5618,5618,2025-07-18,5,493,15442.98,12952.21,0.5644,0,Auto,2025-10-16,1
5619,5619,2025-07-23,30,782,6700.96,23359.92,0.6777,3,Medical,2025-10-21,1
5620,5620,2025-08-18,67,486,2733.19,10866.74,0.5691,2,Personal Loan,2025-11-16,1
5621,5621,2025-04-01,73,428,5253.24,3821.96,0.7105,0,Credit Card,2025-06-30,1
5622,5622,2025-02-15,46,438,3114.17,8578.77,0.3593,2,Auto,2025-05-16,1
5623,5623,2025-04-11,70,500,5436.08,10133.69,0.2776,1,Personal Loan,2025-07-10,0
5624,5624,2025-10-30,6,770,2395.07,14786.73,0.652,0,Auto,2026-01-28,0
5625,5625,2025-06-13,57,503,2701.33,7225.26,0.5021,0,Personal Loan,2025-09-11,1
5626,5626,2025-07-15,61,698,5191.4,13982.68,0.8272,0,Personal Loan,2025-10-13,1
5627,5627,2025-02-09,45,587,6967.08,22747.12,0.7423,1,Credit Card,2025-05-10,1
5628,5628,2025-11-13,64,436,5575.79,10881.39,0.4817,0,Medical,2026-02-11,1
5629,5629,2025-03-06,44,598,6531.24,16463.45,0.83,0,Personal Loan,2025-06-04,0
5630,5630,2025-07-22,47,431,5261.75,6108.02,0.1783,3,Auto,2025-10-20,1
5631,5631,2025-12-29,54,610,4806.01,20132.51,0.3199,2,Auto,2026-03-29,0
5632,5632,2025-04-23,71,644,3545.16,7106.93,0.8703,2,Auto,2025-07-22,1
5633,5633,2025-06-21,22,629,6411.51,14705.17,0.9596,2,Personal Loan,2025-09-19,1
5634,5634,2025-05-17,27,533,7052.91,7856.06,0.786,1,Personal Loan,2025-08-15,0
5635,5635,2025-04-17,37,727,4322.54,2151.36,0.8564,1,Personal Loan,2025-07-16,0
5636,5636,2025-12-15,18,659,4219.13,8331.74,0.5985,2,Personal Loan,2026-03-15,1
5637,5637,2025-09-25,30,522,9100.94,5694.75,0.8701,2,Medical,2025-12-24,0
5638,5638,2025-06-14,31,594,4406.39,22370.51,0.8417,1,Personal Loan,2025-09-12,1
5639,5639,2025-08-08,28,463,4601.14,7020.97,0.7757,4,Medical,2025-11-06,1
5640,5640,2025-07-05,36,790,5529.77,24373.37,0.6303,2,Medical,2025-10-03,0
5641,5641,2025-12-13,45,721,4255.58,12562.47,0.7919,1,Personal Loan,2026-03-13,0
5642,5642,2025-10-04,62,535,3074.34,5916.09,0.7857,1,Credit Card,2026-01-02,1
5643,5643,2025-04-26,27,690,5271.58,10087.93,0.2657,1,Auto,2025-07-25,0
5644,5644,2025-10-25,76,692,4370.18,4994.06,0.624,1,Medical,2026-01-23,1
5645,5645,2025-05-31,43,664,,20925.24,0.7366,0,Credit Card,2025-08-29,0
5646,5646,2025-12-02,64,441,6341.06,3439.25,0.5182,0,Auto,2026-03-02,1
5647,5647,2025-01-08,10,772,3401.71,21901.43,0.8412,1,Medical,2025-04-08,0
5648,5648,2025-09-10,15,803,6173.84,1624.97,0.8361,1,Credit Card,2025-12-09,0
5649,5649,2025-08-20,40,810,5107.88,7840.39,0.704,2,Personal Loan,2025-11-18,1
5650,5650,2025-04-19,32,813,8016.38,3927.22,0.8332,2,Personal Loan,2025-07-18,0
5651,5651,2025-08-14,44,792,3512.19,17289.01,0.8688,0,Auto,2025-11-12,0
5652,5652,2025-02-24,14,716,4841.13,13051.88,0.7286,2,Auto,2025-05-25,0
5653,5653,2025-02-28,42,442,4253.12,23513.82,0.1673,1,Auto,2025-05-29,0
5654,5654,2025-06-17,61,606,4565.65,9471.43,0.5541,1,Credit Card,2025-09-15,0
5655,5655,2025-11-05,65,518,2985.91,1498.35,0.845,2,Personal Loan,2026-02-03,1
5656,5656,2025-02-04,22,508,5762.69,19160.65,0.5503,0,Auto,2025-05-05,1
5657,5657,2025-04-03,30,753,5367.32,14697.77,0.2992,1,Credit Card,2025-07-02,1
5658,5658,2025-11-30,47,745,7929.54,20772.16,0.2862,0,Auto,2026-02-28,0
5659,5659,2025-06-11,46,629,4427.05,10940.4,0.6354,1,Credit Card,2025-09-09,0
5660,5660,2025-12-24,71,715,3694.76,18585.44,0.7669,1,Credit Card,2026-03-24,1
5661,5661,2025-03-17,35,471,6343.48,4691.11,0.2247,2,Personal Loan,2025-06-15,1
5662,5662,2025-07-10,60,509,3110.72,24988.4,0.5212,1,Auto,2025-10-08,1
5663,5663,2025-05-11,79,765,7246.28,4754.35,0.6875,0,Credit Card,2025-08-09,0
5664,5664,2025-01-15,26,600,7239.29,20830.12,0.64,3,Auto,2025-04-15,0
5665,5665,2025-11-23,74,639,7830.45,5704.74,0.4552,2,Medical,2026-02-21,0
5666,5666,2025-04-19,29,605,5268.39,19671.45,0.7383,0,Personal Loan,2025-07-18,1
5667,5667,2025-01-27,30,501,3572.7,21600.68,0.5791,1,Personal Loan,2025-04-27,1
5668,5668,2025-05-22,58,751,4671.03,21977.7,0.6912,1,Auto,2025-08-20,0
5669,5669,2025-07-12,55,724,5276.57,12155.1,0.6991,1,Medical,2025-10-10,0
5670,5670,2025-05-23,49,694,3456.24,11005.92,0.5717,0,Credit Card,2025-08-21,0
5671,5671,2025-04-24,20,561,8102.29,20927.88,0.5735,0,Medical,2025-07-23,0
5672,5672,2025-09-14,8,677,5773.52,14697.49,0.6657,1,Personal Loan,2025-12-13,0
5673,5673,2025-09-14,81,802,2976.49,15721.28,0.1947,2,Auto,2025-12-13,1
5674,5674,2025-12-25,78,680,10376.44,6283.64,0.2292,2,Medical,2026-03-25,1
5675,5675,2025-02-18,79,618,4646.29,11430.85,0.7186,2,Personal Loan,2025-05-19,1
5676,5676,2025-01-09,46,528,2718.01,9551.5,0.7463,0,Medical,2025-04-09,1
5677,5677,2025-11-10,79,629,3060.66,16800.38,0.8711,0,Auto,2026-02-08,0
5678,5678,2025-12-19,42,569,8686.3,5313.84,0.5962,0,Credit Card,2026-03-19,1
5679,5679,2025-08-28,6,665,10109.62,10440.92,0.7788,1,Auto,2025-11-26,0
5680,5680,2025-12-01,17,438,7004.22,21293.94,0.946,4,Personal Loan,2026-03-01,1
5681,5681,2025-08-10,24,496,8052.11,13887.92,0.6763,0,Credit Card,2025-11-08,1
5682,5682,2025-11-09,33,735,7688.47,22453.08,0.7224,1,Credit Card,2026-02-07,0
5683,5683,2025-06-26,84,572,5713.64,6196.92,0.8821,1,Credit Card,2025-09-24,1
5684,5684,2025-06-09,29,593,5156.79,11277.63,0.7682,1,Auto,2025-09-07,1
5685,5685,2025-07-24,55,638,5669.97,12760.2,0.4613,2,Credit Card,2025-10-22,1
5686,5686,2025-05-23,24,595,6193.2,10313.9,0.752,2,Medical,2025-08-21,0
5687,5687,2025-05-20,57,724,3185.23,17270.09,0.744,2,Personal Loan,2025-08-18,0
5688,5688,2025-06-25,51,518,6181.9,4143.64,0.3994,0,Credit Card,2025-09-23,1
5689,5689,2025-08-22,13,724,,13225.31,0.6842,2,Auto,2025-11-20,0
5690,5690,2025-08-27,41,503,4052.67,3899.92,0.7835,0,Medical,2025-11-25,1
5691,5691,2025-01-07,9,568,3862.38,15915.34,0.7004,1,Medical,2025-04-07,1
5692,5692,2025-04-06,80,655,5510.69,20841.08,0.5449,0,Auto,2025-07-05,0
5693,5693,2025-04-04,63,775,3319.78,989.93,0.5414,1,Auto,2025-07-03,1
5694,5694,2025-05-27,84,513,2458.81,11694.94,0.4483,2,Personal Loan,2025-08-25,1
5695,5695,2025-08-21,78,655,7453.76,12571.24,0.5722,0,Personal Loan,2025-11-19,0
5696,5696,2025-12-17,19,445,3630.3,18146.23,0.6106,0,Auto,2026-03-17,1
5697,5697,2025-09-20,63,450,4484.14,2330.64,0.7609,2,Personal Loan,2025-12-19,1
5698,5698,2025-01-27,9,727,3379.37,10447.51,0.5493,2,Personal Loan,2025-04-27,0
5699,5699,2025-09-06,86,708,7899.38,19744.29,0.5381,1,Personal Loan,2025-12-05,1
5700,5700,2025-03-15,70,570,6528.48,13537.54,0.4088,2,Personal Loan,2025-06-13,0
5701,5701,2025-09-17,61,669,3990.48,18871.23,0.5639,1,Auto,2025-12-16,0
5702,5702,2025-01-16,89,572,2615.07,9418.24,0.6587,2,Credit Card,2025-04-16,1
5703,5703,2025-05-09,76,531,3804.28,23042.15,0.478,2,Personal Loan,2025-08-07,1
5704,5704,2025-08-05,77,592,5747.78,2394.96,0.833,0,Credit Card,2025-11-03,0
5705,5705,2025-03-17,9,545,4841.05,2733.53,0.439,1,Personal Loan,2025-06-15,0
5706,5706,2025-07-09,2,746,4670.84,13447.9,0.7996,0,Medical,2025-10-07,0
5707,5707,2025-06-07,86,585,4891.55,12035.18,0.9884,0,Medical,2025-09-05,1
5708,5708,2025-01-24,22,548,6257.01,16142.45,0.5977,1,Medical,2025-04-24,0
5709,5709,2025-05-14,38,634,4364.08,6111.88,0.8328,2,Personal Loan,2025-08-12,0
5710,5710,2025-06-18,3,723,5445.29,6037.69,0.6356,0,Personal Loan,2025-09-16,0
5711,5711,2025-07-27,56,529,2852.32,18853.18,0.5565,1,Medical,2025-10-25,1
5712,5712,2025-03-13,73,796,14033.92,7648.25,0.7357,0,Medical,2025-06-11,1
5713,5713,2025-10-24,75,605,3913.8,18318.65,0.7621,0,Medical,2026-01-22,0
5714,5714,2025-08-24,52,685,4873.74,16197.32,0.7633,0,Credit Card,2025-11-22,0
5715,5715,2025-10-09,59,803,5738.25,2541.52,0.7657,1,Auto,2026-01-07,0
5716,5716,2025-10-23,46,593,3696.51,17922.68,0.7442,4,Medical,2026-01-21,1
5717,5717,2025-10-05,40,500,,22048.13,0.5712,0,Personal Loan,2026-01-03,0
5718,5718,2025-02-09,49,719,4438.42,20507.83,0.5594,0,Auto,2025-05-10,1
5719,5719,2025-05-20,84,422,2947.41,717.12,0.7212,2,Personal Loan,2025-08-18,1
5720,5720,2025-10-03,22,603,5417.37,13722.99,0.7398,1,Medical,2026-01-01,1
5721,5721,2025-05-21,42,812,2117.2,22876.76,0.4024,1,Medical,2025-08-19,0
5722,5722,2025-06-10,54,586,9786.1,15168.78,0.6021,0,Auto,2025-09-08,0
5723,5723,2025-05-28,51,694,6353.98,7612.99,0.6807,3,Personal Loan,2025-08-26,1
5724,5724,2025-07-07,2,630,5928.97,5266.34,0.5761,1,Medical,2025-10-05,0
5725,5725,2025-01-12,25,506,2035.53,17281.21,0.7539,0,Personal Loan,2025-04-12,1
5726,5726,2025-06-14,58,547,3113.06,19395.72,0.8562,1,Medical,2025-09-12,0
5727,5727,2025-08-21,62,629,8309.92,22858.33,0.9293,1,Auto,2025-11-19,0
5728,5728,2025-09-19,66,461,28797.93,22690.06,0.6404,1,Medical,2025-12-18,1
5729,5729,2025-08-08,89,586,7612.99,8812.36,0.3728,1,Credit Card,2025-11-06,1
5730,5730,2025-09-17,60,586,7091.3,15294.98,0.1714,2,Credit Card,2025-12-16,0
5731,5731,2025-01-24,52,754,5632.1,2987.22,0.3514,0,Credit Card,2025-04-24,1
5732,5732,2025-08-03,29,469,3037.0,2814.33,0.3342,1,Medical,2025-11-01,0
5733,5733,2025-08-29,33,757,6959.26,2250.98,0.4171,0,Credit Card,2025-11-27,0
5734,5734,2025-03-24,74,584,2709.33,23215.03,0.6985,0,Auto,2025-06-22,1
5735,5735,2025-05-24,42,681,2579.21,4234.59,0.4239,0,Auto,2025-08-22,0
5736,5736,2025-05-19,64,643,2507.17,12316.99,0.7304,1,Auto,2025-08-17,1
5737,5737,2025-01-19,11,540,,11110.27,0.9062,1,Credit Card,2025-04-19,1
5738,5738,2025-10-25,11,793,4333.64,8456.89,0.8377,0,Personal Loan,2026-01-23,0
5739,5739,2025-07-30,19,510,4653.55,13674.4,0.6204,4,Personal Loan,2025-10-28,1
5740,5740,2025-04-25,17,434,4416.35,568.38,0.4192,1,Auto,2025-07-24,0
5741,5741,2025-12-16,54,720,2679.61,9813.66,0.3625,1,Personal Loan,2026-03-16,1
5742,5742,2025-12-02,57,669,3288.45,12243.93,0.6702,0,Personal Loan,2026-03-02,1
5743,5743,2025-01-25,50,777,3363.74,20180.96,0.6004,3,Credit Card,2025-04-25,1
5744,5744,2025-04-16,26,603,2362.86,17673.6,0.8365,2,Medical,2025-07-15,1
5745,5745,2025-12-11,51,426,3544.33,21319.16,0.5451,1,Auto,2026-03-11,1
5746,5746,2025-07-20,10,428,2733.7,9719.31,0.6744,1,Medical,2025-10-18,1
5747,5747,2025-05-28,42,593,5767.27,3952.19,0.4991,0,Credit Card,2025-08-26,1
5748,5748,2025-08-12,13,520,5987.55,10325.88,0.7556,2,Auto,2025-11-10,1
5749,5749,2025-10-12,6,789,2484.59,24094.96,0.7658,3,Medical,2026-01-10,0
5750,5750,2025-03-03,14,467,3891.37,5751.03,0.3787,0,Auto,2025-06-01,0
5751,5751,2025-03-27,10,773,10251.99,4781.51,0.7413,2,Medical,2025-06-25,0
5752,5752,2025-06-29,43,506,2860.23,23636.26,0.57,1,Auto,2025-09-27,1
5753,5753,2025-03-10,49,467,5388.31,23773.12,0.7856,1,Personal Loan,2025-06-08,1
5754,5754,2025-04-06,54,530,4663.33,4156.3,0.2243,1,Personal Loan,2025-07-05,0
5755,5755,2025-02-19,39,477,7272.09,19351.6,0.5457,0,Credit Card,2025-05-20,1
5756,5756,2025-03-29,15,580,5079.46,11028.69,0.5145,1,Medical,2025-06-27,0
5757,5757,2025-08-06,1,552,3662.56,12559.29,0.5397,0,Auto,2025-11-04,1
5758,5758,2025-06-27,64,632,4582.7,12717.86,0.5279,1,Auto,2025-09-25,0
5759,5759,2025-08-03,88,635,4612.92,24225.1,0.2756,2,Credit Card,2025-11-01,1
5760,5760,2025-04-19,25,420,4267.3,5024.2,0.9174,0,Auto,2025-07-18,1
5761,5761,2025-10-01,18,470,2456.27,19440.06,0.6512,1,Medical,2025-12-30,1
5762,5762,2025-08-05,28,484,7780.61,639.02,0.7699,0,Personal Loan,2025-11-03,0
5763,5763,2025-01-09,19,498,7186.04,15900.95,0.6504,2,Personal Loan,2025-04-09,1
5764,5764,2025-09-16,20,457,2779.75,16490.61,0.7482,0,Auto,2025-12-15,1
5765,5765,2025-08-29,44,546,3884.2,18965.8,0.8175,2,Credit Card,2025-11-27,0
5766,5766,2025-09-23,70,640,4018.69,23186.08,0.8905,2,Credit Card,2025-12-22,1
5767,5767,2025-08-02,64,543,2642.73,18968.96,0.7432,4,Personal Loan,2025-10-31,1
5768,5768,2025-03-18,86,551,1919.73,18437.53,0.7463,2,Credit Card,2025-06-16,1
5769,5769,2025-10-18,32,608,3288.65,6717.79,0.5394,2,Credit Card,2026-01-16,1
5770,5770,2025-05-03,44,639,3788.1,24824.57,0.642,1,Personal Loan,2025-08-01,0
5771,5771,2025-03-23,34,552,2324.93,11976.02,0.7432,2,Auto,2025-06-21,0
5772,5772,2025-12-21,3,508,4815.72,10727.53,0.3946,2,Auto,2026-03-21,1
5773,5773,2025-08-01,34,584,7504.7,12796.0,0.2649,2,Personal Loan,2025-10-30,0
5774,5774,2025-12-01,23,429,6496.07,10154.38,0.1764,0,Personal Loan,2026-03-01,1
5775,5775,2025-05-13,43,617,4200.64,15044.12,0.496,1,Auto,2025-08-11,1
5776,5776,2025-12-02,14,797,1942.66,9065.8,0.8053,3,Medical,2026-03-02,0
5777,5777,2025-12-21,66,579,6136.85,6378.65,0.5232,2,Medical,2026-03-21,1
5778,5778,2025-08-11,75,463,4749.89,23235.88,0.6949,0,Auto,2025-11-09,1
5779,5779,2025-04-23,86,703,5382.77,23231.8,0.6183,1,Medical,2025-07-22,0
5780,5780,2025-07-24,7,470,10627.99,12658.01,0.5534,1,Personal Loan,2025-10-22,0
5781,5781,2025-08-04,10,497,3068.16,24072.61,0.6127,2,Personal Loan,2025-11-02,1
5782,5782,2025-07-14,86,478,1219.67,10685.07,0.5673,1,Auto,2025-10-12,1
5783,5783,2025-04-27,76,774,2768.18,9990.78,0.3724,0,Personal Loan,2025-07-26,0
5784,5784,2025-09-24,52,813,5534.3,22964.2,0.9174,1,Medical,2025-12-23,0
5785,5785,2025-09-20,28,648,4501.28,16006.47,0.4546,0,Credit Card,2025-12-19,1
5786,5786,2025-01-17,46,667,2573.35,19181.68,0.5142,1,Medical,2025-04-17,1
5787,5787,2025-08-19,48,678,2347.55,10612.22,0.8298,1,Credit Card,2025-11-17,1
5788,5788,2025-02-28,76,664,3791.15,10471.54,0.5665,2,Personal Loan,2025-05-29,1
5789,5789,2025-12-17,47,638,2538.32,2540.94,0.7775,1,Personal Loan,2026-03-17,0
5790,5790,2025-04-09,2,815,5621.11,24185.23,0.4352,0,Auto,2025-07-08,0
5791,5791,2025-08-10,62,713,3695.45,6084.99,0.8285,3,Personal Loan,2025-11-08,1
5792,5792,2025-08-24,69,455,3353.62,12609.54,0.5201,0,Medical,2025-11-22,0
5793,5793,2025-10-15,26,577,3161.42,3307.95,0.5751,1,Medical,2026-01-13,1
5794,5794,2025-04-07,10,810,5006.06,16350.36,0.4773,2,Auto,2025-07-06,0
5795,5795,2025-10-27,12,581,4533.16,10076.45,0.4851,1,Auto,2026-01-25,0
5796,5796,2025-02-21,75,501,4870.15,19307.72,0.3308,2,Personal Loan,2025-05-22,0
5797,5797,2025-01-04,40,768,4822.55,13445.28,0.6735,1,Credit Card,2025-04-04,0
5798,5798,2025-02-05,47,669,4304.91,3672.24,0.9043,3,Medical,2025-05-06,1
5799,5799,2025-01-17,86,645,2793.61,763.14,0.8517,1,Credit Card,2025-04-17,0
5800,5800,2025-11-24,5,588,3201.35,5704.99,0.8944,1,Personal Loan,2026-02-22,1
5801,5801,2025-01-30,18,469,3723.41,18246.49,0.5704,1,Auto,2025-04-30,1
5802,5802,2025-09-04,74,573,11263.67,20798.6,0.3306,2,Auto,2025-12-03,1
5803,5803,2025-07-13,48,595,2423.63,8862.71,0.6042,0,Credit Card,2025-10-11,1
5804,5804,2025-06-03,2,793,3682.92,13630.16,0.3217,0,Credit Card,2025-09-01,0
5805,5805,2025-03-03,63,543,4648.13,6380.33,0.6174,2,Personal Loan,2025-06-01,1
5806,5806,2025-02-05,12,479,3879.65,22070.86,0.598,1,Medical,2025-05-06,0
5807,5807,2025-07-01,70,591,7210.45,24147.58,0.3908,3,Credit Card,2025-09-29,1
5808,5808,2025-08-21,71,819,3870.64,18947.03,0.4439,1,Credit Card,2025-11-19,0
5809,5809,2025-08-22,74,613,4001.63,2677.72,0.6874,2,Credit Card,2025-11-20,1
5810,5810,2025-08-15,41,572,6416.21,11209.41,0.5582,0,Credit Card,2025-11-13,1
5811,5811,2025-05-27,24,687,10044.9,24767.39,0.6935,2,Auto,2025-08-25,0
5812,5812,2025-01-03,79,680,8378.08,6119.93,0.82,4,Credit Card,2025-04-03,0
5813,5813,2025-10-21,50,540,4181.84,16926.56,0.4847,0,Auto,2026-01-19,0
5814,5814,2025-04-28,57,808,4349.08,23494.81,0.2963,2,Personal Loan,2025-07-27,1
5815,5815,2025-08-31,12,657,4541.55,19443.48,0.2023,1,Auto,2025-11-29,0
5816,5816,2025-10-07,56,443,4751.19,15417.07,0.2737,0,Medical,2026-01-05,1
5817,5817,2025-12-29,52,583,3037.21,12914.28,0.892,2,Personal Loan,2026-03-29,1
5818,5818,2025-11-12,26,790,6778.2,23255.95,0.7341,2,Credit Card,2026-02-10,0
5819,5819,2025-11-14,69,577,4880.36,10170.97,0.4141,1,Auto,2026-02-12,0
5820,5820,2025-04-03,12,647,4358.2,22581.09,0.8935,1,Personal Loan,2025-07-02,0
5821,5821,2025-08-19,64,665,2509.87,11060.8,0.3666,2,Auto,2025-11-17,1
5822,5822,2025-06-12,86,702,4573.48,19035.35,0.2577,0,Personal Loan,2025-09-10,1
5823,5823,2025-06-29,51,769,1897.05,22934.99,0.6846,1,Personal Loan,2025-09-27,1
5824,5824,2025-10-10,9,479,3422.95,13990.75,0.5939,1,Personal Loan,2026-01-08,1
5825,5825,2025-12-12,49,627,3451.64,8092.06,0.7131,1,Credit Card,2026-03-12,0
5826,5826,2025-08-06,47,633,5060.13,1749.17,0.4567,2,Personal Loan,2025-11-04,1
5827,5827,2025-02-16,49,481,10362.33,20326.87,0.6944,3,Credit Card,2025-05-17,1
5828,5828,2025-05-09,24,690,5752.32,15739.24,0.5291,1,Personal Loan,2025-08-07,0
5829,5829,2025-03-20,56,467,8533.72,6944.62,0.291,1,Personal Loan,2025-06-18,1
5830,5830,2025-12-21,23,602,5945.24,21996.59,0.5304,1,Medical,2026-03-21,1
5831,5831,2025-12-19,50,552,7378.12,23047.42,0.8328,1,Medical,2026-03-19,1
5832,5832,2025-07-06,53,482,10256.91,22235.57,0.2634,0,Credit Card,2025-10-04,0
5833,5833,2025-03-13,58,749,3199.26,15237.19,0.6106,4,Medical,2025-06-11,0
5834,5834,2025-08-17,71,517,3106.66,24426.25,0.9327,5,Credit Card,2025-11-15,0
5835,5835,2025-12-09,79,522,6008.71,21932.74,0.8379,0,Credit Card,2026-03-09,1
5836,5836,2025-07-03,69,762,4439.71,3054.38,0.4776,0,Medical,2025-10-01,0
5837,5837,2025-03-25,71,771,4910.64,24537.1,0.9413,3,Medical,2025-06-23,1
5838,5838,2025-02-16,78,433,3976.27,13945.76,0.4157,1,Credit Card,2025-05-17,0
5839,5839,2025-08-08,21,531,3400.52,23040.88,0.2078,3,Auto,2025-11-06,1
5840,5840,2025-07-19,26,704,9221.97,19128.37,0.8853,1,Medical,2025-10-17,1
5841,5841,2025-05-05,47,732,2710.97,16365.38,0.801,0,Personal Loan,2025-08-03,0
5842,5842,2025-04-13,41,820,6056.43,8503.47,0.5507,1,Auto,2025-07-12,0
5843,5843,2025-10-06,63,642,5630.21,1162.24,0.3824,1,Medical,2026-01-04,0
5844,5844,2025-01-09,0,423,2185.16,7280.04,0.4666,1,Auto,2025-04-09,1
5845,5845,2025-09-19,12,770,3059.93,17302.6,0.7705,4,Auto,2025-12-18,0
5846,5846,2025-03-01,67,484,3300.37,21646.32,0.2886,3,Auto,2025-05-30,1
5847,5847,2025-12-24,73,468,5733.39,557.49,0.2891,2,Medical,2026-03-24,1
5848,5848,2025-12-05,27,690,3770.01,5595.36,0.5986,1,Auto,2026-03-05,0
5849,5849,2025-02-01,27,662,4279.04,16990.16,0.723,2,Personal Loan,2025-05-02,1
5850,5850,2025-10-20,50,444,2307.82,7449.06,0.2559,0,Medical,2026-01-18,0
5851,5851,2025-08-04,42,487,12665.79,3971.72,0.5906,1,Credit Card,2025-11-02,0
5852,5852,2025-01-09,15,656,4591.85,2507.43,0.6648,1,Personal Loan,2025-04-09,0
5853,5853,2025-05-01,45,522,5566.66,16128.04,0.4176,3,Medical,2025-07-30,1
5854,5854,2025-08-11,73,694,3486.73,15074.07,0.575,1,Auto,2025-11-09,1
5855,5855,2025-02-21,65,585,3315.35,21536.03,0.5798,2,Credit Card,2025-05-22,1
5856,5856,2025-08-03,73,655,10516.58,8213.52,0.844,0,Medical,2025-11-01,0
5857,5857,2025-04-27,57,610,1877.08,3849.61,0.6436,1,Auto,2025-07-26,0
5858,5858,2025-06-21,78,566,5041.16,20079.3,0.4734,2,Personal Loan,2025-09-19,0
5859,5859,2025-02-24,22,557,2578.14,24710.56,0.5183,2,Auto,2025-05-25,1
5860,5860,2025-02-22,4,699,3706.15,9329.54,0.6974,2,Personal Loan,2025-05-23,0
5861,5861,2025-12-09,10,626,3337.1,21701.07,0.8534,0,Auto,2026-03-09,1
5862,5862,2025-12-08,89,658,2853.52,19182.36,0.4844,2,Auto,2026-03-08,1
5863,5863,2025-10-23,57,651,4518.56,22833.84,0.4783,1,Credit Card,2026-01-21,0
5864,5864,2025-07-09,22,503,1400.22,10897.13,0.7507,1,Medical,2025-10-07,1
5865,5865,2025-12-05,76,786,3858.49,2981.89,0.2496,2,Auto,2026-03-05,1
5866,5866,2025-09-25,27,645,4270.0,3399.73,0.6625,3,Credit Card,2025-12-24,1
5867,5867,2025-07-18,53,707,2412.27,19198.36,0.4986,4,Credit Card,2025-10-16,1
5868,5868,2025-11-07,22,773,8786.3,21651.63,0.9266,2,Medical,2026-02-05,0
5869,5869,2025-11-12,8,790,3403.28,11696.91,0.4525,1,Personal Loan,2026-02-10,0
5870,5870,2025-12-18,24,687,3996.33,1959.49,0.165,5,Personal Loan,2026-03-18,0
5871,5871,2025-12-30,20,735,3406.71,2134.3,0.2756,1,Personal Loan,2026-03-30,0
5872,5872,2025-02-09,49,609,4286.8,15165.71,0.2243,1,Medical,2025-05-10,1
5873,5873,2025-12-24,1,715,8011.75,23006.3,0.5067,3,Personal Loan,2026-03-24,0
5874,5874,2025-05-21,21,548,13532.6,10289.8,0.544,1,Medical,2025-08-19,0
5875,5875,2025-08-28,51,705,6220.08,16440.19,0.6805,2,Personal Loan,2025-11-26,1
5876,5876,2025-07-11,35,454,7256.1,13779.19,0.2596,2,Credit Card,2025-10-09,0
5877,5877,2025-04-24,57,786,9627.63,22299.07,0.8728,2,Auto,2025-07-23,0
5878,5878,2025-07-31,59,518,4974.06,20893.5,0.547,2,Auto,2025-10-29,1
5879,5879,2025-08-01,86,683,9014.71,5384.04,0.1012,1,Medical,2025-10-30,1
5880,5880,2025-11-29,75,424,6352.35,17099.81,0.5953,1,Personal Loan,2026-02-27,1
5881,5881,2025-12-26,20,482,4744.75,21263.83,0.2643,1,Credit Card,2026-03-26,0
5882,5882,2025-06-25,62,815,5206.45,23291.11,0.526,0,Credit Card,2025-09-23,0
5883,5883,2025-01-20,56,754,1959.34,14953.21,0.7528,0,Auto,2025-04-20,0
5884,5884,2025-10-07,53,509,5071.81,4809.83,0.4936,1,Personal Loan,2026-01-05,0
5885,5885,2025-11-18,71,472,2220.11,14176.69,0.4167,1,Auto,2026-02-16,0
5886,5886,2025-06-14,13,746,2140.15,16812.57,0.8656,2,Auto,2025-09-12,0
5887,5887,2025-04-25,33,817,4850.3,7175.98,0.6659,3,Personal Loan,2025-07-24,0
5888,5888,2025-05-21,73,487,2693.68,24338.54,0.445,3,Medical,2025-08-19,1
5889,5889,2025-06-01,80,686,4432.85,6118.49,0.7215,1,Medical,2025-08-30,0
5890,5890,2025-04-05,3,533,4732.91,22828.14,0.5739,1,Credit Card,2025-07-04,1
5891,5891,2025-05-07,42,718,4828.89,10916.93,0.6017,1,Medical,2025-08-05,0
5892,5892,2025-04-21,23,587,2960.59,513.58,0.8795,1,Credit Card,2025-07-20,1
5893,5893,2025-02-15,15,470,6663.55,13810.58,0.5793,1,Credit Card,2025-05-16,0
5894,5894,2025-08-21,5,550,4272.03,15893.0,0.8218,0,Auto,2025-11-19,1
5895,5895,2025-05-21,48,635,5423.43,21799.4,0.5191,4,Auto,2025-08-19,1
5896,5896,2025-01-21,60,740,2595.68,13743.8,0.936,1,Credit Card,2025-04-21,1
5897,5897,2025-08-16,47,428,4104.14,2806.17,0.3229,0,Personal Loan,2025-11-14,1
5898,5898,2025-04-24,33,804,7286.53,23206.93,0.5573,1,Medical,2025-07-23,0
5899,5899,2025-02-20,69,680,6881.42,14351.19,0.2969,1,Personal Loan,2025-05-21,0
5900,5900,2025-09-04,58,770,3106.4,7152.51,0.3284,2,Credit Card,2025-12-03,0
5901,5901,2025-09-11,81,792,3479.0,22522.04,0.353,1,Medical,2025-12-10,0
5902,5902,2025-02-02,31,481,2850.05,3462.38,0.8396,0,Personal Loan,2025-05-03,0
5903,5903,2025-10-04,21,457,3309.7,2888.33,0.6391,1,Auto,2026-01-02,1
5904,5904,2025-07-17,41,731,2369.47,13607.72,0.7559,2,Auto,2025-10-15,1
5905,5905,2025-02-26,45,495,4178.97,15809.66,0.4302,3,Medical,2025-05-27,0
5906,5906,2025-06-17,41,479,5913.02,13018.5,0.9029,3,Medical,2025-09-15,1
5907,5907,2025-12-29,74,607,3123.55,23260.31,0.1897,3,Credit Card,2026-03-29,0
5908,5908,2025-01-24,4,786,4269.39,6939.11,0.7444,0,Medical,2025-04-24,0
5909,5909,2025-06-28,47,739,4026.99,24760.76,0.3701,0,Auto,2025-09-26,0
5910,5910,2025-01-28,38,627,7149.54,974.06,0.571,1,Medical,2025-04-28,1
5911,5911,2025-03-15,18,498,3377.14,3404.08,0.6225,2,Credit Card,2025-06-13,0
5912,5912,2025-08-08,57,554,3432.87,5049.07,0.786,0,Auto,2025-11-06,1
5913,5913,2025-08-03,72,696,3039.02,2449.61,0.5524,0,Personal Loan,2025-11-01,0
5914,5914,2025-07-12,49,482,2665.43,11236.34,0.6412,1,Auto,2025-10-10,1
5915,5915,2025-08-01,7,630,5642.79,21701.62,0.8699,0,Credit Card,2025-10-30,0
5916,5916,2025-09-21,6,424,4184.74,20608.6,0.7296,0,Credit Card,2025-12-20,1
5917,5917,2025-06-21,37,550,4558.11,18746.54,0.2788,0,Medical,2025-09-19,0
5918,5918,2025-08-16,60,519,7891.87,681.53,0.5576,3,Medical,2025-11-14,0
5919,5919,2025-11-22,28,693,8098.52,21709.8,0.7132,2,Personal Loan,2026-02-20,0
5920,5920,2025-06-29,27,786,2120.05,10214.23,0.6963,1,Medical,2025-09-27,0
5921,5921,2025-02-13,77,478,5952.26,18425.12,0.8751,2,Medical,2025-05-14,1
5922,5922,2025-06-07,1,739,4922.35,18309.51,0.6092,2,Credit Card,2025-09-05,0
5923,5923,2025-09-12,7,683,3612.97,4849.27,0.4387,1,Personal Loan,2025-12-11,0
5924,5924,2025-04-27,14,808,5153.64,13127.17,0.4241,1,Auto,2025-07-26,0
5925,5925,2025-05-06,88,785,2044.95,23191.43,0.3302,1,Medical,2025-08-04,0
5926,5926,2025-01-15,44,460,8588.58,6944.69,0.75,2,Personal Loan,2025-04-15,1
5927,5927,2025-12-07,14,718,5606.74,18018.18,0.6719,4,Credit Card,2026-03-07,1
5928,5928,2025-01-29,27,657,3012.91,23972.25,0.4611,1,Personal Loan,2025-04-29,0
5929,5929,2025-11-12,87,465,3417.16,9335.46,0.6124,1,Personal Loan,2026-02-10,1
5930,5930,2025-07-30,62,523,2066.44,9997.02,0.1982,1,Auto,2025-10-28,1
5931,5931,2025-09-28,20,791,3861.15,11587.78,0.1922,0,Auto,2025-12-27,1
5932,5932,2025-07-31,21,637,3578.76,20321.46,0.7739,0,Personal Loan,2025-10-29,1
5933,5933,2025-02-02,6,555,2449.65,11262.48,0.9887,1,Auto,2025-05-03,0
5934,5934,2025-01-17,69,548,6307.63,12413.03,0.5121,2,Medical,2025-04-17,1
5935,5935,2025-04-10,12,755,7899.53,5946.78,0.5121,0,Auto,2025-07-09,0
5936,5936,2025-06-08,25,533,4392.65,24714.45,0.8778,3,Auto,2025-09-06,1
5937,5937,2025-12-17,31,483,,22362.68,0.5325,1,Credit Card,2026-03-17,0
5938,5938,2025-12-13,55,650,5408.59,15206.23,0.3912,1,Credit Card,2026-03-13,0
5939,5939,2025-02-26,54,817,4407.94,24033.72,0.7758,0,Auto,2025-05-27,0
5940,5940,2025-03-10,71,493,2732.63,17331.45,0.6569,2,Auto,2025-06-08,1
5941,5941,2025-12-13,26,522,3315.27,23998.09,0.6343,0,Personal Loan,2026-03-13,0
5942,5942,2025-10-08,34,608,3891.71,4457.63,0.7252,2,Credit Card,2026-01-06,0
5943,5943,2025-05-16,34,500,4972.53,6023.71,0.645,1,Credit Card,2025-08-14,1
5944,5944,2025-07-05,4,680,4465.79,22186.97,0.5709,1,Personal Loan,2025-10-03,1
5945,5945,2025-01-13,66,521,4888.62,10786.92,0.4542,2,Credit Card,2025-04-13,1
5946,5946,2025-10-11,48,471,2239.1,9593.36,0.3205,2,Personal Loan,2026-01-09,1
5947,5947,2025-10-27,42,524,5999.0,18981.22,0.4507,1,Personal Loan,2026-01-25,0
5948,5948,2025-04-10,89,793,4453.91,15942.98,0.6538,0,Credit Card,2025-07-09,0
5949,5949,2025-01-27,16,794,14026.72,8929.75,0.6393,1,Credit Card,2025-04-27,0
5950,5950,2025-12-26,87,622,3735.23,10247.58,0.8226,0,Auto,2026-03-26,1
5951,5951,2025-06-25,61,580,5143.85,10505.4,0.9163,1,Credit Card,2025-09-23,0
5952,5952,2025-05-12,19,748,15885.29,3595.12,0.6193,0,Medical,2025-08-10,0
5953,5953,2025-01-10,61,497,4852.95,6124.07,0.3523,1,Personal Loan,2025-04-10,1
5954,5954,2025-08-17,68,682,4313.76,13669.49,0.3121,0,Medical,2025-11-15,0
5955,5955,2025-12-21,32,692,2852.31,19654.77,0.4748,3,Auto,2026-03-21,1
5956,5956,2025-09-07,31,704,8845.99,10766.68,0.6647,2,Personal Loan,2025-12-06,0
5957,5957,2025-12-18,75,507,2639.66,9892.14,0.5602,1,Auto,2026-03-18,1
5958,5958,2025-08-30,14,707,5389.48,16437.65,0.2843,2,Credit Card,2025-11-28,0
5959,5959,2025-09-14,1,665,3593.57,4352.72,0.7187,1,Auto,2025-12-13,0
5960,5960,2025-07-13,59,770,4083.86,9828.38,0.6176,1,Medical,2025-10-11,0
5961,5961,2025-10-24,81,489,2343.1,5599.34,0.8937,0,Credit Card,2026-01-22,0
5962,5962,2025-09-04,45,666,8138.88,16465.33,0.6312,1,Credit Card,2025-12-03,0
5963,5963,2025-08-05,12,752,3924.49,3252.92,0.245,0,Credit Card,2025-11-03,0
5964,5964,2025-09-05,48,531,2573.98,11471.66,0.6328,0,Medical,2025-12-04,0
5965,5965,2025-11-30,22,718,7814.3,15106.46,0.8802,4,Auto,2026-02-28,0
5966,5966,2025-09-27,74,459,3544.45,20925.05,0.8682,1,Personal Loan,2025-12-26,1
5967,5967,2025-06-02,55,707,5169.72,18251.51,0.493,0,Personal Loan,2025-08-31,1
5968,5968,2025-09-23,30,663,6494.02,23600.15,0.7886,3,Auto,2025-12-22,1
5969,5969,2025-11-24,56,497,5504.47,17157.02,0.7273,1,Personal Loan,2026-02-22,0
5970,5970,2025-09-03,60,446,1654.93,9055.15,0.5493,2,Credit Card,2025-12-02,1
5971,5971,2025-07-12,61,718,6080.92,6177.24,0.4766,1,Credit Card,2025-10-10,1
5972,5972,2025-11-29,32,516,4250.21,1886.27,0.7393,1,Personal Loan,2026-02-27,1
5973,5973,2025-05-19,51,619,3835.05,7300.9,0.5904,1,Medical,2025-08-17,0
5974,5974,2025-11-24,3,444,4234.06,3852.79,0.5976,0,Credit Card,2026-02-22,1
5975,5975,2025-07-17,36,806,2154.87,9546.01,0.4092,0,Auto,2025-10-15,0
5976,5976,2025-01-16,34,640,4848.75,17713.16,0.9095,0,Auto,2025-04-16,0
5977,5977,2025-01-21,48,793,2406.73,17454.83,0.649,0,Personal Loan,2025-04-21,0
5978,5978,2025-12-25,85,484,3910.31,8295.08,0.5175,0,Credit Card,2026-03-25,1
5979,5979,2025-04-09,85,502,4771.04,12959.53,0.3675,1,Personal Loan,2025-07-08,1
5980,5980,2025-10-17,43,664,7210.67,5810.9,0.9158,3,Medical,2026-01-15,1
5981,5981,2025-08-25,58,662,3075.35,12822.93,0.6206,0,Medical,2025-11-23,0
5982,5982,2025-08-05,9,737,8545.96,12997.01,0.4135,0,Medical,2025-11-03,0
5983,5983,2025-07-07,43,792,6809.57,7881.77,0.4075,0,Personal Loan,2025-10-05,0
5984,5984,2025-08-11,61,749,3665.67,6856.96,0.4041,2,Credit Card,2025-11-09,1
5985,5985,2025-10-13,61,476,2700.15,24499.57,0.5296,2,Personal Loan,2026-01-11,1
5986,5986,2025-05-22,86,544,2322.23,13659.53,0.5681,1,Personal Loan,2025-08-20,1
5987,5987,2025-08-24,41,786,5025.55,14270.88,0.5986,2,Credit Card,2025-11-22,0
5988,5988,2025-06-07,81,640,3191.42,690.96,0.6647,2,Auto,2025-09-05,1
5989,5989,2025-09-05,88,767,7628.99,4955.1,0.5408,2,Personal Loan,2025-12-04,0
5990,5990,2025-05-19,51,645,3275.46,9237.24,0.8649,1,Credit Card,2025-08-17,0
5991,5991,2025-03-14,8,439,2965.19,24166.53,0.8334,1,Credit Card,2025-06-12,1
5992,5992,2025-12-13,33,609,4940.06,4793.42,0.3957,1,Auto,2026-03-13,0
5993,5993,2025-12-17,68,750,3265.86,7930.6,0.8397,2,Medical,2026-03-17,0
5994,5994,2025-08-07,52,682,4464.21,24758.85,0.3599,2,Auto,2025-11-05,1
5995,5995,2025-08-24,84,473,,12287.16,0.4926,2,Medical,2025-11-22,1
5996,5996,2025-02-27,73,504,4687.96,8300.99,0.8065,3,Credit Card,2025-05-28,1
5997,5997,2025-09-27,5,762,4695.85,16041.79,0.6434,1,Credit Card,2025-12-26,0
5998,5998,2025-10-09,77,812,4877.15,12659.41,0.7583,1,Medical,2026-01-07,0
5999,5999,2025-02-13,32,721,2075.81,23957.5,0.2231,3,Auto,2025-05-14,0
6000,6000,2025-09-11,73,459,5304.59,2538.28,0.6085,2,Credit Card,2025-12-10,1
